Date,Asset,Soft_Weighted_Forecast,Actual_RV22,RMSE,MAE,MAPE
2018-08-21,NDX,0.5816508,0.5962951078156636,0.11030713608546254,0.06909282337239286,7.425931156216438
2018-08-22,NDX,0.57930666,0.5973652459725305,0.11030713608546254,0.06909282337239286,7.425931156216438
2018-08-23,NDX,0.5758379,0.5932040952740042,0.11030713608546254,0.06909282337239286,7.425931156216438
2018-08-24,NDX,0.5725279,0.572437007202802,0.11030713608546254,0.06909282337239286,7.425931156216438
2018-08-27,NDX,0.5698684,0.5469524287602214,0.11030713608546254,0.06909282337239286,7.425931156216438
2018-08-28,NDX,0.56179416,0.4992577730514874,0.11030713608546254,0.06909282337239286,7.425931156216438
2018-08-29,NDX,0.5361102,0.4824856951439104,0.11030713608546254,0.06909282337239286,7.425931156216438
2018-08-30,NDX,0.5220988,0.4762240659968021,0.11030713608546254,0.06909282337239286,7.425931156216438
2018-08-31,NDX,0.50163144,0.4683788999687157,0.11030713608546254,0.06909282337239286,7.425931156216438
2018-09-04,NDX,0.48368925,0.4213774213499029,0.11030713608546254,0.06909282337239286,7.425931156216438
2018-09-05,NDX,0.46187484,0.4670791195476934,0.11030713608546254,0.06909282337239286,7.425931156216438
2018-09-06,NDX,0.47904637,0.4812166922738083,0.11030713608546254,0.06909282337239286,7.425931156216438
2018-09-07,NDX,0.48825723,0.4810602264070505,0.11030713608546254,0.06909282337239286,7.425931156216438
2018-09-10,NDX,0.48596963,0.4822712840256747,0.11030713608546254,0.06909282337239286,7.425931156216438
2018-09-11,NDX,0.48333374,0.4988811341307854,0.11030713608546254,0.06909282337239286,7.425931156216438
2018-09-12,NDX,0.49259388,0.4847329224208704,0.11030713608546254,0.06909282337239286,7.425931156216438
2018-09-13,NDX,0.48974474999999995,0.5087830593730287,0.11030713608546254,0.06909282337239286,7.425931156216438
2018-09-14,NDX,0.4982251200000001,0.5003433794346711,0.11030713608546254,0.06909282337239286,7.425931156216438
2018-09-17,NDX,0.49665919999999997,0.5158347212925997,0.11030713608546254,0.06909282337239286,7.425931156216438
2018-09-18,NDX,0.52622133,0.5295245583611737,0.11030713608546254,0.06909282337239286,7.425931156216438
2018-09-19,NDX,0.5292731,0.5295492055628872,0.11030713608546254,0.06909282337239286,7.425931156216438
2018-09-20,NDX,0.52819157,0.5547906941059998,0.11030713608546254,0.06909282337239286,7.425931156216438
2018-09-21,NDX,0.5401543,0.5577523415750547,0.11030713608546254,0.06909282337239286,7.425931156216438
2018-09-24,NDX,0.54677296,0.5559100992046411,0.11030713608546254,0.06909282337239286,7.425931156216438
2018-09-25,NDX,0.5465632,0.5562610465792034,0.11030713608546254,0.06909282337239286,7.425931156216438
2018-09-26,NDX,0.5445843,0.5349517371848916,0.11030713608546254,0.06909282337239286,7.425931156216438
2018-09-27,NDX,0.5367435,0.5303434469506113,0.11030713608546254,0.06909282337239286,7.425931156216438
2018-09-28,NDX,0.5328148,0.5298448800140377,0.11030713608546254,0.06909282337239286,7.425931156216438
2018-10-01,NDX,0.5246972,0.4969510894360129,0.11030713608546254,0.06909282337239286,7.425931156216438
2018-10-02,NDX,0.50891733,0.4969048944692301,0.11030713608546254,0.06909282337239286,7.425931156216438
2018-10-03,NDX,0.4980172199999999,0.4966574843453844,0.11030713608546254,0.06909282337239286,7.425931156216438
2018-10-04,NDX,0.48928016,0.5813175032444661,0.11030713608546254,0.06909282337239286,7.425931156216438
2018-10-05,NDX,0.54898626,0.5765889904745579,0.11030713608546254,0.06909282337239286,7.425931156216438
2018-10-09,NDX,0.57448846,0.5652557707182786,0.11030713608546254,0.06909282337239286,7.425931156216438
2018-10-12,NDX,0.5733123,1.020375005345113,0.11030713608546254,0.06909282337239286,7.425931156216438
2018-10-15,NDX,0.75074446,1.0276598381855309,0.11030713608546254,0.06909282337239286,7.425931156216438
2018-10-16,NDX,0.83854216,1.125340755429427,0.11030713608546254,0.06909282337239286,7.425931156216438
2018-10-17,NDX,1.0158119,1.1005898786252222,0.11030713608546254,0.06909282337239286,7.425931156216438
2018-10-18,NDX,1.036223,1.150533398926764,0.11030713608546254,0.06909282337239286,7.425931156216438
2018-10-19,NDX,1.148988,1.150670894957962,0.11030713608546254,0.06909282337239286,7.425931156216438
2018-10-22,NDX,1.12738,1.141154020265586,0.11030713608546254,0.06909282337239286,7.425931156216438
2018-10-23,NDX,1.1094236,1.13946364257434,0.11030713608546254,0.06909282337239286,7.425931156216438
2018-10-26,NDX,1.0903466,1.5087205056269275,0.11030713608546254,0.06909282337239286,7.425931156216438
2018-10-30,NDX,1.2422148,1.5533879620679871,0.11030713608546254,0.06909282337239286,7.425931156216438
2018-10-31,NDX,1.3153816,1.594528802331837,0.11030713608546254,0.06909282337239286,7.425931156216438
2018-11-01,NDX,1.4078807000000002,1.6107617321178558,0.11030713608546254,0.06909282337239286,7.425931156216438
2018-11-02,NDX,1.4078807,1.6277032575761683,0.11030713608546254,0.06909282337239286,7.425931156216438
2018-11-05,NDX,1.4078807,1.5993177934601712,0.11030713608546254,0.06909282337239286,7.425931156216438
2018-11-06,NDX,1.4078807,1.591884410720601,0.11030713608546254,0.06909282337239286,7.425931156216438
2018-11-07,NDX,1.4078807,1.6595306377668837,0.11030713608546254,0.06909282337239286,7.425931156216438
2018-11-08,NDX,1.4078807,1.6619548044797094,0.11030713608546254,0.06909282337239286,7.425931156216438
2018-11-09,NDX,1.4078807,1.521264071848638,0.11030713608546254,0.06909282337239286,7.425931156216438
2018-11-13,NDX,1.4078807000000002,1.5243388749538744,0.11030713608546254,0.06909282337239286,7.425931156216438
2018-11-14,NDX,1.4078807,1.5181781599489068,0.11030713608546254,0.06909282337239286,7.425931156216438
2018-11-15,NDX,1.4078807,1.4737516668101305,0.11030713608546254,0.06909282337239286,7.425931156216438
2018-11-16,NDX,1.4078807,1.4747354404424622,0.11030713608546254,0.06909282337239286,7.425931156216438
2018-11-19,NDX,1.4078807,1.5243750621418373,0.11030713608546254,0.06909282337239286,7.425931156216438
2018-11-20,NDX,1.4078807,1.5496707439503692,0.11030713608546254,0.06909282337239286,7.425931156216438
2018-11-21,NDX,1.4078807,1.5523117815109393,0.11030713608546254,0.06909282337239286,7.425931156216438
2018-11-23,NDX,1.4078807,1.555909954373508,0.11030713608546254,0.06909282337239286,7.425931156216438
2018-11-26,NDX,1.4078807,1.4094590692530746,0.11030713608546254,0.06909282337239286,7.425931156216438
2018-11-27,NDX,1.4078807,1.3100863138367662,0.11030713608546254,0.06909282337239286,7.425931156216438
2018-11-28,NDX,1.4078807,1.3492617890698653,0.11030713608546254,0.06909282337239286,7.425931156216438
2018-11-29,NDX,1.4078807,1.3106322407894997,0.11030713608546254,0.06909282337239286,7.425931156216438
2018-11-30,NDX,1.4071217,1.297532984120247,0.11030713608546254,0.06909282337239286,7.425931156216438
2018-12-03,NDX,1.3419062,1.2721720441155244,0.11030713608546254,0.06909282337239286,7.425931156216438
2018-12-04,NDX,1.3155104,1.3925522488652105,0.11030713608546254,0.06909282337239286,7.425931156216438
2018-12-06,NDX,1.4078807,1.376336548591163,0.11030713608546254,0.06909282337239286,7.425931156216438
2018-12-07,NDX,1.4078807,1.474325236332385,0.11030713608546254,0.06909282337239286,7.425931156216438
2018-12-10,NDX,1.4078807,1.4789252442665253,0.11030713608546254,0.06909282337239286,7.425931156216438
2018-12-11,NDX,1.4078807,1.3999969285424796,0.11030713608546254,0.06909282337239286,7.425931156216438
2018-12-12,NDX,1.4078807,1.4036080504974242,0.11030713608546254,0.06909282337239286,7.425931156216438
2018-12-13,NDX,1.4078807,1.377992230426128,0.11030713608546254,0.06909282337239286,7.425931156216438
2018-12-14,NDX,1.4078807,1.35520197548008,0.11030713608546254,0.06909282337239286,7.425931156216438
2018-12-17,NDX,1.4078807,1.4013739691683795,0.11030713608546254,0.06909282337239286,7.425931156216438
2018-12-18,NDX,1.4078807,1.3981216525716198,0.11030713608546254,0.06909282337239286,7.425931156216438
2018-12-19,NDX,1.4078807,1.418184797957839,0.11030713608546254,0.06909282337239286,7.425931156216438
2018-12-20,NDX,1.4078806999999998,1.4393284566196052,0.11030713608546254,0.06909282337239286,7.425931156216438
2018-12-21,NDX,1.4078807,1.4326066283731258,0.11030713608546254,0.06909282337239286,7.425931156216438
2018-12-26,NDX,1.4078807,1.736071591707321,0.11030713608546254,0.06909282337239286,7.425931156216438
2018-12-27,NDX,1.4078807,1.7333242082970648,0.11030713608546254,0.06909282337239286,7.425931156216438
2018-12-28,NDX,1.4078807,1.6948995108542249,0.11030713608546254,0.06909282337239286,7.425931156216438
2018-12-31,NDX,1.4078807,1.6977729072885337,0.11030713608546254,0.06909282337239286,7.425931156216438
2019-01-02,NDX,1.4078807,1.6258177734061288,0.11030713608546254,0.06909282337239286,7.425931156216438
2019-01-03,NDX,1.4078807,1.7132918042740268,0.11030713608546254,0.06909282337239286,7.425931156216438
2019-01-04,NDX,1.4078807,1.8447298236583547,0.11030713608546254,0.06909282337239286,7.425931156216438
2019-01-07,NDX,1.4078807,1.833937990052032,0.11030713608546254,0.06909282337239286,7.425931156216438
2019-01-08,NDX,1.4078807,1.7358634128393515,0.11030713608546254,0.06909282337239286,7.425931156216438
2019-01-09,NDX,1.4078807,1.7368920533019734,0.11030713608546254,0.06909282337239286,7.425931156216438
2019-01-10,NDX,1.4078807,1.6539886497314118,0.11030713608546254,0.06909282337239286,7.425931156216438
2019-01-11,NDX,1.4078807,1.6463200077450246,0.11030713608546254,0.06909282337239286,7.425931156216438
2019-01-14,NDX,1.4078807,1.6519782110839054,0.11030713608546254,0.06909282337239286,7.425931156216438
2019-01-15,NDX,1.4078807,1.674735303302083,0.11030713608546254,0.06909282337239286,7.425931156216438
2019-01-16,NDX,1.4078807,1.6747108488186686,0.11030713608546254,0.06909282337239286,7.425931156216438
2019-01-17,NDX,1.4078807,1.627781107467602,0.11030713608546254,0.06909282337239286,7.425931156216438
2019-01-18,NDX,1.4078807,1.5957994369698552,0.11030713608546254,0.06909282337239286,7.425931156216438
2019-01-22,NDX,1.4078807,1.625264505771704,0.11030713608546254,0.06909282337239286,7.425931156216438
2019-01-23,NDX,1.4078807,1.5834298285022712,0.11030713608546254,0.06909282337239286,7.425931156216438
2019-01-24,NDX,1.4078807,1.5667594730073608,0.11030713608546254,0.06909282337239286,7.425931156216438
2019-01-25,NDX,1.4078807,1.4954882422648994,0.11030713608546254,0.06909282337239286,7.425931156216438
2019-01-28,NDX,1.4078807,1.4589659899119178,0.11030713608546254,0.06909282337239286,7.425931156216438
2019-01-29,NDX,1.4078807,1.1186890826968066,0.11030713608546254,0.06909282337239286,7.425931156216438
2019-01-30,NDX,1.343198,1.190978197801114,0.11030713608546254,0.06909282337239286,7.425931156216438
2019-01-31,NDX,1.3482428,1.2127744137895935,0.11030713608546254,0.06909282337239286,7.425931156216438
2019-02-01,NDX,1.2941941,1.2097012494964594,0.11030713608546254,0.06909282337239286,7.425931156216438
2019-02-04,NDX,1.233344,1.2226793336860906,0.11030713608546254,0.06909282337239286,7.425931156216438
2019-02-05,NDX,1.2035728,1.1051554273550832,0.11030713608546254,0.06909282337239286,7.425931156216438
2019-02-06,NDX,1.1638803,0.8603995566489406,0.11030713608546254,0.06909282337239286,7.425931156216438
2019-02-07,NDX,1.0584384,0.8712283429526522,0.11030713608546254,0.06909282337239286,7.425931156216438
2019-02-08,NDX,1.011586,0.8575611354929764,0.11030713608546254,0.06909282337239286,7.425931156216438
2019-02-11,NDX,0.93932635,0.8494666478755768,0.11030713608546254,0.06909282337239286,7.425931156216438
2019-02-12,NDX,0.8796053,0.8815204894991897,0.11030713608546254,0.06909282337239286,7.425931156216438
2019-02-13,NDX,0.8771162,0.8802752394992113,0.11030713608546254,0.06909282337239286,7.425931156216438
2019-02-14,NDX,0.86072433,0.8682400746260588,0.11030713608546254,0.06909282337239286,7.425931156216438
2019-02-15,NDX,0.8427205,0.8147232763580984,0.11030713608546254,0.06909282337239286,7.425931156216438
2019-02-19,NDX,0.8165394,0.8151243816868224,0.11030713608546254,0.06909282337239286,7.425931156216438
2019-02-20,NDX,0.7963637,0.8065481639082095,0.11030713608546254,0.06909282337239286,7.425931156216438
2019-02-21,NDX,0.77681434,0.7937682678217829,0.11030713608546254,0.06909282337239286,7.425931156216438
2019-02-22,NDX,0.7619505,0.734509656739374,0.11030713608546254,0.06909282337239286,7.425931156216438
2019-02-25,NDX,0.73738015,0.736045743395329,0.11030713608546254,0.06909282337239286,7.425931156216438
2019-02-26,NDX,0.717221,0.728860665492468,0.11030713608546254,0.06909282337239286,7.425931156216438
2019-02-27,NDX,0.6993074,0.7011263901548341,0.11030713608546254,0.06909282337239286,7.425931156216438
2019-02-28,NDX,0.67934525,0.6695407922093262,0.11030713608546254,0.06909282337239286,7.425931156216438
2019-03-01,NDX,0.65824914,0.6628183889372851,0.11030713608546254,0.06909282337239286,7.425931156216438
2019-03-04,NDX,0.64768606,0.5178768959540988,0.11030713608546254,0.06909282337239286,7.425931156216438
2019-03-05,NDX,0.5943217,0.4646720811349766,0.11030713608546254,0.06909282337239286,7.425931156216438
2019-03-06,NDX,0.5392154,0.4695093475142217,0.11030713608546254,0.06909282337239286,7.425931156216438
2019-03-07,NDX,0.5101071,0.468858608000165,0.11030713608546254,0.06909282337239286,7.425931156216438
2019-03-08,NDX,0.5142219,0.4468137929027918,0.11030713608546254,0.06909282337239286,7.425931156216438
2019-03-11,NDX,0.48227194,0.5536363716906929,0.11030713608546254,0.06909282337239286,7.425931156216438
2019-03-12,NDX,0.5727384,0.5182044228722744,0.11030713608546254,0.06909282337239286,7.425931156216438
2019-03-13,NDX,0.56147295,0.532114243815481,0.11030713608546254,0.06909282337239286,7.425931156216438
2019-03-14,NDX,0.5609576,0.5329158727433964,0.11030713608546254,0.06909282337239286,7.425931156216438
2019-03-15,NDX,0.5559603,0.4956216118596111,0.11030713608546254,0.06909282337239286,7.425931156216438
2019-03-18,NDX,0.5501117,0.4973780419631635,0.11030713608546254,0.06909282337239286,7.425931156216438
2019-03-19,NDX,0.529531,0.4996418871059121,0.11030713608546254,0.06909282337239286,7.425931156216438
2019-03-20,NDX,0.5161511,0.4987827466590982,0.11030713608546254,0.06909282337239286,7.425931156216438
2019-03-21,NDX,0.5050952,0.5530019238588452,0.11030713608546254,0.06909282337239286,7.425931156216438
2019-03-22,NDX,0.54317003,0.6588321977136621,0.11030713608546254,0.06909282337239286,7.425931156216438
2019-03-25,NDX,0.6821477,0.6562790766306709,0.11030713608546254,0.06909282337239286,7.425931156216438
2019-03-26,NDX,0.67693496,0.6485638653123468,0.11030713608546254,0.06909282337239286,7.425931156216438
2019-03-27,NDX,0.67281634,0.6528552827903796,0.11030713608546254,0.06909282337239286,7.425931156216438
2019-03-28,NDX,0.67741907,0.6531681370860856,0.11030713608546254,0.06909282337239286,7.425931156216438
2019-03-29,NDX,0.66822416,0.6650511175152422,0.11030713608546254,0.06909282337239286,7.425931156216438
2019-04-01,NDX,0.66485196,0.6969573032807108,0.11030713608546254,0.06909282337239286,7.425931156216438
2019-04-02,NDX,0.6862232,0.6879493274723224,0.11030713608546254,0.06909282337239286,7.425931156216438
2019-04-03,NDX,0.6775284,0.6945665315489709,0.11030713608546254,0.06909282337239286,7.425931156216438
2019-04-04,NDX,0.674333,0.6945023450334665,0.11030713608546254,0.06909282337239286,7.425931156216438
2019-04-05,NDX,0.6682427,0.6921469093852548,0.11030713608546254,0.06909282337239286,7.425931156216438
2019-04-08,NDX,0.66322935,0.6663645857374274,0.11030713608546254,0.06909282337239286,7.425931156216438
2019-04-09,NDX,0.64991677,0.6690890787507713,0.11030713608546254,0.06909282337239286,7.425931156216438
2019-04-10,NDX,0.6448293,0.5877570401173444,0.11030713608546254,0.06909282337239286,7.425931156216438
2019-04-11,NDX,0.6160247,0.5829907161196398,0.11030713608546254,0.06909282337239286,7.425931156216438
2019-04-12,NDX,0.59261835,0.5742208051121597,0.11030713608546254,0.06909282337239286,7.425931156216438
2019-04-15,NDX,0.5721961,0.5734090572952025,0.11030713608546254,0.06909282337239286,7.425931156216438
2019-04-16,NDX,0.5566678,0.5586925630775909,0.11030713608546254,0.06909282337239286,7.425931156216438
2019-04-17,NDX,0.5413158,0.5597150739524038,0.11030713608546254,0.06909282337239286,7.425931156216438
2019-04-18,NDX,0.53373134,0.5578088338323295,0.11030713608546254,0.06909282337239286,7.425931156216438
2019-04-22,NDX,0.5277392,0.5558347153432813,0.11030713608546254,0.06909282337239286,7.425931156216438
2019-04-23,NDX,0.523211,0.5392497044410041,0.11030713608546254,0.06909282337239286,7.425931156216438
2019-04-24,NDX,0.53670204,0.4065909839939971,0.11030713608546254,0.06909282337239286,7.425931156216438
2019-04-25,NDX,0.49542618,0.411465538471512,0.11030713608546254,0.06909282337239286,7.425931156216438
2019-04-26,NDX,0.4612586,0.4052402239171622,0.11030713608546254,0.06909282337239286,7.425931156216438
2019-04-29,NDX,0.43223146,0.3952090690748052,0.11030713608546254,0.06909282337239286,7.425931156216438
2019-04-30,NDX,0.40814745,0.4113109043492876,0.11030713608546254,0.06909282337239286,7.425931156216438
2019-05-01,NDX,0.4104564,0.3962104868672043,0.11030713608546254,0.06909282337239286,7.425931156216438
2019-05-02,NDX,0.4073322,0.3389475149641405,0.11030713608546254,0.06909282337239286,7.425931156216438
2019-05-03,NDX,0.39216754,0.4176356439694403,0.11030713608546254,0.06909282337239286,7.425931156216438
2019-05-06,NDX,0.4344318,0.4198306915545926,0.11030713608546254,0.06909282337239286,7.425931156216438
2019-05-07,NDX,0.44243488,0.5257887255473921,0.11030713608546254,0.06909282337239286,7.425931156216438
2019-05-08,NDX,0.5703332,0.5217347771303879,0.11030713608546254,0.06909282337239286,7.425931156216438
2019-05-09,NDX,0.5636275,0.5249566418700269,0.11030713608546254,0.06909282337239286,7.425931156216438
2019-05-10,NDX,0.5651782,0.5209256786461811,0.11030713608546254,0.06909282337239286,7.425931156216438
2019-05-13,NDX,0.55388814,0.7586251353480401,0.11030713608546254,0.06909282337239286,7.425931156216438
2019-05-14,NDX,0.94265413,0.7761510217541492,0.11030713608546254,0.06909282337239286,7.425931156216438
2019-05-15,NDX,0.9087226400000001,0.8026356045877461,0.11030713608546254,0.06909282337239286,7.425931156216438
2019-05-16,NDX,0.9143865,0.818788326753395,0.11030713608546254,0.06909282337239286,7.425931156216438
2019-05-17,NDX,0.9078019,0.8327574555252101,0.11030713608546254,0.06909282337239286,7.425931156216438
2019-05-20,NDX,0.91903496,0.8740678025446441,0.11030713608546254,0.06909282337239286,7.425931156216438
2019-05-21,NDX,0.96824586,0.8882414177044703,0.11030713608546254,0.06909282337239286,7.425931156216438
2019-05-22,NDX,0.9495945,0.8892531991512574,0.11030713608546254,0.06909282337239286,7.425931156216438
2019-05-23,NDX,0.92311585,0.9001655011559243,0.11030713608546254,0.06909282337239286,7.425931156216438
2019-05-24,NDX,0.95546764,0.8986993905111895,0.11030713608546254,0.06909282337239286,7.425931156216438
2019-05-28,NDX,0.9242603,0.897608772153183,0.11030713608546254,0.06909282337239286,7.425931156216438
2019-05-29,NDX,0.8992045999999999,0.907450434828816,0.11030713608546254,0.06909282337239286,7.425931156216438
2019-05-30,NDX,0.89791214,0.9092658228473548,0.11030713608546254,0.06909282337239286,7.425931156216438
2019-05-31,NDX,0.8781255,0.9382774204308444,0.11030713608546254,0.06909282337239286,7.425931156216438
2019-06-03,NDX,0.9297066,0.9952895152446928,0.11030713608546254,0.06909282337239286,7.425931156216438
2019-06-04,NDX,1.0294887,1.080196816577802,0.11030713608546254,0.06909282337239286,7.425931156216438
2019-06-05,NDX,1.1705496,1.0580861568874975,0.11030713608546254,0.06909282337239286,7.425931156216438
2019-06-06,NDX,1.127489,1.0597556317442534,0.11030713608546254,0.06909282337239286,7.425931156216438
2019-06-07,NDX,1.0976188,1.0564589913103355,0.11030713608546254,0.06909282337239286,7.425931156216438
2019-06-10,NDX,1.1342062,1.0706715769967807,0.11030713608546254,0.06909282337239286,7.425931156216438
2019-06-11,NDX,1.1140438,1.068498667650184,0.11030713608546254,0.06909282337239286,7.425931156216438
2019-06-12,NDX,1.0703044,1.0720910303660425,0.11030713608546254,0.06909282337239286,7.425931156216438
2019-06-13,NDX,1.0491965,0.91856408449849,0.11030713608546254,0.06909282337239286,7.425931156216438
2019-06-14,NDX,0.9850944,0.9056111712869132,0.11030713608546254,0.06909282337239286,7.425931156216438
2019-06-17,NDX,0.9387845,0.8851940897529227,0.11030713608546254,0.06909282337239286,7.425931156216438
2019-06-18,NDX,0.89563936,0.8996428874610359,0.11030713608546254,0.06909282337239286,7.425931156216438
2019-06-19,NDX,0.89642745,0.887670111524747,0.11030713608546254,0.06909282337239286,7.425931156216438
2019-06-20,NDX,0.8601098,0.8576451667208612,0.11030713608546254,0.06909282337239286,7.425931156216438
2019-06-21,NDX,0.84392697,0.8429675034168376,0.11030713608546254,0.06909282337239286,7.425931156216438
2019-06-24,NDX,0.8190235,0.8405553847450109,0.11030713608546254,0.06909282337239286,7.425931156216438
2019-06-25,NDX,0.8004725,0.8495775409615808,0.11030713608546254,0.06909282337239286,7.425931156216438
2019-06-26,NDX,0.8538973,0.852666730147817,0.11030713608546254,0.06909282337239286,7.425931156216438
2019-06-27,NDX,0.832344,0.8535257408065221,0.11030713608546254,0.06909282337239286,7.425931156216438
2019-06-28,NDX,0.81738573,0.8433229160786299,0.11030713608546254,0.06909282337239286,7.425931156216438
2019-07-01,NDX,0.8025899,0.8643531775249133,0.11030713608546254,0.06909282337239286,7.425931156216438
2019-07-02,NDX,0.81951123,0.827033027023932,0.11030713608546254,0.06909282337239286,7.425931156216438
2019-07-03,NDX,0.800193,0.7641033308317627,0.11030713608546254,0.06909282337239286,7.425931156216438
2019-07-05,NDX,0.77377933,0.6367718012261456,0.11030713608546254,0.06909282337239286,7.425931156216438
2019-07-08,NDX,0.71502656,0.6355460463333489,0.11030713608546254,0.06909282337239286,7.425931156216438
2019-07-09,NDX,0.6822538,0.6295783982503583,0.11030713608546254,0.06909282337239286,7.425931156216438
2019-07-10,NDX,0.646274,0.5717772641460226,0.11030713608546254,0.06909282337239286,7.425931156216438
2019-07-11,NDX,0.6160835,0.5428283330115796,0.11030713608546254,0.06909282337239286,7.425931156216438
2019-07-12,NDX,0.5771259,0.5501810643177846,0.11030713608546254,0.06909282337239286,7.425931156216438
2019-07-15,NDX,0.5593553,0.5451436993830874,0.11030713608546254,0.06909282337239286,7.425931156216438
2019-07-16,NDX,0.5410057,0.5448858187734165,0.11030713608546254,0.06909282337239286,7.425931156216438
2019-07-17,NDX,0.53601146,0.546211285701428,0.11030713608546254,0.06909282337239286,7.425931156216438
2019-07-18,NDX,0.5356854,0.5378096917867748,0.11030713608546254,0.06909282337239286,7.425931156216438
2019-07-19,NDX,0.52670527,0.5067138414250287,0.11030713608546254,0.06909282337239286,7.425931156216438
2019-07-22,NDX,0.5322504,0.5218422361654,0.11030713608546254,0.06909282337239286,7.425931156216438
2019-07-23,NDX,0.53205264,0.5109923326144429,0.11030713608546254,0.06909282337239286,7.425931156216438
2019-07-24,NDX,0.5215759,0.5226609670593784,0.11030713608546254,0.06909282337239286,7.425931156216438
2019-07-25,NDX,0.51829076,0.5467131402783326,0.11030713608546254,0.06909282337239286,7.425931156216438
2019-07-26,NDX,0.5462551,0.5046310724564486,0.11030713608546254,0.06909282337239286,7.425931156216438
2019-07-29,NDX,0.5495344,0.5022157071582933,0.11030713608546254,0.06909282337239286,7.425931156216438
2019-07-30,NDX,0.5340545,0.5036400458480355,0.11030713608546254,0.06909282337239286,7.425931156216438
2019-07-31,NDX,0.5259622,0.5442574833033471,0.11030713608546254,0.06909282337239286,7.425931156216438
2019-08-01,NDX,0.5693404,0.515475164759785,0.11030713608546254,0.06909282337239286,7.425931156216438
2019-08-02,NDX,0.5587569,0.5575267679835442,0.11030713608546254,0.06909282337239286,7.425931156216438
2019-08-05,NDX,0.6068734,0.7976456131701931,0.11030713608546254,0.06909282337239286,7.425931156216438
2019-08-06,NDX,1.0944842,0.8279797556195514,0.11030713608546254,0.06909282337239286,7.425931156216438
2019-08-07,NDX,1.0515722,0.8227881687755743,0.11030713608546254,0.06909282337239286,7.425931156216438
2019-08-08,NDX,0.97899413,0.8939685972100945,0.11030713608546254,0.06909282337239286,7.425931156216438
2019-08-09,NDX,1.0769198,0.8953462284200446,0.11030713608546254,0.06909282337239286,7.425931156216438
2019-08-12,NDX,1.0618067,0.9124989784451168,0.11030713608546254,0.06909282337239286,7.425931156216438
2019-08-13,NDX,1.0446907,0.9713294028090932,0.11030713608546254,0.06909282337239286,7.425931156216438
2019-08-19,NDX,1.1136355,1.1378456998542237,0.11030713608546254,0.06909282337239286,7.425931156216438
2019-08-20,NDX,1.1452976,1.134902696412126,0.11030713608546254,0.06909282337239286,7.425931156216438
2019-08-21,NDX,1.132872,1.134917426657642,0.11030713608546254,0.06909282337239286,7.425931156216438
2019-08-22,NDX,1.1226506,1.131836591672142,0.11030713608546254,0.06909282337239286,7.425931156216438
2019-08-26,NDX,1.1056161,1.246636901745959,0.11030713608546254,0.06909282337239286,7.425931156216438
2019-08-28,NDX,1.1543785,1.234278914804351,0.11030713608546254,0.06909282337239286,7.425931156216438
2019-08-29,NDX,1.1370007,1.254817538887649,0.11030713608546254,0.06909282337239286,7.425931156216438
2019-08-30,NDX,1.1707948,1.2376202168968051,0.11030713608546254,0.06909282337239286,7.425931156216438
2019-09-03,NDX,1.1544813,1.2453755871971453,0.11030713608546254,0.06909282337239286,7.425931156216438
2019-09-04,NDX,1.1750541,1.2463262523197376,0.11030713608546254,0.06909282337239286,7.425931156216438
2019-09-05,NDX,1.1862768,1.1399142668816076,0.11030713608546254,0.06909282337239286,7.425931156216438
2019-09-06,NDX,1.1952711,1.1177665458989725,0.11030713608546254,0.06909282337239286,7.425931156216438
2019-09-09,NDX,1.1332017,1.1166535571398473,0.11030713608546254,0.06909282337239286,7.425931156216438
2019-09-10,NDX,1.0898792,1.0578395311508797,0.11030713608546254,0.06909282337239286,7.425931156216438
2019-09-11,NDX,1.039928,1.0556442680243174,0.11030713608546254,0.06909282337239286,7.425931156216438
2019-09-12,NDX,1.010628,1.042483695940469,0.11030713608546254,0.06909282337239286,7.425931156216438
2019-09-13,NDX,0.9812894,0.9847186960148636,0.11030713608546254,0.06909282337239286,7.425931156216438
2019-09-16,NDX,0.94833964,0.8542465353023567,0.11030713608546254,0.06909282337239286,7.425931156216438
2019-09-17,NDX,0.8931122,0.8573201303374928,0.11030713608546254,0.06909282337239286,7.425931156216438
2019-09-18,NDX,0.85018015,0.8197977078952513,0.11030713608546254,0.06909282337239286,7.425931156216438
2019-09-19,NDX,0.8059079,0.7847247296107336,0.11030713608546254,0.06909282337239286,7.425931156216438
2019-09-20,NDX,0.7626746,0.7924215212749174,0.11030713608546254,0.06909282337239286,7.425931156216438
2019-09-23,NDX,0.76517683,0.7797030346899152,0.11030713608546254,0.06909282337239286,7.425931156216438
2019-09-24,NDX,0.7447848,0.8089497793683849,0.11030713608546254,0.06909282337239286,7.425931156216438
2019-09-25,NDX,0.792325,0.6585002578078745,0.11030713608546254,0.06909282337239286,7.425931156216438
2019-09-26,NDX,0.7615824,0.6195297424818914,0.11030713608546254,0.06909282337239286,7.425931156216438
2019-09-27,NDX,0.70919985,0.6465012439384287,0.11030713608546254,0.06909282337239286,7.425931156216438
2019-09-30,NDX,0.71537024,0.6598213989789691,0.11030713608546254,0.06909282337239286,7.425931156216438
2019-10-01,NDX,0.6941229,0.630060356828586,0.11030713608546254,0.06909282337239286,7.425931156216438
2019-10-02,NDX,0.67983454,0.6882312243494534,0.11030713608546254,0.06909282337239286,7.425931156216438
2019-10-03,NDX,0.7677858,0.6918125501654496,0.11030713608546254,0.06909282337239286,7.425931156216438
2019-10-04,NDX,0.7650822,0.6956251585934408,0.11030713608546254,0.06909282337239286,7.425931156216438
2019-10-07,NDX,0.78439504,0.6341746347781325,0.11030713608546254,0.06909282337239286,7.425931156216438
2019-10-08,NDX,0.73589087,0.6814908245017373,0.11030713608546254,0.06909282337239286,7.425931156216438
2019-10-09,NDX,0.7913617,0.7034419510673209,0.11030713608546254,0.06909282337239286,7.425931156216438
2019-10-10,NDX,0.77848226,0.7099704394418566,0.11030713608546254,0.06909282337239286,7.425931156216438
2019-10-11,NDX,0.75002944,0.7258413048224391,0.11030713608546254,0.06909282337239286,7.425931156216438
2019-10-15,NDX,0.7391447,0.7495075489850321,0.11030713608546254,0.06909282337239286,7.425931156216438
2019-10-16,NDX,0.7569809,0.746410904038559,0.11030713608546254,0.06909282337239286,7.425931156216438
2019-10-17,NDX,0.74013644,0.7440912619683278,0.11030713608546254,0.06909282337239286,7.425931156216438
2019-10-18,NDX,0.72195214,0.7586467390269456,0.11030713608546254,0.06909282337239286,7.425931156216438
2019-10-21,NDX,0.74050236,0.7717858525450904,0.11030713608546254,0.06909282337239286,7.425931156216438
2019-10-22,NDX,0.7426597,0.766878088525189,0.11030713608546254,0.06909282337239286,7.425931156216438
2019-10-23,NDX,0.7516458,0.7673955678859707,0.11030713608546254,0.06909282337239286,7.425931156216438
2019-10-24,NDX,0.7346141,0.7506974979389582,0.11030713608546254,0.06909282337239286,7.425931156216438
2019-10-25,NDX,0.7335678,0.736423530407511,0.11030713608546254,0.06909282337239286,7.425931156216438
2019-10-28,NDX,0.7214274,0.7509028131107749,0.11030713608546254,0.06909282337239286,7.425931156216438
2019-10-29,NDX,0.7236689,0.7380748366382882,0.11030713608546254,0.06909282337239286,7.425931156216438
2019-10-30,NDX,0.72654766,0.7281238470739525,0.11030713608546254,0.06909282337239286,7.425931156216438
2019-10-31,NDX,0.7066331,0.7156226349933196,0.11030713608546254,0.06909282337239286,7.425931156216438
2019-11-01,NDX,0.6877327,0.676559528323598,0.11030713608546254,0.06909282337239286,7.425931156216438
2019-11-04,NDX,0.67840534,0.6583372673066846,0.11030713608546254,0.06909282337239286,7.425931156216438
2019-11-05,NDX,0.6552089,0.6135590278657801,0.11030713608546254,0.06909282337239286,7.425931156216438
2019-11-06,NDX,0.6229012,0.6112886460852142,0.11030713608546254,0.06909282337239286,7.425931156216438
2019-11-07,NDX,0.60095006,0.5595536457535311,0.11030713608546254,0.06909282337239286,7.425931156216438
2019-11-08,NDX,0.56854546,0.534709811204899,0.11030713608546254,0.06909282337239286,7.425931156216438
2019-11-12,NDX,0.52020717,0.4831352379425533,0.11030713608546254,0.06909282337239286,7.425931156216438
2019-11-13,NDX,0.49375212,0.4831855724083816,0.11030713608546254,0.06909282337239286,7.425931156216438
2019-11-14,NDX,0.4750965,0.4388688442620241,0.11030713608546254,0.06909282337239286,7.425931156216438
2019-11-15,NDX,0.45193425,0.4502957295731801,0.11030713608546254,0.06909282337239286,7.425931156216438
2019-11-18,NDX,0.44166335,0.4488326553777909,0.11030713608546254,0.06909282337239286,7.425931156216438
2019-11-19,NDX,0.43109146,0.4242162651536709,0.11030713608546254,0.06909282337239286,7.425931156216438
2019-11-20,NDX,0.41990072,0.412522616693621,0.11030713608546254,0.06909282337239286,7.425931156216438
2019-11-21,NDX,0.41924107,0.3924065593001373,0.11030713608546254,0.06909282337239286,7.425931156216438
2019-11-22,NDX,0.40670428,0.3914598306863778,0.11030713608546254,0.06909282337239286,7.425931156216438
2019-11-25,NDX,0.3937883,0.4069589340567249,0.11030713608546254,0.06909282337239286,7.425931156216438
2019-11-26,NDX,0.4154063499999999,0.38847434261551,0.11030713608546254,0.06909282337239286,7.425931156216438
2019-11-27,NDX,0.39907518,0.3709601671355974,0.11030713608546254,0.06909282337239286,7.425931156216438
2019-11-29,NDX,0.39168733,0.3580291560641149,0.11030713608546254,0.06909282337239286,7.425931156216438
2019-12-02,NDX,0.38934433,0.3942777389336174,0.11030713608546254,0.06909282337239286,7.425931156216438
2019-12-03,NDX,0.43623978,0.4078890736610467,0.11030713608546254,0.06909282337239286,7.425931156216438
2019-12-04,NDX,0.43945295,0.3872366115270807,0.11030713608546254,0.06909282337239286,7.425931156216438
2019-12-05,NDX,0.41995206,0.3758408651583286,0.11030713608546254,0.06909282337239286,7.425931156216438
2019-12-06,NDX,0.4017504,0.4121238554694842,0.11030713608546254,0.06909282337239286,7.425931156216438
2019-12-09,NDX,0.4219489,0.416412854104752,0.11030713608546254,0.06909282337239286,7.425931156216438
2019-12-10,NDX,0.42181975,0.4142104589660398,0.11030713608546254,0.06909282337239286,7.425931156216438
2019-12-11,NDX,0.41278455,0.4184195054889628,0.11030713608546254,0.06909282337239286,7.425931156216438
2019-12-12,NDX,0.41165128,0.4347312539339523,0.11030713608546254,0.06909282337239286,7.425931156216438
2019-12-13,NDX,0.42088896,0.4344404819240704,0.11030713608546254,0.06909282337239286,7.425931156216438
2019-12-16,NDX,0.4163822,0.4607897958610633,0.11030713608546254,0.06909282337239286,7.425931156216438
2019-12-17,NDX,0.43667853,0.4608813575381538,0.11030713608546254,0.06909282337239286,7.425931156216438
2019-12-18,NDX,0.43539292,0.4475275414110816,0.11030713608546254,0.06909282337239286,7.425931156216438
2019-12-20,NDX,0.43130368,0.4652393493906696,0.11030713608546254,0.06909282337239286,7.425931156216438
2019-12-23,NDX,0.43391693,0.454357782215023,0.11030713608546254,0.06909282337239286,7.425931156216438
2019-12-24,NDX,0.43288046,0.4530695926996048,0.11030713608546254,0.06909282337239286,7.425931156216438
2019-12-26,NDX,0.43061748,0.4749839845131689,0.11030713608546254,0.06909282337239286,7.425931156216438
2019-12-27,NDX,0.44184422,0.4352988062926829,0.11030713608546254,0.06909282337239286,7.425931156216438
2019-12-30,NDX,0.43297914,0.4485251983495231,0.11030713608546254,0.06909282337239286,7.425931156216438
2019-12-31,NDX,0.44655833,0.4365880945004471,0.11030713608546254,0.06909282337239286,7.425931156216438
2020-01-02,NDX,0.43307254,0.4976020594706893,0.11030713608546254,0.06909282337239286,7.425931156216438
2020-01-03,NDX,0.4969438,0.4850155020808456,0.11030713608546254,0.06909282337239286,7.425931156216438
2020-01-06,NDX,0.51263773,0.483715935890373,0.11030713608546254,0.06909282337239286,7.425931156216438
2020-01-07,NDX,0.4971247,0.4770417649166986,0.11030713608546254,0.06909282337239286,7.425931156216438
2020-01-08,NDX,0.4845637,0.490859186565066,0.11030713608546254,0.06909282337239286,7.425931156216438
2020-01-09,NDX,0.48578537,0.480756518129014,0.11030713608546254,0.06909282337239286,7.425931156216438
2020-01-10,NDX,0.4834912,0.4779914062736093,0.11030713608546254,0.06909282337239286,7.425931156216438
2020-01-13,NDX,0.47506943,0.5116016157049926,0.11030713608546254,0.06909282337239286,7.425931156216438
2020-01-14,NDX,0.4978966,0.5075602122912277,0.11030713608546254,0.06909282337239286,7.425931156216438
2020-01-15,NDX,0.50074327,0.4929430098106539,0.11030713608546254,0.06909282337239286,7.425931156216438
2020-01-16,NDX,0.48704007,0.5156195408570123,0.11030713608546254,0.06909282337239286,7.425931156216438
2020-01-17,NDX,0.50086474,0.4993643987098384,0.11030713608546254,0.06909282337239286,7.425931156216438
2020-01-21,NDX,0.49236685,0.4994166526364064,0.11030713608546254,0.06909282337239286,7.425931156216438
2020-01-22,NDX,0.4833339,0.5007749834561709,0.11030713608546254,0.06909282337239286,7.425931156216438
2020-01-23,NDX,0.4759776,0.4905769525753552,0.11030713608546254,0.06909282337239286,7.425931156216438
2020-01-24,NDX,0.47017938,0.5030593403297686,0.11030713608546254,0.06909282337239286,7.425931156216438
2020-01-27,NDX,0.49214961999999995,0.6019752039124546,0.11030713608546254,0.06909282337239286,7.425931156216438
2020-01-28,NDX,0.68001574,0.6495718410515517,0.11030713608546254,0.06909282337239286,7.425931156216438
2020-01-29,NDX,0.71023077,0.633877633472655,0.11030713608546254,0.06909282337239286,7.425931156216438
2020-01-30,NDX,0.6640263,0.6365751584607524,0.11030713608546254,0.06909282337239286,7.425931156216438
2020-01-31,NDX,0.64075625,0.6759997800353769,0.11030713608546254,0.06909282337239286,7.425931156216438
2020-02-03,NDX,0.7395008,0.7147772327983973,0.11030713608546254,0.06909282337239286,7.425931156216438
2020-02-04,NDX,0.7600564,0.7587523688273127,0.11030713608546254,0.06909282337239286,7.425931156216438
2020-02-05,NDX,0.8759632,0.747737992609199,0.11030713608546254,0.06909282337239286,7.425931156216438
2020-02-06,NDX,0.8022804,0.7529763495502634,0.11030713608546254,0.06909282337239286,7.425931156216438
2020-02-07,NDX,0.7704875,0.7567431450667926,0.11030713608546254,0.06909282337239286,7.425931156216438
2020-02-10,NDX,0.75504583,0.7723351145783326,0.11030713608546254,0.06909282337239286,7.425931156216438
2020-02-11,NDX,0.7640166,0.7600853618976633,0.11030713608546254,0.06909282337239286,7.425931156216438
2020-02-12,NDX,0.73408127,0.7753140969739943,0.11030713608546254,0.06909282337239286,7.425931156216438
2020-02-13,NDX,0.73653567,0.7539433670207139,0.11030713608546254,0.06909282337239286,7.425931156216438
2020-02-14,NDX,0.71908087,0.7525217283706837,0.11030713608546254,0.06909282337239286,7.425931156216438
2020-02-18,NDX,0.7030943,0.7525812412631644,0.11030713608546254,0.06909282337239286,7.425931156216438
2020-02-20,NDX,0.6925500600000001,0.7605183872470204,0.11030713608546254,0.06909282337239286,7.425931156216438
2020-02-21,NDX,0.7186972,0.8180137013601805,0.11030713608546254,0.06909282337239286,7.425931156216438
2021-04-07,NDX,0.8508535,1.2412320093346154,0.11030713608546254,0.06909282337239286,7.425931156216438
2021-04-08,NDX,0.90608406,1.1605974733380242,0.11030713608546254,0.06909282337239286,7.425931156216438
2021-04-09,NDX,0.9608168599999999,0.9817889252479114,0.11030713608546254,0.06909282337239286,7.425931156216438
2021-04-12,NDX,0.94785315,0.9808160423639342,0.11030713608546254,0.06909282337239286,7.425931156216438
2021-04-13,NDX,0.9406589000000001,0.9281255702623156,0.11030713608546254,0.06909282337239286,7.425931156216438
2021-04-23,NDX,0.9392864,0.8379974050699183,0.11030713608546254,0.06909282337239286,7.425931156216438
2021-04-26,NDX,0.8890929,0.7993811996873634,0.11030713608546254,0.06909282337239286,7.425931156216438
2021-04-27,NDX,0.8203816,0.8025435074922415,0.11030713608546254,0.06909282337239286,7.425931156216438
2021-04-28,NDX,0.7900777,0.7672158805953591,0.11030713608546254,0.06909282337239286,7.425931156216438
2021-04-29,NDX,0.7563096,0.7710101578984685,0.11030713608546254,0.06909282337239286,7.425931156216438
2021-05-03,NDX,0.72894084,0.7423167151309107,0.11030713608546254,0.06909282337239286,7.425931156216438
2021-05-04,NDX,0.7142281,0.746249517976742,0.11030713608546254,0.06909282337239286,7.425931156216438
2021-05-05,NDX,0.8015343000000001,0.6774219143687225,0.11030713608546254,0.06909282337239286,7.425931156216438
2021-05-06,NDX,0.7427178,0.6892506012767948,0.11030713608546254,0.06909282337239286,7.425931156216438
2021-05-07,NDX,0.7127823,0.6987163023280201,0.11030713608546254,0.06909282337239286,7.425931156216438
2021-06-04,NDX,0.6925956,0.9150948804225983,0.11030713608546254,0.06909282337239286,7.425931156216438
2021-12-07,NDX,0.80247086,,0.11030713608546254,0.06909282337239286,7.425931156216438
2021-12-08,NDX,0.8461855,,0.11030713608546254,0.06909282337239286,7.425931156216438
2021-12-09,NDX,0.85978955,,0.11030713608546254,0.06909282337239286,7.425931156216438
2021-12-10,NDX,0.8812515,,0.11030713608546254,0.06909282337239286,7.425931156216438
2021-12-13,NDX,0.89572626,,0.11030713608546254,0.06909282337239286,7.425931156216438
2021-12-14,NDX,0.91044766,,0.11030713608546254,0.06909282337239286,7.425931156216438
2021-12-15,NDX,0.9153414,,0.11030713608546254,0.06909282337239286,7.425931156216438
2021-12-16,NDX,0.9383967000000001,,0.11030713608546254,0.06909282337239286,7.425931156216438
2021-12-17,NDX,0.97603047,,0.11030713608546254,0.06909282337239286,7.425931156216438
2021-12-20,NDX,0.98814595,,0.11030713608546254,0.06909282337239286,7.425931156216438
2021-12-21,NDX,1.0029713,,0.11030713608546254,0.06909282337239286,7.425931156216438
2021-12-22,NDX,1.0308241,,0.11030713608546254,0.06909282337239286,7.425931156216438
2021-12-23,NDX,1.04403,,0.11030713608546254,0.06909282337239286,7.425931156216438
2021-12-27,NDX,1.0458616,,0.11030713608546254,0.06909282337239286,7.425931156216438
2021-12-28,NDX,1.056357,,0.11030713608546254,0.06909282337239286,7.425931156216438
2022-01-05,NDX,1.0598059,,0.11030713608546254,0.06909282337239286,7.425931156216438
2022-01-06,NDX,1.0705494,,0.11030713608546254,0.06909282337239286,7.425931156216438
2022-01-07,NDX,1.0552291,,0.11030713608546254,0.06909282337239286,7.425931156216438
2022-01-10,NDX,1.0284762,,0.11030713608546254,0.06909282337239286,7.425931156216438
2022-01-11,NDX,1.0028006,,0.11030713608546254,0.06909282337239286,7.425931156216438
2022-01-12,NDX,0.986145,,0.11030713608546254,0.06909282337239286,7.425931156216438
2022-01-13,NDX,0.9696668,,0.11030713608546254,0.06909282337239286,7.425931156216438
2022-01-14,NDX,0.98170483,,0.11030713608546254,0.06909282337239286,7.425931156216438
2022-01-18,NDX,0.98226255,,0.11030713608546254,0.06909282337239286,7.425931156216438
2022-01-19,NDX,0.9991708,,0.11030713608546254,0.06909282337239286,7.425931156216438
2022-01-20,NDX,0.98689073,,0.11030713608546254,0.06909282337239286,7.425931156216438
2022-01-21,NDX,0.9835418,,0.11030713608546254,0.06909282337239286,7.425931156216438
2022-01-24,NDX,1.0055591,,0.11030713608546254,0.06909282337239286,7.425931156216438
2022-01-25,NDX,0.9960781,,0.11030713608546254,0.06909282337239286,7.425931156216438
2022-01-26,NDX,1.0123236,,0.11030713608546254,0.06909282337239286,7.425931156216438
2022-01-27,NDX,1.0137787,,0.11030713608546254,0.06909282337239286,7.425931156216438
2022-01-28,NDX,1.0145684,,0.11030713608546254,0.06909282337239286,7.425931156216438
2022-01-31,NDX,1.0508982,,0.11030713608546254,0.06909282337239286,7.425931156216438
2022-02-01,NDX,1.1061383,,0.11030713608546254,0.06909282337239286,7.425931156216438
2022-02-02,NDX,1.1229433,,0.11030713608546254,0.06909282337239286,7.425931156216438
2022-02-03,NDX,1.1380378,,0.11030713608546254,0.06909282337239286,7.425931156216438
2022-02-04,NDX,1.2263637,,0.11030713608546254,0.06909282337239286,7.425931156216438
2022-02-07,NDX,1.2480757,,0.11030713608546254,0.06909282337239286,7.425931156216438
2022-02-08,NDX,1.2394124,,0.11030713608546254,0.06909282337239286,7.425931156216438
2022-02-09,NDX,1.2372661999999999,,0.11030713608546254,0.06909282337239286,7.425931156216438
2022-02-10,NDX,1.2494766,,0.11030713608546254,0.06909282337239286,7.425931156216438
2022-02-11,NDX,1.260272,,0.11030713608546254,0.06909282337239286,7.425931156216438
2022-02-14,NDX,1.2915413,,0.11030713608546254,0.06909282337239286,7.425931156216438
2022-02-15,NDX,1.2986218,,0.11030713608546254,0.06909282337239286,7.425931156216438
2022-02-16,NDX,1.3156052,,0.11030713608546254,0.06909282337239286,7.425931156216438
2022-02-17,NDX,1.3165182,,0.11030713608546254,0.06909282337239286,7.425931156216438
2022-02-18,NDX,1.335477,,0.11030713608546254,0.06909282337239286,7.425931156216438
2022-02-22,NDX,1.3302692,,0.11030713608546254,0.06909282337239286,7.425931156216438
2022-02-23,NDX,1.3246301,,0.11030713608546254,0.06909282337239286,7.425931156216438
2022-02-24,NDX,1.3307928,,0.11030713608546254,0.06909282337239286,7.425931156216438
2022-02-25,NDX,1.3639268,,0.11030713608546254,0.06909282337239286,7.425931156216438
2022-02-28,NDX,1.3642824,,0.11030713608546254,0.06909282337239286,7.425931156216438
2022-03-01,NDX,1.3605646,,0.11030713608546254,0.06909282337239286,7.425931156216438
2022-03-02,NDX,1.3647681,,0.11030713608546254,0.06909282337239286,7.425931156216438
2022-03-03,NDX,1.3566073,,0.11030713608546254,0.06909282337239286,7.425931156216438
2022-03-04,NDX,1.3286221,,0.11030713608546254,0.06909282337239286,7.425931156216438
2022-03-07,NDX,1.3112139,,0.11030713608546254,0.06909282337239286,7.425931156216438
2022-03-08,NDX,1.3449956,,0.11030713608546254,0.06909282337239286,7.425931156216438
2022-03-09,NDX,1.3119273,,0.11030713608546254,0.06909282337239286,7.425931156216438
2022-03-10,NDX,1.3329221,,0.11030713608546254,0.06909282337239286,7.425931156216438
2022-03-11,NDX,1.3333732,,0.11030713608546254,0.06909282337239286,7.425931156216438
2022-03-14,NDX,1.3441582,,0.11030713608546254,0.06909282337239286,7.425931156216438
2022-03-15,NDX,1.3422365,,0.11030713608546254,0.06909282337239286,7.425931156216438
2022-04-22,NDX,1.3698653,,0.11030713608546254,0.06909282337239286,7.425931156216438
2022-04-26,NDX,1.310185,,0.11030713608546254,0.06909282337239286,7.425931156216438
2022-04-27,NDX,1.3049556,,0.11030713608546254,0.06909282337239286,7.425931156216438
2022-04-28,NDX,1.2655836,,0.11030713608546254,0.06909282337239286,7.425931156216438
2022-04-29,NDX,1.2770101999999999,,0.11030713608546254,0.06909282337239286,7.425931156216438
2022-05-02,NDX,1.3345121000000002,,0.11030713608546254,0.06909282337239286,7.425931156216438
2022-05-03,NDX,1.367773,,0.11030713608546254,0.06909282337239286,7.425931156216438
2022-05-05,NDX,1.3749969,,0.11030713608546254,0.06909282337239286,7.425931156216438
2022-05-09,NDX,1.4945232,,0.11030713608546254,0.06909282337239286,7.425931156216438
2022-05-11,NDX,1.5276002,,0.11030713608546254,0.06909282337239286,7.425931156216438
2022-12-21,NDX,1.2529293,,0.11030713608546254,0.06909282337239286,7.425931156216438
2022-12-22,NDX,1.257442,,0.11030713608546254,0.06909282337239286,7.425931156216438
2022-12-23,NDX,1.266122,,0.11030713608546254,0.06909282337239286,7.425931156216438
2022-12-27,NDX,1.2700592,,0.11030713608546254,0.06909282337239286,7.425931156216438
2022-12-28,NDX,1.2754248,,0.11030713608546254,0.06909282337239286,7.425931156216438
2022-12-29,NDX,1.2818282,,0.11030713608546254,0.06909282337239286,7.425931156216438
2022-12-30,NDX,1.2934921,,0.11030713608546254,0.06909282337239286,7.425931156216438
2023-01-03,NDX,1.2995015,,0.11030713608546254,0.06909282337239286,7.425931156216438
2023-01-04,NDX,1.27696,,0.11030713608546254,0.06909282337239286,7.425931156216438
2023-01-05,NDX,1.2610146,,0.11030713608546254,0.06909282337239286,7.425931156216438
2023-01-06,NDX,1.2509683,,0.11030713608546254,0.06909282337239286,7.425931156216438
2023-01-09,NDX,1.246602,,0.11030713608546254,0.06909282337239286,7.425931156216438
2023-01-10,NDX,1.2403975,,0.11030713608546254,0.06909282337239286,7.425931156216438
2023-01-11,NDX,1.2407666,,0.11030713608546254,0.06909282337239286,7.425931156216438
2023-01-12,NDX,1.2424468,,0.11030713608546254,0.06909282337239286,7.425931156216438
2023-01-13,NDX,1.2431282,,0.11030713608546254,0.06909282337239286,7.425931156216438
2023-01-17,NDX,1.2418011,,0.11030713608546254,0.06909282337239286,7.425931156216438
2023-01-18,NDX,1.2407771,,0.11030713608546254,0.06909282337239286,7.425931156216438
2023-01-19,NDX,1.2405874,,0.11030713608546254,0.06909282337239286,7.425931156216438
2023-01-20,NDX,1.2371784,,0.11030713608546254,0.06909282337239286,7.425931156216438
2023-01-23,NDX,1.2359413,,0.11030713608546254,0.06909282337239286,7.425931156216438
2023-01-24,NDX,1.2362026,,0.11030713608546254,0.06909282337239286,7.425931156216438
2023-01-25,NDX,1.2367721,,0.11030713608546254,0.06909282337239286,7.425931156216438
2023-01-26,NDX,1.2357706,,0.11030713608546254,0.06909282337239286,7.425931156216438
2023-01-27,NDX,0.78507924,1.080870862994859,0.11030713608546254,0.06909282337239286,7.425931156216438
2023-01-30,NDX,1.2352314,,0.11030713608546254,0.06909282337239286,7.425931156216438
2023-01-31,NDX,0.8443146300000001,1.114662040625353,0.11030713608546254,0.06909282337239286,7.425931156216438
2023-02-01,NDX,0.9376759,1.0946608569144016,0.11030713608546254,0.06909282337239286,7.425931156216438
2023-02-02,NDX,1.0596931,1.227297742125169,0.11030713608546254,0.06909282337239286,7.425931156216438
2023-02-03,NDX,1.2354795,,0.11030713608546254,0.06909282337239286,7.425931156216438
2023-02-06,NDX,1.2492176,,0.11030713608546254,0.06909282337239286,7.425931156216438
2023-02-07,NDX,1.2624415,,0.11030713608546254,0.06909282337239286,7.425931156216438
2023-02-08,NDX,1.4078807,1.2373787515074068,0.11030713608546254,0.06909282337239286,7.425931156216438
2023-02-09,NDX,1.4078807,1.242104590083877,0.11030713608546254,0.06909282337239286,7.425931156216438
2023-02-10,NDX,1.2772409,,0.11030713608546254,0.06909282337239286,7.425931156216438
2023-02-13,NDX,1.2829268,,0.11030713608546254,0.06909282337239286,7.425931156216438
2023-02-14,NDX,1.3651876,1.235728261315174,0.11030713608546254,0.06909282337239286,7.425931156216438
2023-02-15,NDX,1.2718376,1.236566089384638,0.11030713608546254,0.06909282337239286,7.425931156216438
2023-02-16,NDX,1.2864208,,0.11030713608546254,0.06909282337239286,7.425931156216438
2023-02-17,NDX,1.219735,1.2630012526870018,0.11030713608546254,0.06909282337239286,7.425931156216438
2023-02-21,NDX,1.2906566,,0.11030713608546254,0.06909282337239286,7.425931156216438
2023-02-22,NDX,1.3008499,,0.11030713608546254,0.06909282337239286,7.425931156216438
2023-02-23,NDX,1.2928989,,0.11030713608546254,0.06909282337239286,7.425931156216438
2023-02-24,NDX,1.2827548,,0.11030713608546254,0.06909282337239286,7.425931156216438
2023-02-27,NDX,1.2800844,,0.11030713608546254,0.06909282337239286,7.425931156216438
2023-02-28,NDX,1.2767811,,0.11030713608546254,0.06909282337239286,7.425931156216438
2023-03-01,NDX,1.2666298,,0.11030713608546254,0.06909282337239286,7.425931156216438
2023-03-02,NDX,1.2624407,,0.11030713608546254,0.06909282337239286,7.425931156216438
2023-03-03,NDX,1.2562196,,0.11030713608546254,0.06909282337239286,7.425931156216438
2023-03-06,NDX,1.2523229,,0.11030713608546254,0.06909282337239286,7.425931156216438
2023-03-07,NDX,1.2449157,,0.11030713608546254,0.06909282337239286,7.425931156216438
2023-03-08,NDX,1.2387483,,0.11030713608546254,0.06909282337239286,7.425931156216438
2023-03-09,NDX,1.2355856,,0.11030713608546254,0.06909282337239286,7.425931156216438
2023-03-10,NDX,1.2346509,,0.11030713608546254,0.06909282337239286,7.425931156216438
2023-03-13,NDX,1.2343782,,0.11030713608546254,0.06909282337239286,7.425931156216438
2023-03-14,NDX,1.2361454,,0.11030713608546254,0.06909282337239286,7.425931156216438
2023-03-15,NDX,1.2357519,,0.11030713608546254,0.06909282337239286,7.425931156216438
2023-03-16,NDX,1.2356446,,0.11030713608546254,0.06909282337239286,7.425931156216438
2023-03-17,NDX,1.2341594,,0.11030713608546254,0.06909282337239286,7.425931156216438
2023-03-20,NDX,1.2332658999999997,,0.11030713608546254,0.06909282337239286,7.425931156216438
2023-03-21,NDX,1.2326151,,0.11030713608546254,0.06909282337239286,7.425931156216438
2023-03-22,NDX,1.2326205,,0.11030713608546254,0.06909282337239286,7.425931156216438
2023-03-23,NDX,1.2323326,,0.11030713608546254,0.06909282337239286,7.425931156216438
2023-03-24,NDX,1.2333072,,0.11030713608546254,0.06909282337239286,7.425931156216438
2023-03-27,NDX,1.2342149,,0.11030713608546254,0.06909282337239286,7.425931156216438
2023-03-28,NDX,1.2350229,,0.11030713608546254,0.06909282337239286,7.425931156216438
2023-03-29,NDX,1.2366095,,0.11030713608546254,0.06909282337239286,7.425931156216438
2023-03-30,NDX,1.2366092,,0.11030713608546254,0.06909282337239286,7.425931156216438
2023-03-31,NDX,1.2363123,,0.11030713608546254,0.06909282337239286,7.425931156216438
2023-04-03,NDX,1.2353454,,0.11030713608546254,0.06909282337239286,7.425931156216438
2023-04-04,NDX,1.2351153,,0.11030713608546254,0.06909282337239286,7.425931156216438
2023-04-05,NDX,1.2362609,,0.11030713608546254,0.06909282337239286,7.425931156216438
2023-04-06,NDX,1.2372835,,0.11030713608546254,0.06909282337239286,7.425931156216438
2023-04-10,NDX,1.2398282,,0.11030713608546254,0.06909282337239286,7.425931156216438
2023-04-11,NDX,1.2433473,,0.11030713608546254,0.06909282337239286,7.425931156216438
2023-04-12,NDX,1.2465252,,0.11030713608546254,0.06909282337239286,7.425931156216438
2023-04-13,NDX,1.2481481,,0.11030713608546254,0.06909282337239286,7.425931156216438
2024-05-06,NDX,1.1944664,0.932673307347128,0.11030713608546254,0.06909282337239286,7.425931156216438
2024-05-08,NDX,1.0904773,0.9103856693413388,0.11030713608546254,0.06909282337239286,7.425931156216438
2024-07-29,NDX,0.9915416000000001,0.9896203031811224,0.11030713608546254,0.06909282337239286,7.425931156216438
2024-07-30,NDX,0.94530815,1.0134861353961802,0.11030713608546254,0.06909282337239286,7.425931156216438
2024-08-02,NDX,1.5276002,,0.11030713608546254,0.06909282337239286,7.425931156216438
2024-08-05,NDX,1.4985498,,0.11030713608546254,0.06909282337239286,7.425931156216438
2024-08-06,NDX,1.4291906,,0.11030713608546254,0.06909282337239286,7.425931156216438
2024-08-07,NDX,1.3389746,,0.11030713608546254,0.06909282337239286,7.425931156216438
2024-08-08,NDX,1.2665455,,0.11030713608546254,0.06909282337239286,7.425931156216438
2024-09-25,NDX,0.9780065,,0.11030713608546254,0.06909282337239286,7.425931156216438
2024-09-26,NDX,0.9673177,,0.11030713608546254,0.06909282337239286,7.425931156216438
2024-09-27,NDX,0.9536405,,0.11030713608546254,0.06909282337239286,7.425931156216438
2024-09-30,NDX,0.9435379,,0.11030713608546254,0.06909282337239286,7.425931156216438
2024-10-01,NDX,0.9298860000000001,,0.11030713608546254,0.06909282337239286,7.425931156216438
2024-10-02,NDX,0.9371144,,0.11030713608546254,0.06909282337239286,7.425931156216438
2024-10-03,NDX,0.9298822000000001,,0.11030713608546254,0.06909282337239286,7.425931156216438
2024-10-04,NDX,0.89034754,,0.11030713608546254,0.06909282337239286,7.425931156216438
2024-10-07,NDX,0.86853266,,0.11030713608546254,0.06909282337239286,7.425931156216438
2024-10-08,NDX,0.85956615,,0.11030713608546254,0.06909282337239286,7.425931156216438
2024-10-09,NDX,0.83367735,,0.11030713608546254,0.06909282337239286,7.425931156216438
2024-10-10,NDX,0.80602497,,0.11030713608546254,0.06909282337239286,7.425931156216438
2024-10-11,NDX,0.78926116,,0.11030713608546254,0.06909282337239286,7.425931156216438
2024-10-15,NDX,0.7281951,,0.11030713608546254,0.06909282337239286,7.425931156216438
2024-10-16,NDX,0.7258041,,0.11030713608546254,0.06909282337239286,7.425931156216438
2024-10-17,NDX,0.716407,,0.11030713608546254,0.06909282337239286,7.425931156216438
2024-10-18,NDX,0.7097491,,0.11030713608546254,0.06909282337239286,7.425931156216438
2024-10-21,NDX,0.71153593,,0.11030713608546254,0.06909282337239286,7.425931156216438
2024-10-22,NDX,0.6856216,,0.11030713608546254,0.06909282337239286,7.425931156216438
2024-10-23,NDX,0.6637378,,0.11030713608546254,0.06909282337239286,7.425931156216438
2024-10-24,NDX,0.6649149,,0.11030713608546254,0.06909282337239286,7.425931156216438
2024-10-25,NDX,0.6607285,,0.11030713608546254,0.06909282337239286,7.425931156216438
2024-10-28,NDX,0.6577413,,0.11030713608546254,0.06909282337239286,7.425931156216438
2024-10-29,NDX,0.6605095,,0.11030713608546254,0.06909282337239286,7.425931156216438
2024-10-30,NDX,0.66708106,,0.11030713608546254,0.06909282337239286,7.425931156216438
2024-10-31,NDX,0.67212236,,0.11030713608546254,0.06909282337239286,7.425931156216438
2024-11-01,NDX,0.7133261,,0.11030713608546254,0.06909282337239286,7.425931156216438
2024-11-04,NDX,0.72555697,,0.11030713608546254,0.06909282337239286,7.425931156216438
2024-11-05,NDX,0.7361393,,0.11030713608546254,0.06909282337239286,7.425931156216438
2024-11-06,NDX,0.74873006,,0.11030713608546254,0.06909282337239286,7.425931156216438
2024-11-07,NDX,0.8009022999999998,,0.11030713608546254,0.06909282337239286,7.425931156216438
2024-11-08,NDX,0.81823444,,0.11030713608546254,0.06909282337239286,7.425931156216438
2024-11-12,NDX,0.82588935,,0.11030713608546254,0.06909282337239286,7.425931156216438
2024-11-13,NDX,0.82825077,,0.11030713608546254,0.06909282337239286,7.425931156216438
2024-11-14,NDX,0.8208257,,0.11030713608546254,0.06909282337239286,7.425931156216438
2024-11-15,NDX,0.8116856,,0.11030713608546254,0.06909282337239286,7.425931156216438
2024-11-18,NDX,0.8456579,,0.11030713608546254,0.06909282337239286,7.425931156216438
2024-11-19,NDX,0.8543168,,0.11030713608546254,0.06909282337239286,7.425931156216438
2024-11-20,NDX,0.8613732,,0.11030713608546254,0.06909282337239286,7.425931156216438
2024-11-21,NDX,0.86630917,,0.11030713608546254,0.06909282337239286,7.425931156216438
2024-11-22,NDX,0.87168103,,0.11030713608546254,0.06909282337239286,7.425931156216438
2024-11-25,NDX,0.8610266,,0.11030713608546254,0.06909282337239286,7.425931156216438
2024-11-26,NDX,0.8513642,,0.11030713608546254,0.06909282337239286,7.425931156216438
2024-11-27,NDX,0.84211445,,0.11030713608546254,0.06909282337239286,7.425931156216438
2024-11-29,NDX,0.8410027,,0.11030713608546254,0.06909282337239286,7.425931156216438
2024-12-02,NDX,0.8371296,,0.11030713608546254,0.06909282337239286,7.425931156216438
2024-12-03,NDX,0.83956414,,0.11030713608546254,0.06909282337239286,7.425931156216438
2024-12-04,NDX,0.8175869,,0.11030713608546254,0.06909282337239286,7.425931156216438
2024-12-05,NDX,0.80772287,,0.11030713608546254,0.06909282337239286,7.425931156216438
2024-12-06,NDX,0.796183,,0.11030713608546254,0.06909282337239286,7.425931156216438
2024-12-09,NDX,0.78518826,,0.11030713608546254,0.06909282337239286,7.425931156216438
2024-12-10,NDX,0.7502512,,0.11030713608546254,0.06909282337239286,7.425931156216438
2024-12-11,NDX,0.7174897,,0.11030713608546254,0.06909282337239286,7.425931156216438
2024-12-12,NDX,0.7127198,,0.11030713608546254,0.06909282337239286,7.425931156216438
2024-12-13,NDX,0.70549536,,0.11030713608546254,0.06909282337239286,7.425931156216438
2024-12-16,NDX,0.7023731,,0.11030713608546254,0.06909282337239286,7.425931156216438
2024-12-17,NDX,0.7192081,,0.11030713608546254,0.06909282337239286,7.425931156216438
2024-12-18,NDX,0.7311741,,0.11030713608546254,0.06909282337239286,7.425931156216438
2024-12-19,NDX,0.8038259,,0.11030713608546254,0.06909282337239286,7.425931156216438
2024-12-20,NDX,0.8210044,,0.11030713608546254,0.06909282337239286,7.425931156216438
2024-12-23,NDX,0.83578455,,0.11030713608546254,0.06909282337239286,7.425931156216438
2024-12-24,NDX,0.8492702,,0.11030713608546254,0.06909282337239286,7.425931156216438
2024-12-26,NDX,0.8678631,,0.11030713608546254,0.06909282337239286,7.425931156216438
2024-12-27,NDX,0.87023675,,0.11030713608546254,0.06909282337239286,7.425931156216438
2024-12-30,NDX,0.8835667999999999,,0.11030713608546254,0.06909282337239286,7.425931156216438
2024-12-31,NDX,0.8976131,,0.11030713608546254,0.06909282337239286,7.425931156216438
