Date,VaR_1pct,VaR_5pct,Actual_Return,Volatility_Forecast_Raw,Volatility_Forecast_Calibrated,RV22_Forecast,Calibration_Factor,Violation_1pct,Violation_5pct
2018-08-21,-0.0194058486012042,-0.009822308200232182,-0.0003982685850175,0.12773310953988112,0.006358044277744207,0.35894644,0.049776007964161276,False,False
2018-08-22,-0.019459457388892237,-0.009849442392904388,-0.0016926632005294,0.12773638159043876,0.006358207147358823,0.35896483,0.049776007964161276,False,False
2018-08-23,-0.019434174851471666,-0.009836645587171637,0.0061797194745907,0.12752383021509067,0.006347627188406703,0.3577712,0.049776007964161276,False,False
2018-08-24,-0.019327767325093788,-0.009782787209710991,0.0076411243957242,0.1269216060838701,0.006317650875254858,0.35440007,0.049776007964161276,False,False
2018-08-27,-0.01912722761010077,-0.009681283640991715,0.0002692319656734,0.12579819698086442,0.006261732054796636,0.3481541,0.049776007964161276,False,False
2018-08-28,-0.019212365655405704,-0.0097243764290339,0.0056852358046606,0.12635867060223305,0.0062896301942375835,0.3512633,0.049776007964161276,False,False
2018-08-29,-0.01902833732716752,-0.009631230130993795,-0.0044401182457849,0.1252490936276405,0.0062343998819134145,0.34512138,0.049776007964161276,False,False
2018-08-30,-0.018943737478304835,-0.009588409752132815,0.0001344213421754,0.12473537443870378,0.006208828991473558,0.3422961,0.049776007964161276,False,False
2018-08-31,-0.018918137435365332,-0.00957545224036106,-0.0016556752036839,0.1244653237579922,0.006195386946639732,0.34081557,0.049776007964161276,False,False
2018-09-04,-0.018844282722773626,-0.009538070533226117,-0.0028071067225424,0.12399298000656768,0.0061718755603070025,0.3382337,0.049776007964161276,False,False
2018-09-05,-0.018749623500544783,-0.009490158582873774,-0.0036589741948485,0.12314897113215803,0.006129864167852565,0.33364472,0.049776007964161276,False,False
2018-09-06,-0.018631404466527807,-0.009430321787734786,-0.002215757124654,0.1224205233833549,0.006093604946906666,0.32970926,0.049776007964161276,False,False
2018-09-07,-0.01856317465637417,-0.009395787135963321,0.0018960451407243,0.12200121832476622,0.006072733614970942,0.32745454,0.049776007964161276,False,False
2018-09-10,-0.01849806584508595,-0.009362832183867902,0.0037328621563787,0.12156242317127743,0.006050892143916248,0.3251033,0.049776007964161276,False,False
2018-09-11,-0.01851105129965197,-0.009369404797077903,0.0003565981955143,0.12127881663190965,0.00603677534255399,0.32358813,0.049776007964161276,False,False
2018-09-12,-0.018542924105766648,-0.009385537280191534,0.0052683486546839,0.12145748414381657,0.006045668698049606,0.32454225,0.049776007964161276,False,False
2018-09-13,-0.018371658921184343,-0.009298851072259732,0.0002754270858635,0.12042123038431689,0.005994088122663857,0.319028,0.049776007964161276,False,False
2018-09-14,-0.018314214376052525,-0.009269775403459973,-0.0055853146174804,0.12003382667171178,0.005974804712379879,0.31697863,0.049776007964161276,False,False
2018-09-17,-0.01810227307622821,-0.009162500900292766,0.0053546495954312,0.11878537367874885,0.0059126617062592755,0.31041923,0.049776007964161276,False,False
2018-09-18,-0.017901836525153085,-0.009061049548192179,0.0012525249991826,0.1175539063965588,0.00585136418101338,0.30401626,0.049776007964161276,False,False
2018-09-19,-0.017632352341212697,-0.008924649601756119,0.0078099973940756,0.11578494956363951,0.005763312571609731,0.2949354,0.049776007964161276,False,False
2018-09-20,-0.017380931656522228,-0.008797392530772377,-0.0003685742701806,0.11432553202468498,0.005690668592567695,0.2875472,0.049776007964161276,False,False
2018-09-21,-0.017466342911494466,-0.008840623604421683,-0.0035219491222055,0.1148409829444017,0.005716325681652649,0.29014593,0.049776007964161276,False,False
2018-09-24,-0.01747640244763044,-0.00884571525829931,-0.0013059284486635,0.11497071168543119,0.0057227830604993125,0.29080182,0.049776007964161276,False,False
2018-09-25,-0.01757921845659745,-0.008897755782202454,-0.0032946695026326,0.11563080943636558,0.005755640091406948,0.29415065,0.049776007964161276,False,False
2018-09-26,-0.017636615647730204,-0.008926807482683027,0.0027594661468949,0.11606424553198583,0.005777214809954496,0.29636,0.049776007964161276,False,False
2018-09-27,-0.01761112146741973,-0.008913903553487874,-6.863441535533463e-06,0.1158687482377445,0.0057674837350793675,0.29536247,0.049776007964161276,False,False
2018-09-28,-0.01736970927547015,-0.008791712300667566,0.003634455587307,0.1142803908256912,0.005688421643887069,0.28732017,0.049776007964161276,False,False
2018-10-01,-0.01719262019751932,-0.008702078317723884,-0.0003967154747124,0.11311384048422594,0.005630355424799699,0.2814843,0.049776007964161276,False,False
2018-10-02,-0.017006983462336027,-0.008608117921364717,0.0007112400153475,0.1118570922691498,0.005567799515637123,0.2752642,0.049776007964161276,False,False
2018-10-03,-0.01681089464578759,-0.008508867183592906,-0.0082030691043885,0.11055850980774429,0.005503161264696082,0.26891005,0.049776007964161276,False,False
2018-10-04,-0.016645493053821982,-0.008425148844525044,-0.0055433012532268,0.10973919909577351,0.005462379248171902,0.26493922,0.049776007964161276,False,False
2018-10-05,-0.01686306070132335,-0.008535271134566267,-0.0003951473188331,0.11121069274947522,0.005535624327997771,0.272092,0.049776007964161276,False,False
2018-10-09,-0.0171639275250922,-0.008687555465492111,-0.0334163339890617,0.11318294522987592,0.005633795183169533,0.28182834,0.049776007964161276,True,True
2018-10-12,-0.01996571051887235,-0.009135796997416241,-0.0059225388416023,0.11356983034079238,0.005653052779531726,0.28375834,0.049776007964161276,False,False
2018-10-15,-0.024224559379918978,-0.01108453699344203,0.0212678700386501,0.13794797767801653,0.006866499635540892,0.41865218,0.049776007964161276,False,False
2018-10-16,-0.026365920486190866,-0.012064368908092446,-0.000252708160793,0.15201267889703984,0.007566584315432546,0.5083728,0.049776007964161276,False,False
2018-10-17,-0.030457918268146415,-0.013936762130186244,-0.0144965150616454,0.17560655920655024,0.008740993489624203,0.6784286,0.049776007964161276,False,True
2018-10-18,-0.031115461410129608,-0.014437167630372017,-0.0003612351391023,0.18050051624202176,0.008984595133998097,0.7167696,0.049776007964161276,False,False
2018-10-19,-0.03291768274272771,-0.015273374786126448,-0.0043087439887895,0.19095755120873426,0.009505104589782692,0.8022253,0.049776007964161276,False,False
2018-10-22,-0.032721580662159126,-0.015182385982440842,-0.0055270973242133,0.18980908350713405,0.009447938452321256,0.79260474,0.049776007964161276,False,False
2018-10-23,-0.03259949097028203,-0.015125737960277934,-0.0313508320071191,0.18918218732216835,0.009416734062825702,0.7873778,0.049776007964161276,False,True
2018-10-26,-0.03433811369042612,-0.01527009784457259,-0.0065812303337732,0.1887593176508116,0.009395685298696447,0.78386176,0.049776007964161276,False,False
2018-10-30,-0.036690634221218786,-0.016316259523994882,0.0107928386719991,0.2027582976667719,0.01009249863946102,0.9044404,0.049776007964161276,False,False
2018-10-31,-0.038045899002484035,-0.016918943352285474,0.0105024525039048,0.21083849376844224,0.010494698544969748,0.97796315,0.049776007964161276,False,False
2018-11-01,-0.038592845376438256,-0.017162169428164644,-0.006336699810107,0.21442370967952046,0.010673156280712815,1.0115056,0.049776007964161276,False,False
2018-11-02,-0.03904160831059637,-0.017361733503681188,0.0055846938170283,0.21714934115404627,0.01080882733469618,1.0373844,0.049776007964161276,False,False
2018-11-05,-0.03923513104248436,-0.017447792717000834,0.0062398268627495,0.21833687482670194,0.010867938020244,1.0487618,0.049776007964161276,False,False
2018-11-06,-0.03894307048275327,-0.017317913907586854,0.0209870990157887,0.21689951590540724,0.010796392031130276,1.0349988,0.049776007964161276,False,False
2018-11-07,-0.03829183794041276,-0.01702831195883793,-0.0025121349979599,0.21552097556639566,0.010727773796236718,1.0218844,0.049776007964161276,False,False
2018-11-08,-0.03979467716895163,-0.01769662188032465,-0.0092415615930208,0.22401622303265936,0.011150633301774982,1.1040319,0.049776007964161276,False,False
2018-11-09,-0.03945683901693076,-0.01754638585735911,-0.0198981367275931,0.22251492289078256,0.011075904573956324,1.0892836,0.049776007964161276,False,True
2018-11-13,-0.03948696763772662,-0.01929680625999938,-0.0075962428487097,0.2248618666891056,0.011192726067153092,1.1123829,0.049776007964161276,False,False
2018-11-14,-0.03846065169910573,-0.018795258002082635,0.0105380795453542,0.21929936989504467,0.010915847182431293,1.0580287,0.049776007964161276,False,False
2018-11-15,-0.037850925892458774,-0.018497292332230922,0.0022208125151236,0.21619642794122537,0.010761395119025654,1.0282997,0.049776007964161276,False,False
2018-11-16,-0.037259843013689814,-0.01820843723705492,-0.0167831468390932,0.2125251963671816,0.01057865586695777,0.9936731,0.049776007964161276,False,False
2018-11-19,-0.03631179021501995,-0.019156238438838274,-0.0183179621543084,0.20848306667667063,0.010377454787290723,0.95623416,0.049776007964161276,False,False
2018-11-20,-0.03687410303307305,-0.01988311080514974,0.0030386544464441,0.21337635338016764,0.010621023065214915,1.0016483,0.049776007964161276,False,False
2018-11-21,-0.03819646806463923,-0.02059615134809945,-0.0065764677658551,0.2208626681488254,0.010993661928761842,1.073167,0.049776007964161276,False,False
2018-11-23,-0.03747001143991213,-0.020204434224794003,0.0154130163667814,0.21687811826419506,0.010795326941970884,1.0347946,0.049776007964161276,False,False
2018-11-26,-0.03697921681716064,-0.019939789852075653,0.0032563952280602,0.21516826396609193,0.010710217220810947,1.0185424,0.049776007964161276,False,False
2018-11-27,-0.0367902684617026,-0.01983790585276444,0.0227140079388842,0.214115559283469,0.0106578177841448,1.0086004,0.049776007964161276,False,False
2018-11-28,-0.03525825659184402,-0.019011820354877706,-0.0022001085212538,0.20712540557923753,0.010309875837692262,0.94382054,0.049776007964161276,False,False
2018-11-29,-0.03663932832750692,-0.019756516499090805,0.0081522042335888,0.21526402393340138,0.010714983769706391,1.0194492,0.049776007964161276,False,False
2018-11-30,-0.03573895293685098,-0.019271019573441246,0.0108819314928281,0.20997372129950842,0.010451653623668912,0.9699572,0.049776007964161276,False,False
2018-12-03,-0.034908552634315436,-0.01882325434337897,-0.0329002085423447,0.20559324361024567,0.010233610931321338,0.9299088,0.049776007964161276,False,True
2018-12-04,-0.034637567944145874,-0.018656126129991516,-0.0015233481015795,0.20388696734844397,0.010148679310524837,0.9145377,0.049776007964161276,False,False
2018-12-06,-0.03985744003304328,-0.021467599274697418,-0.023596383238556,0.23455256243634293,0.01167509021584584,1.2103279,0.049776007964161276,False,True
2018-12-07,-0.03865333501268683,-0.022186029768331977,0.0017606440003852,0.23013791319751964,0.011455346600175194,1.1651961,0.049776007964161276,False,False
2018-12-10,-0.03939925139822635,-0.022614166774591195,-0.0003564318930519,0.23455256243634293,0.01167509021584584,1.2103279,0.049776007964161276,False,False
2018-12-11,-0.039423790996597166,-0.022628251879014377,0.0054048563356254,0.23455256243634293,0.01167509021584584,1.2103279,0.049776007964161276,False,False
2018-12-12,-0.038980297084530866,-0.022373697669605345,-0.0001999392643992,0.2320053682764494,0.011548301059056715,1.1841828,0.049776007964161276,False,False
2018-12-13,-0.03812755591847261,-0.021884245960234316,-0.0192711787507276,0.2269186578329937,0.011295104919511882,1.1328257,0.049776007964161276,False,False
2018-12-14,-0.0369959431009851,-0.02181976707594355,-0.0209922805944017,0.2218552660878463,0.011043069491679757,1.0828347,0.049776007964161276,False,False
2018-12-17,-0.03758925692557421,-0.02301450436933079,8.640835809843542e-05,0.22732943656128815,0.011315551844762975,1.1369308,0.049776007964161276,False,False
2018-12-18,-0.03884814510331716,-0.02378527479250061,-0.0155154781132096,0.23455256243634293,0.01167509021584584,1.2103279,0.049776007964161276,False,False
2018-12-19,-0.038015214127920215,-0.023275302126358817,-0.0158977934030968,0.230452854575113,0.011471023124694524,1.1683874,0.049776007964161276,False,False
2018-12-20,-0.038254862775269,-0.023422030082498872,-0.0208032006534831,0.23298579746023537,0.011597102909917141,1.1942124,0.049776007964161276,False,False
2018-12-21,-0.03819903095849006,-0.02395960262244861,-0.0274865659224074,0.23455256243634293,0.01167509021584584,1.2103279,0.049776007964161276,False,True
2018-12-26,-0.03608465618518681,-0.02273532229627145,0.0085261777916688,0.23455256243634293,0.01167509021584584,1.2103279,0.049776007964161276,False,False
2018-12-27,-0.03603628503668308,-0.02270484580661254,-0.0012423185913211,0.23455256243634293,0.01167509021584584,1.2103279,0.049776007964161276,False,False
2018-12-28,-0.036036468638562,-0.022704961485915946,0.0084565829777873,0.23455256243634293,0.01167509021584584,1.2103279,0.049776007964161276,False,False
2018-12-31,-0.03599175766033191,-0.022676791105269236,0.0012677203464647,0.23455256243634293,0.01167509021584584,1.2103279,0.049776007964161276,False,False
2019-01-02,-0.0360053994619561,-0.022685386192195824,-0.0250682762635352,0.23455256243634293,0.01167509021584584,1.2103279,0.049776007964161276,False,True
2019-01-03,-0.03567551750145351,-0.022685111001977527,0.0337593783187288,0.23455256243634293,0.01167509021584584,1.2103279,0.049776007964161276,False,False
2019-01-04,-0.03501969565783237,-0.022268091366047623,0.0069859758341247,0.23455256243634293,0.01167509021584584,1.2103279,0.049776007964161276,False,False
2019-01-07,-0.035000165373264516,-0.022255672578477017,0.0096485984958667,0.23455256243634293,0.01167509021584584,1.2103279,0.049776007964161276,False,False
2019-01-08,-0.03497435530012586,-0.022239260640679742,0.0040896523041704,0.23455256243634293,0.01167509021584584,1.2103279,0.049776007964161276,False,False
2019-01-09,-0.034965731251762326,-0.02223377683811387,0.0045082676325783,0.23455256243634293,0.01167509021584584,1.2103279,0.049776007964161276,False,False
2019-01-10,-0.034954288119710124,-0.0222265004553451,-0.0001463536754715,0.23455256243634293,0.01167509021584584,1.2103279,0.049776007964161276,False,False
2019-01-11,-0.03495472929731764,-0.022226780988430506,-0.0052714324201361,0.23455256243634293,0.01167509021584584,1.2103279,0.049776007964161276,False,False
2019-01-14,-0.03497034509931274,-0.022236710660834814,0.0106646417681244,0.23455256243634293,0.01167509021584584,1.2103279,0.049776007964161276,False,False
2019-01-15,-0.034930278870266576,-0.02221123361335244,0.0022195019060886,0.23455256243634293,0.01167509021584584,1.2103279,0.049776007964161276,False,False
2019-01-16,-0.03493293915152689,-0.022212925215322452,0.0075627828542582,0.23455256243634293,0.01167509021584584,1.2103279,0.049776007964161276,False,False
2019-01-17,-0.03495079902948442,-0.022224281835837682,0.0130969126470368,0.23455256243634293,0.01167509021584584,1.2103279,0.049776007964161276,False,False
2019-01-18,-0.03485175946492886,-0.022161305215654417,-0.0142584543634768,0.23455256243634293,0.01167509021584584,1.2103279,0.049776007964161276,False,False
2019-01-22,-0.03475317654378617,-0.0220986189628501,0.0022004713333086,0.23455256243634293,0.01167509021584584,1.2103279,0.049776007964161276,False,False
2019-01-23,-0.03478831378355112,-0.022120961797381884,0.0013747320396555,0.23455256243634293,0.01167509021584584,1.2103279,0.049776007964161276,False,False
2019-01-24,-0.034790149992057325,-0.02212212939344505,0.0084528936024961,0.23455256243634293,0.01167509021584584,1.2103279,0.049776007964161276,False,False
2019-01-25,-0.034623372637490865,-0.022016080117473028,-0.0078778091211158,0.23371331506006165,0.011633315831760162,1.2016821,0.049776007964161276,False,False
2019-01-28,-0.03407239163870259,-0.021665725981279117,-0.0014572709979783,0.23020514566557607,0.01145869316404062,1.165877,0.049776007964161276,False,False
2019-01-29,-0.03354784031129388,-0.021332177768894633,0.0154295916792461,0.2261351767899417,0.011256106360873156,1.1250166,0.049776007964161276,False,False
2019-01-30,-0.031101878628012523,-0.019776855907353015,0.0085606309079408,0.21033976842674848,0.010469873988389672,0.973342,0.049776007964161276,False,False
2019-01-31,-0.030617864704464617,-0.019469084349961037,0.0008982318744328,0.2069383483069293,0.010300564873416093,0.94211656,0.049776007964161276,False,False
2019-02-01,-0.0299022169941244,-0.019014023039449778,0.0067533489353567,0.2021037537324017,0.010059918055370915,0.8986104,0.049776007964161276,False,False
2019-02-04,-0.029056078724417955,-0.01847598625916958,0.004697431279443,0.1965340509474584,0.009782680485189568,0.84976393,0.049776007964161276,False,False
2019-02-05,-0.02880594884363655,-0.018149335486223488,-0.0022269728784431,0.19348886977620375,0.009631103522956881,0.82363474,0.049776007964161276,False,False
2019-02-06,-0.027961503944053286,-0.018108038220769587,-0.0094011719208093,0.1883379747349767,0.009374712530362206,0.78036624,0.049776007964161276,False,False
2019-02-07,-0.026154331487976676,-0.01693770246302087,0.0006760338865466,0.17553796533151245,0.00873757916035403,0.6778987,0.049776007964161276,False,False
2019-02-08,-0.025457224095688492,-0.01648625152072561,0.000708790508255,0.17078529849439084,0.008501010378018458,0.6416876,0.049776007964161276,False,False
2019-02-11,-0.02291571202187313,-0.015832259256056455,0.0128078780378358,0.1636778571129611,0.008147230319211603,0.5893897,0.049776007964161276,False,False
2019-02-12,-0.02229052790891532,-0.01540032517739165,0.0030194138361176,0.15905247847515896,0.007916997435299103,0.5565492,0.049776007964161276,False,False
2019-02-13,-0.02285007947718862,-0.015786914321450535,-0.0026551456286969,0.16251241910585285,0.008089219467688046,0.5810263,0.049776007964161276,False,False
2019-02-14,-0.022679501620729133,-0.015669063615165207,0.0108199623678062,0.16130408888465628,0.00802907361297443,0.5724182,0.049776007964161276,False,False
2019-02-15,-0.02255121206696979,-0.015580429516734268,0.0014976529973075,0.16021555082847835,0.007974890534020824,0.5647185,0.049776007964161276,False,False
2019-02-19,-0.022897190420896017,-0.015819462848586024,0.001775554608288,0.1622534255136362,0.008076327800579203,0.57917583,0.049776007964161276,False,False
2019-02-20,-0.022667835370465062,-0.015661003507822676,-0.0035326446287138,0.16063654627761392,0.007995846006849872,0.5676902,0.049776007964161276,False,False
2019-02-21,-0.022384845607940254,-0.015465488427042026,0.0063906244381742,0.15856575206289888,0.007892770137526078,0.55314815,0.049776007964161276,False,False
2019-02-22,-0.022006268655352663,-0.015203933016674963,0.0012310380564024,0.15590686322288702,0.007760421265449827,0.5347529,0.049776007964161276,False,False
2019-02-25,-0.02150606837280993,-0.014858349141925171,-0.0007906963011304,0.15236452999304007,0.007584098058389252,0.5107289,0.049776007964161276,False,False
2019-02-26,-0.021146710032630387,-0.01461007169795494,-0.0005441904227899,0.1491250131448596,0.007422847841954186,0.48924193,0.049776007964161276,False,False
2019-02-27,-0.020910998814119425,-0.014447220937853552,-0.0028295460586895,0.14708867146292157,0.0073214868821762855,0.4759717,0.049776007964161276,False,False
2019-02-28,-0.020651700167613408,-0.014268073835973874,0.0068716739803607,0.14483672625659305,0.0072093940396512225,0.4615089,0.049776007964161276,False,False
2019-03-01,-0.02041758694163344,-0.014106327114534512,-0.0038881492742662,0.14297596110726254,0.007116772578758713,0.44972676,0.049776007964161276,False,False
2019-03-04,-0.02050323683731492,-0.014165501856841843,-0.0011321175028613,0.14311782177314922,0.007123833836393689,0.45061964,0.049776007964161276,False,False
2019-03-05,-0.020021178634445854,-0.013832452181708603,-0.0065454909924979,0.13969309542382868,0.006953364630354838,0.42931154,0.049776007964161276,False,False
2019-03-06,-0.01945937845530869,-0.013444309492635332,-0.00815890388896,0.13558152529013678,0.006748707082634982,0.4044117,0.049776007964161276,False,False
2019-03-07,-0.019362458585667625,-0.013377348426718816,-0.0021340139198386,0.13506336560027196,0.0067229151617855636,0.40132648,0.049776007964161276,False,False
2019-03-08,-0.019590716074419937,-0.013535049471993497,0.0145595429409951,0.1366671138204067,0.006802743345963499,0.4109138,0.049776007964161276,False,False
2019-03-11,-0.019313339718721772,-0.013343412643483793,0.0029489762744178,0.13522441784610567,0.006730931699656828,0.40228415,0.049776007964161276,False,False
2019-03-12,-0.02075318995535577,-0.014338192217189589,0.0069255815470474,0.14451074197254177,0.007193167843332095,0.4594338,0.049776007964161276,False,False
2019-03-13,-0.020567586243111603,-0.014209960282334967,-0.0008684201706034,0.14334470532759327,0.007135127194006634,0.4520495,0.049776007964161276,False,False
2019-03-14,-0.020683901201134166,-0.01429032124031056,0.0049725193739357,0.14404319901272042,0.007169895421240439,0.45646575,0.049776007964161276,False,False
2019-03-15,-0.020571366630679558,-0.014212572118092334,0.003699110562037,0.14323197490910902,0.0071295159237983585,0.45133877,0.049776007964161276,False,False
2019-03-18,-0.020201610857233286,-0.013957111181027087,-0.000130614896285,0.14069006878435114,0.00700298998428826,0.4354613,0.049776007964161276,False,False
2019-03-19,-0.019860862735384,-0.013721691369459247,-0.0029486656918281,0.13831049720235858,0.006884544410271707,0.42085546,0.049776007964161276,False,False
2019-03-20,-0.01965898172951599,-0.013582213598891831,0.0107940496272234,0.13638014051639896,0.006788458960497709,0.40918994,0.049776007964161276,False,False
2019-03-21,-0.019214591482222317,-0.013275188375355207,-0.0191568542350529,0.1335833362634454,0.006649245209728492,0.39257917,0.049776007964161276,False,True
2019-03-22,-0.01950174432740669,-0.01347357969248879,-0.000839425168105,0.13654088964648847,0.006796460410477276,0.41015512,0.049776007964161276,False,False
2019-03-25,-0.022768275498997605,-0.015152971143294202,0.0071571051948916,0.15740732338282565,0.00783510818232084,0.54509544,0.049776007964161276,False,False
2019-03-26,-0.022802408088316652,-0.014907919060560246,-0.0046551989086819,0.15636699837823256,0.007783324956606897,0.53791404,0.049776007964161276,False,False
2019-03-27,-0.023175702602274067,-0.015151974178698391,0.0035831172994041,0.15677499800669747,0.007803633549362742,0.5407248,0.049776007964161276,False,False
2019-03-28,-0.023320519741621984,-0.015246653748663935,0.0067117196856877,0.15678323194200908,0.0078040434017923885,0.5407816,0.049776007964161276,False,False
2019-03-29,-0.02311867702379484,-0.015114691594110951,0.0115021815000527,0.155523690098384,0.007741348436952912,0.5321276,0.049776007964161276,False,False
2019-04-01,-0.023120307247943426,-0.015115757413543865,1.7438524840564605e-05,0.155363977338846,0.00773339857336217,0.53103524,0.049776007964161276,False,False
2019-04-02,-0.023958586350127528,-0.015245609952503458,0.0021461030004631,0.15923693038990672,0.007926178715276592,0.5578408,0.049776007964161276,False,False
2019-04-03,-0.023773760633014587,-0.015127999474526293,0.0020824685638528,0.15752692410563288,0.007841061428851812,0.5459241,0.049776007964161276,False,False
2019-04-04,-0.02357932290889237,-0.015004272570997864,0.0046256836918425,0.15583629230702328,0.007756908526979756,0.5342689,0.049776007964161276,False,False
2019-04-05,-0.023378079261625318,-0.014876214842264788,0.0010469016298636,0.1544274851890627,0.007686783732656183,0.52465266,0.049776007964161276,False,False
2019-04-08,-0.023473499590521692,-0.014266701399541785,-0.0060859527261046,0.15336869717359952,0.0076340814919661285,0.51748306,0.049776007964161276,False,False
2019-04-09,-0.02315122980279946,-0.01407083257249295,0.0034718343144997,0.15137365718944987,0.0075347763658262755,0.50410765,0.049776007964161276,False,False
2019-04-10,-0.02338920507077198,-0.014215468955983496,3.808514800869783e-05,0.1520818305446715,0.007570026408395794,0.50883543,0.049776007964161276,False,False
2019-04-11,-0.022873214024684375,-0.013901860405584752,0.0065876322869365,0.14861360209372737,0.007397391841400068,0.48589206,0.049776007964161276,False,False
2019-04-12,-0.022480065309490534,-0.013662912850975177,-0.0006296243621458,0.14598513311604402,0.007266557148633351,0.4688565,0.049776007964161276,False,False
2019-04-15,-0.022371807027511823,-0.013597115734654214,0.0005092350573861,0.14525145907575718,0.0072300377837609345,0.4641557,0.049776007964161276,False,False
2019-04-16,-0.022231905468907527,-0.013512086497567471,-0.002276363830394,0.14415225536658358,0.007175323811178874,0.4571572,0.049776007964161276,False,False
2019-04-17,-0.022105696903194978,-0.013435379574761108,0.0015778199046987,0.14301744966643373,0.00711883771361044,0.4499878,0.049776007964161276,False,False
2019-04-18,-0.022025277975743756,-0.013386502635027704,0.0010115259764941,0.1425015582051968,0.007093158696127267,0.44674727,0.049776007964161276,False,False
2019-04-22,-0.021982582294801115,-0.013360553094410216,0.0088023644018914,0.14211170382356395,0.007073753301322247,0.4443062,0.049776007964161276,False,False
2019-04-23,-0.02192705213961096,-0.01332680302916268,-0.002194191904615,0.14172807189698294,0.007054657635489445,0.44191062,0.049776007964161276,False,False
2019-04-24,-0.02196420331351522,-0.01334938273453173,-0.0003690150415501,0.14198868712938814,0.007067630021373228,0.44353732,0.049776007964161276,False,False
2019-04-25,-0.021028305063675534,-0.01278056338063326,0.004674363485904,0.13535687845637748,0.006737525060048655,0.40307266,0.049776007964161276,False,False
2019-04-26,-0.020258724646558528,-0.012312828521942805,0.0010708986882482,0.13045031447050845,0.0064932958920113715,0.37438026,0.049776007964161276,False,False
2019-04-29,-0.019708512365386618,-0.011978421021622318,0.0009509481329165,0.1266248934308086,0.006302881703873001,0.352745,0.049776007964161276,False,False
2019-04-30,-0.019216443954488124,-0.011679352147832806,-0.0075304126495015,0.1234628320956996,0.00614548691367345,0.33534756,0.049776007964161276,False,False
2019-05-01,-0.01890466575669582,-0.01148985988939742,-0.0021262580234037,0.12142839266602579,0.006044220640419402,0.3243868,0.049776007964161276,False,False
2019-05-02,-0.01908056708039299,-0.011596769029693864,0.0095921706414815,0.12256273903597292,0.006100683874364008,0.33047575,0.049776007964161276,False,False
2019-05-03,-0.018532727889052938,-0.011263803843668903,-0.0044810396666553,0.1191135439974664,0.0059289967146573625,0.3121368,0.049776007964161276,False,False
2019-05-06,-0.018874905373225396,-0.011471772151654224,-0.0166495150098183,0.12135909525041788,0.006040771291708207,0.32401666,0.049776007964161276,False,True
2019-05-07,-0.018892252282024402,-0.011482315239491898,-0.0016066713268179,0.12184537891785788,0.006064976551411542,0.32661852,0.049776007964161276,False,False
2019-05-08,-0.022297496174043755,-0.013551951154354386,-0.0030260155887187,0.14378736352368002,0.007157160951900449,0.45484573,0.049776007964161276,False,False
2019-05-09,-0.0220212343340313,-0.013384044994288798,0.003713417756454,0.1420398583624905,0.007070177121079667,0.44385707,0.049776007964161276,False,False
2019-05-10,-0.021965154836017534,-0.013349961049979032,-0.0244265447064441,0.1414374371811213,0.007040190999558054,0.44010007,0.049776007964161276,True,True
2019-05-13,-0.021464549220729302,-0.013658574860941625,0.0079840602076551,0.139827692666237,0.006960064343764909,0.43013924,0.049776007964161276,False,False
2019-05-14,-0.02731316999525547,-0.017380238142133506,0.0058219770208102,0.17815825447158948,0.00886800669345891,0.698288,0.049776007964161276,False,False
2019-05-15,-0.02696145736403344,-0.017156432216666153,0.0088559196487121,0.1759853945386068,0.008759850400129755,0.6813589,0.049776007964161276,False,False
2019-05-16,-0.026447147357867764,-0.016829160413810815,-0.0058544236531281,0.17272230734489813,0.008597426945987962,0.6563259,0.049776007964161276,False,False
2019-05-17,-0.026411374270947717,-0.016806396861654194,-0.0067722408534153,0.172571921765443,0.008589941352187307,0.6551835,0.049776007964161276,False,False
2019-05-20,-0.026258187835912206,-0.01670891946443065,0.0084599047136238,0.17174795221751288,0.008548927437407311,0.6489419,0.049776007964161276,False,False
2019-05-21,-0.02610234120358883,-0.016609749299125773,-0.0028283616990028,0.17095270478330338,0.00850934319478862,0.6429462,0.049776007964161276,False,False
2019-05-22,-0.026075816129821322,-0.016592870551660827,-0.0119856819430164,0.17062247001121297,0.008492905426143005,0.6404646,0.049776007964161276,False,False
2019-05-23,-0.02566301140602008,-0.016330189786040818,0.0013526195784275,0.16841955187728488,0.008383252955564205,0.6240332,0.049776007964161276,False,False
2019-05-24,-0.026452850931441115,-0.01683278977894797,-0.0084108909346528,0.17357237159703207,0.00863973975097223,0.6628021,0.049776007964161276,False,False
2019-05-28,-0.02592480232008393,-0.01649677566496541,-0.0069359555174738,0.17035823218361734,0.008479752721932172,0.6384824,0.049776007964161276,False,False
2019-05-29,-0.02613551066451611,-0.016630856081314087,0.0020962411748005,0.1719036794254271,0.008556678916148686,0.65011925,0.049776007964161276,False,False
2019-05-30,-0.026248641488969784,-0.016702844820466748,-0.0132831880231201,0.17214864084695686,0.008568872117817664,0.6519734,0.049776007964161276,False,False
2019-05-31,-0.025864628206964144,-0.016458484964318246,-0.0027690315718501,0.1697111101521963,0.008447541570542375,0.63364094,0.049776007964161276,False,False
2019-06-03,-0.02703528345422196,-0.017203410104212783,0.0212059023221795,0.1772372959929966,0.008822165056893807,0.6910873,0.049776007964161276,False,False
2019-06-04,-0.026478284557845833,-0.01684897400376731,0.0081287685006414,0.1748288721734901,0.008702283333672978,0.67243296,0.049776007964161276,False,False
2019-06-05,-0.0291177595135504,-0.01852855580655005,0.006116809555866,0.19244269513050088,0.009579029125460473,0.8147522,0.049776007964161276,False,False
2019-06-06,-0.028792041689796218,-0.01832129120324811,0.010442945224567,0.19043431819253206,0.009479060139001098,0.79783505,0.049776007964161276,False,False
2019-06-07,-0.028391937310432446,-0.018066692070439254,0.0046492574289522,0.18793086252904043,0.009354448109957215,0.7769962,0.049776007964161276,False,False
2019-06-10,-0.02824632015452157,-0.017974031246091485,-0.0003499380714625,0.18704436274949224,0.009310321689870196,0.76968306,0.049776007964161276,False,False
2019-06-11,-0.027729521454100996,-0.017645175807985435,-0.0020396984988729,0.18358888731471343,0.009138321917108682,0.74150735,0.049776007964161276,False,False
2019-06-12,-0.02720125520463469,-0.017309023203957014,0.0040890781712417,0.18010635746691453,0.008964975483669216,0.7136426,0.049776007964161276,False,False
2019-06-13,-0.02683608501780453,-0.017076653808144732,-0.0016128421699837,0.17773762199581514,0.00884706928799478,0.69499457,0.049776007964161276,False,False
2019-06-14,-0.025797317122899063,-0.016415652782229548,0.0009313357030248,0.1708055034242164,0.008502016098766371,0.64183944,0.049776007964161276,False,False
2019-06-17,-0.02502463690383703,-0.01592397180132009,0.0096704625570111,0.16567280184969188,0.008246530704315176,0.6038445,0.049776007964161276,False,False
2019-06-18,-0.024391824430906397,-0.015521293112586508,0.002980730141062,0.16178786615925075,0.008053154114447524,0.5758569,0.049776007964161276,False,False
2019-06-19,-0.024487798543276203,-0.015582364490561199,0.0094276151277163,0.16243230757904828,0.0080852318356918,0.5804536,0.049776007964161276,False,False
2019-06-20,-0.024073710355877583,-0.015318867016262805,-0.0012600261801485,0.15990915034367598,0.007959639141049078,0.5625606,0.049776007964161276,False,False
2019-06-21,-0.024345748935070077,-0.015491973810202668,-0.001733434856124,0.16171686818184877,0.008049620118558923,0.5753516,0.049776007964161276,False,False
2019-06-24,-0.024070115918070005,-0.015316579761246502,-0.0095417023155633,0.15975104922119518,0.007951769498317331,0.56144875,0.049776007964161276,False,False
2019-06-25,-0.023810771327046537,-0.015151550555422163,-0.0012347459021461,0.15834122388632146,0.007881594021220581,0.55158275,0.049776007964161276,False,False
2019-06-26,-0.02428802076604361,-0.015455239541519701,0.0038159225573172,0.16084740086068025,0.008006341506255862,0.5691815,0.049776007964161276,False,False
2019-06-27,-0.023975518161921554,-0.01525638420247917,0.0057409118108132,0.15880754504631184,0.007904805626994119,0.5548364,0.049776007964161276,False,False
2019-06-28,-0.023696594262962892,-0.015078896060741098,0.0076429955755801,0.15679098710182177,0.007804429422688988,0.5408351,0.049776007964161276,False,False
2019-07-01,-0.023531640078606027,-0.01497393047061876,0.0029238703472561,0.15576398229956173,0.007753309223472461,0.5337732,0.049776007964161276,False,False
2019-07-02,-0.023640603783909205,-0.015043267539415513,0.0076430761271929,0.15650671783432407,0.007790279633366056,0.53887576,0.049776007964161276,False,False
2019-07-03,-0.02318235953138607,-0.014751672157499042,-0.0018074819954691,0.15362199327629433,0.0076466895607911565,0.51919377,0.049776007964161276,False,False
2019-07-05,-0.02319802628229778,-0.014761641409028846,-0.004847185993376,0.15364843282341317,0.007648005615899113,0.5193725,0.049776007964161276,False,False
2019-07-08,-0.022166474412259538,-0.014105232169078222,0.0012358159804265,0.14668970652366853,0.007301628000182605,0.47339314,0.049776007964161276,False,False
2019-07-09,-0.021518620604088712,-0.013692982200683749,0.0045004847673177,0.1422048074880989,0.007078387630069632,0.44488856,0.049776007964161276,False,False
2019-07-10,-0.020820303529545656,-0.013248620852060185,0.0022826717159195,0.13743034599388884,0.006840733996709251,0.4155162,0.049776007964161276,False,False
2019-07-11,-0.02022456159300457,-0.012869531323816543,0.0046094985236418,0.1334804684384403,0.006644124860051782,0.39197478,0.049776007964161276,False,False
2019-07-12,-0.019752791819928884,-0.01256932922330093,0.0001758440102274,0.13026473045302783,0.006484058260479235,0.3733158,0.049776007964161276,False,False
2019-07-15,-0.019637838476250113,-0.012496180757241567,-0.0034095813595054,0.1293108868368996,0.006436579733046272,0.36786872,0.049776007964161276,False,False
2019-07-16,-0.019508505492123823,-0.012413882068948038,-0.0065526262851549,0.12849521038120096,0.006395978615291237,0.36324242,0.049776007964161276,False,False
2019-07-17,-0.019474221985747598,-0.01239206638423368,0.0035755356654507,0.12839277096613982,0.00639087959015131,0.36266348,0.049776007964161276,False,False
2019-07-18,-0.01982753701125592,-0.012616891964113105,-0.0061958896877547,0.130714475445182,0.006506444770790543,0.37589803,0.049776007964161276,False,False
2019-07-19,-0.019811348974071268,-0.012606591001560172,0.0028247279603128,0.13071322183940065,0.0065063823712991865,0.37589082,0.049776007964161276,False,False
2019-07-22,-0.01994310984891039,-0.012690434633878122,0.0068241647017276,0.13155191508920105,0.0065481291731807395,0.38072994,0.049776007964161276,False,False
2019-07-23,-0.019697680593850395,-0.012534260198588108,0.0046771636608934,0.13004857484102553,0.0064732988970147105,0.3720779,0.049776007964161276,False,False
2019-07-24,-0.019597788204862857,-0.01247069549666989,-0.0052762510690202,0.12943575099779672,0.006442794972513525,0.3685795,0.049776007964161276,False,False
2019-07-25,-0.019450864442366583,-0.012377203237024924,0.0073604742596646,0.12849420397257402,0.006395928520287408,0.36323673,0.049776007964161276,False,False
2019-07-26,-0.01963174652214039,-0.012492304253225506,-0.0016173767299502,0.1296141599307169,0.006451675456979437,0.36959627,0.049776007964161276,False,False
2019-07-29,-0.01967892742341683,-0.012522326960223176,-0.0025819723830935,0.1299053799011909,0.0064661712245490735,0.37125897,0.049776007964161276,False,False
2019-07-30,-0.01949234765659025,-0.012403600324665566,-0.0109451903192765,0.12856714199203464,0.00639955908372497,0.36364922,0.049776007964161276,False,False
2019-07-31,-0.019334848163774156,-0.012303378391697532,-0.0090395867268047,0.12777143122139487,0.006359951778068435,0.35916185,0.049776007964161276,False,False
2019-08-01,-0.020455279506206125,-0.0130163444647224,-0.0073093853544549,0.13536000483558985,0.006737680678725229,0.40309128,0.049776007964161276,False,False
2019-08-02,-0.02109370848920531,-0.013422597117317959,-0.0302301620835866,0.13974660509781137,0.006956028128313159,0.4296405,0.049776007964161276,True,True
2019-08-05,-0.02204256631281594,-0.013756010214432474,0.0129330137007771,0.14202087394592258,0.007069232152609387,0.44373843,0.049776007964161276,False,False
2019-08-06,-0.03199031370852938,-0.019964058444572816,0.0007665958837026,0.20672505895512522,0.010289948180942022,0.9401755,0.049776007964161276,False,False
2019-08-07,-0.03159742911577489,-0.019718872634793418,0.018588425780336,0.2041380504373539,0.010161177224358083,0.91679156,0.049776007964161276,False,False
2019-08-08,-0.030021739082188373,-0.01873553848534852,-0.006638529760062,0.1952753138054531,0.009720025575184326,0.83891386,0.049776007964161276,False,False
2019-08-09,-0.031633584759748076,-0.019741436133106013,-0.0120296501003442,0.20594610504163022,0.01025117496474018,0.9331035600000002,0.049776007964161276,False,False
2019-08-12,-0.030854868687884125,-0.019255466120055624,0.0146541304321555,0.20145457417131402,0.010027604488368045,0.8928468000000002,0.049776007964161276,False,False
2019-08-13,-0.03098060250158749,-0.019333932284160908,-0.0297303634730913,0.20291907253878333,0.010100501370770698,0.9058753000000002,0.049776007964161276,False,True
2019-08-19,-0.03071049681313726,-0.019509607037222952,-0.0079462520811493,0.20533862719464602,0.010220937142590644,0.92760694,0.049776007964161276,False,False
2019-08-20,-0.031205409095218364,-0.01982401237556861,0.0082130062994995,0.20886233395577705,0.010396333198396071,0.95971644,0.049776007964161276,False,False
2019-08-21,-0.031206020179327724,-0.019824400581950057,-0.0005062096294763,0.20910620833355562,0.01040847229136663,0.96195894,0.049776007964161276,False,False
2019-08-22,-0.031055414115254594,-0.019728724333357664,-0.0262889355580667,0.20808300354338496,0.010357541241582129,0.9525678,0.049776007964161276,False,True
2019-08-26,-0.03010189879945825,-0.01985168839732085,-0.0032083318806849,0.20475491225098627,0.010191882142906237,0.92234063,0.049776007964161276,False,False
2019-08-28,-0.030783961671145138,-0.020301497217897767,0.012607435438741,0.2092270732525267,0.010414488464535925,0.9630713,0.049776007964161276,False,False
2019-08-29,-0.030559693018465547,-0.02015359586988173,0.0006426208211523,0.208307003548303,0.010368691067610902,0.95461977,0.049776007964161276,False,False
2019-08-30,-0.03117728310175167,-0.020560885987104902,-0.0069230294011075,0.21239389864546057,0.010572120390515707,0.9924457,0.049776007964161276,False,False
2019-09-03,-0.030751601783324208,-0.02028015642428627,0.0107837220263515,0.20960224669163693,0.010433163100629016,0.96652824,0.049776007964161276,False,False
2019-09-04,-0.030746781557678713,-0.020276977567757763,0.0129259228942132,0.21001175291786972,0.010453546685807353,0.9703086,0.049776007964161276,False,False
2019-09-05,-0.030825650411471936,-0.0203289902304867,0.0009102039182753,0.21117023507544377,0.010511211302909098,0.9810431,0.049776007964161276,False,False
2019-09-06,-0.03072070950176141,-0.020259783491948923,-9.400484131865216e-05,0.21042126145598328,0.010473930386061885,0.97409636,0.049776007964161276,False,False
2019-09-09,-0.02979797835964666,-0.019651258055404183,0.0003222655294413,0.20404822290999566,0.010156705968640899,0.9159849,0.049776007964161276,False,False
2019-09-10,-0.029173319089108838,-0.019239305929864586,0.0072036590507942,0.1997507651595312,0.009942795677428133,0.8778080999999999,0.049776007964161276,False,False
2019-09-11,-0.028405233277973018,-0.01873276644919415,0.002874970784836,0.19465577426458597,0.00968918737006401,0.83359915,0.049776007964161276,False,False
2019-09-12,-0.028095860304427157,-0.018528740254358373,-0.0007246184436619,0.19251696147234781,0.009582725807483714,0.81538117,0.049776007964161276,False,False
2019-09-13,-0.02766115488556568,-0.018242059451351347,-0.0031405356059661,0.189540856713365,0.009434587193298408,0.7903662,0.049776007964161276,False,False
2019-09-16,-0.02720088991928597,-0.017938522563141737,0.0025784285879443,0.1863348159533361,0.009275003282893783,0.7638545999999999,0.049776007964161276,False,False
2019-09-17,-0.026068551284605532,-0.017191764563399596,0.0003426235349354,0.17859721442396576,0.008889856367544339,0.70173323,0.049776007964161276,False,False
2019-09-18,-0.025326437177192348,-0.016702352977978695,1.995503465594414e-05,0.17340994519031797,0.008631654812858037,0.6615621999999999,0.049776007964161276,False,False
2019-09-19,-0.024650437606083812,-0.01625654280062833,-0.0049076089603009,0.16869858812794977,0.00839714226619959,0.6261027,0.049776007964161276,False,False
2019-09-20,-0.024011346241948145,-0.015835072955727107,-9.692756343391435e-05,0.16439650792575194,0.008183001887792531,0.59457666,0.049776007964161276,False,False
2019-09-23,-0.02374230261471776,-0.01565764327633563,-0.0084520120896715,0.16237942939581074,0.008082599770821838,0.58007574,0.049776007964161276,False,False
2019-09-24,-0.02338920297013408,-0.015424780088395934,0.0061396789000371,0.16017437940626403,0.007972841184980787,0.5644283,0.049776007964161276,False,False
2019-09-25,-0.023871144222411187,-0.015742612117191142,-0.0024318711052058,0.16354568447100923,0.008140651292733163,0.5884382,0.049776007964161276,False,False
2019-09-26,-0.022714560716548694,-0.014979865038781707,-0.0053305084118475,0.15563409885777835,0.007746844144239838,0.5328834,0.049776007964161276,False,False
2019-09-27,-0.021622560902248608,-0.01425970980246792,0.0050349266847075,0.1481998957182801,0.0073767991895609805,0.4831906,0.049776007964161276,False,False
2019-09-30,-0.021195015814789386,-0.01397775111578871,-0.012334130226057,0.14531510745461207,0.007233205945973722,0.46456257,0.049776007964161276,False,False
2019-10-01,-0.02070423776362227,-0.013654091368976017,-0.0180654413886068,0.14234342274934939,0.00708528734441759,0.4457563,0.049776007964161276,False,True
2019-10-02,-0.02182914325348016,-0.014395947336596781,0.0079403822367327,0.15091784339350153,0.007512087774688977,0.5010763,0.049776007964161276,False,False
2019-10-03,-0.025380590845434967,-0.01673806639774289,0.0141167416692291,0.17566870937803766,0.008744087077055136,0.6789089,0.049776007964161276,False,False
2019-10-04,-0.024619607831143923,-0.01623621109034176,-0.0044883622575893,0.17099992025516483,0.008511693392492027,0.6433014,0.049776007964161276,False,False
2019-10-07,-0.025411451256356687,-0.016758418311936498,-0.0156831665132841,0.17635237194579803,0.008778117070472774,0.6842035,0.049776007964161276,False,False
2019-10-08,-0.024300525488652375,-0.016025781732432173,0.0090633502188504,0.16928290602635362,0.008426227278564144,0.63044745,0.049776007964161276,False,False
2019-10-09,-0.026199399029180954,-0.01727805641728259,0.006395208846051,0.1827706337064424,0.00909759251898668,0.7349123,0.049776007964161276,False,False
2019-10-10,-0.025612761530674925,-0.01689117900133915,0.0108795332131446,0.17879620826770654,0.008899761486695199,0.70329785,0.049776007964161276,False,False
2019-10-11,-0.024711437203304598,-0.016119637026890867,-0.0013880421740668,0.173978198738703,0.008659940206008113,0.6659051,0.049776007964161276,False,False
2019-10-15,-0.02445101492998373,-0.015668333202925107,-0.0020015477739079,0.17045925932875894,0.008484781449913338,0.6392399,0.049776007964161276,False,False
2019-10-16,-0.024659078113144283,-0.01580166113595185,0.0027590186583426,0.1718033812769173,0.008551686474709672,0.64936084,0.049776007964161276,False,False
2019-10-17,-0.024428833165226416,-0.015654119016632974,-0.0039270456457136,0.1688326026787265,0.008403812975546366,0.62709785,0.049776007964161276,False,False
2019-10-18,-0.024039459437656285,-0.015404606375889689,0.0068481074978751,0.1661950661120841,0.008272526934399407,0.6076576,0.049776007964161276,False,False
2019-10-21,-0.02402722993668652,-0.015396769650230303,-0.0035750557426104,0.16556411831289794,0.008241120871722147,0.6030525,0.049776007964161276,False,False
2019-10-22,-0.02405613414980445,-0.015415291615203818,0.0028430935856431,0.16580924143561646,0.008253322122230785,0.6048395,0.049776007964161276,False,False
2019-10-23,-0.02397702218120766,-0.015364596268288228,0.0019185981834693,0.16521668966982284,0.008223827260817463,0.6005242,0.049776007964161276,False,False
2019-10-24,-0.02379260959116023,-0.015246423754143043,0.0040644263323678,0.16384647747760153,0.008155623567824864,0.5906047,0.049776007964161276,False,False
2019-10-25,-0.022880742143668045,-0.0149641671376808,0.0055658617746479,0.162084228945099,0.008067905870836186,0.57796854,0.049776007964161276,False,False
2019-10-28,-0.02286667392076684,-0.014954966420435617,-0.0008327422880678,0.16103853293826634,0.008015855298071993,0.570535,0.049776007964161276,False,False
2019-10-29,-0.02301773644926952,-0.015053762382147041,0.0032480476180495,0.16106586174041293,0.008017215616745293,0.57072866,0.049776007964161276,False,False
2019-10-30,-0.02291963290510728,-0.014989601970634824,-0.0030274515138039,0.16023906855354936,0.007976061152491257,0.5648843,0.049776007964161276,False,False
2019-10-31,-0.022923177729259222,-0.014991920310693477,0.0096159785071027,0.15957585827892182,0.007943049192579484,0.560218,0.049776007964161276,False,False
2019-11-01,-0.022727602214150475,-0.014864012541017605,0.0036972108027207,0.15814093254263598,0.00787162431770214,0.5501882,0.049776007964161276,False,False
2019-11-04,-0.022657152738499862,-0.014817938085836986,-0.0011864344814073,0.15736159286525703,0.007832831899714138,0.54477876,0.049776007964161276,False,False
2019-11-05,-0.022083557032488696,-0.014442802438561556,0.0007022791848279,0.15324130406886805,0.007627740371770436,0.51662374,0.049776007964161276,False,False
2019-11-06,-0.021367277597567076,-0.013974350623749385,0.0027264069235454,0.1481918780745852,0.00737640010326457,0.48313832,0.049776007964161276,False,False
2019-11-07,-0.020838392278159392,-0.013628455885432406,0.002557355729783,0.14444012600382208,0.007189652862310706,0.4589849,0.049776007964161276,False,False
2019-11-08,-0.02017693049914188,-0.01319585520516361,-0.0019643733187996,0.1386507827076881,0.006901482464295078,0.42292887,0.049776007964161276,False,False
2019-11-12,-0.018946948663586993,-0.012391438388262052,0.0007112973716774,0.1299421811981985,0.006468003046202016,0.37146935,0.049776007964161276,False,False
2019-11-13,-0.018411789613109093,-0.01170884366030188,0.0008367430830954,0.12517244468768238,0.006230584603667615,0.3446991,0.049776007964161276,False,False
2019-11-14,-0.01792201241251054,-0.011397373412667415,0.0076660034526,0.12183270944581792,0.006064345915670379,0.3265506,0.049776007964161276,False,False
2019-11-15,-0.01734978613383476,-0.01103347027363955,0.0005030044207048,0.11790389576415038,0.00586878525456199,0.30582923,0.049776007964161276,False,False
2019-11-18,-0.017330133077017397,-0.011020972055130812,-0.0005927388069818,0.11751987259415088,0.005849670114193672,0.30384025,0.049776007964161276,False,False
2019-11-19,-0.017114702608821534,-0.010883970616119417,-0.0037632657632212,0.11605496934250989,0.0057767530782732645,0.29631263,0.049776007964161276,False,False
2019-11-20,-0.017097843562227023,-0.010873249228085725,-0.001584031239135,0.11523955286903255,0.005736164901395348,0.2921634,0.049776007964161276,False,False
2019-11-21,-0.017148658273471628,-0.010370220497147932,0.0021725739696912,0.1146941664522735,0.005709017742771204,0.28940454,0.049776007964161276,False,False
2019-11-22,-0.01701452820190464,-0.010289108704302911,0.0074792987268079,0.11378853992464188,0.005663939269519257,0.2848523,0.049776007964161276,False,False
2019-11-25,-0.016842955735679118,-0.010185354563446856,0.0021931231456042,0.11262633310683123,0.0056060892536999125,0.2790632,0.049776007964161276,False,False
2019-11-26,-0.01719199766898022,-0.010396428908352467,0.0041657790039729,0.11441474992325071,0.005695109503397248,0.28799617,0.049776007964161276,False,False
2019-11-27,-0.017111721445681648,-0.010347883878006139,-0.0040193171713462,0.11389462833530106,0.0056692199270931345,0.2853837,0.049776007964161276,False,False
2019-11-29,-0.01726882350541218,-0.010442887403878599,-0.0086685275462029,0.11373869973839958,0.005661458424011926,0.28460282,0.049776007964161276,False,False
2019-12-02,-0.01741335018979138,-0.010530286287268358,-0.0066601718383736,0.11489092851285282,0.005718811772665646,0.29039836,0.049776007964161276,False,False
2019-12-03,-0.018758062856811693,-0.011343467507625457,0.0063036386858473,0.12374123293095446,0.006159344595866325,0.33686164,0.049776007964161276,False,False
2019-12-04,-0.019340241279923506,-0.011695525290810216,0.0014991519920369,0.1273662435655539,0.0063397831540843155,0.35688752,0.049776007964161276,False,False
2019-12-05,-0.018354996480806476,-0.0110885352911477,0.0090942520403683,0.12527639623865883,0.006235758896896906,0.34527186,0.049776007964161276,False,False
2019-12-06,-0.017792256008416676,-0.010748575128563281,-0.0031678491662223,0.12163223257015388,0.006054366977110696,0.3254768,0.049776007964161276,False,False
2019-12-09,-0.018651058125024753,-0.010950717319299547,-0.0010975548602935,0.1257497334173932,0.0062593197320753215,0.3478859,0.049776007964161276,False,False
2019-12-10,-0.018600481464293786,-0.010921021914840116,0.0029039810658439,0.12541498931728434,0.006242657507082347,0.34603623,0.049776007964161276,False,False
2019-12-11,-0.01836793699206119,-0.010784486563198695,0.0085386084998546,0.12385861074041422,0.00616518719464481,0.33750102,0.049776007964161276,False,False
2019-12-12,-0.018204143652251044,-0.010688317512037021,7.258531539142115e-05,0.12287215639916889,0.006116085435498701,0.33214647,0.049776007964161276,False,False
2019-12-13,-0.01882971285654845,-0.011055612036240371,0.0071223916512376,0.12709324243533673,0.0063261942476524015,0.35535923,0.049776007964161276,False,False
2019-12-16,-0.01886775444304071,-0.01094539576526129,0.0003352146109771,0.12622229669047455,0.006282842045319789,0.3505055,0.049776007964161276,False,False
2019-12-17,-0.019466634173115123,-0.010737388249630284,-0.000432353860167,0.128674222183565,0.006404889108191389,0.36425522,0.049776007964161276,False,False
2019-12-18,-0.01942723242740967,-0.010715655070818253,0.0044493085995832,0.12841740890195108,0.006392105968240472,0.36280268,0.049776007964161276,False,False
2019-12-20,-0.019528653986972472,-0.009272632556225948,0.0008657565903054,0.12733616925288746,0.006338286174857514,0.356719,0.049776007964161276,False,False
2019-12-23,-0.019823573017464992,-0.008974133769046953,-0.0001954279179653,0.12762541603529376,0.0063526837250021785,0.35834143,0.049776007964161276,False,False
2019-12-24,-0.019302299861836965,-0.009028657779129774,0.0051150531820716,0.1272240418245774,0.006332704919092952,0.35609105,0.049776007964161276,False,False
2019-12-26,-0.02058295311162294,-0.009627683802391832,3.395098404170214e-05,0.12693955254372058,0.006318544178383304,0.3545003,0.049776007964161276,False,False
2019-12-27,-0.020695378535254116,-0.009680270835175756,-0.0057976021775765,0.1274089657184868,0.00634190969230895,0.35712698,0.049776007964161276,False,False
2019-12-30,-0.020514025395665096,-0.009595442838188863,0.0029416937024937,0.12646123372940674,0.00629473537727261,0.35183376,0.049776007964161276,False,False
2019-12-31,-0.020878787419852645,-0.009766060407638364,0.0083438744546931,0.12849623800648088,0.006396029766375356,0.36324823,0.049776007964161276,False,False
2020-01-02,-0.020615488213096587,-0.009642902107936635,-0.0070849095780836,0.12709459612287363,0.006326261628814019,0.3553668,0.049776007964161276,False,False
2020-01-03,-0.021232074544325106,-0.009563490797945468,0.0035271663583225,0.12993426309974104,0.006467608914870137,0.37142408,0.049776007964161276,False,False
2020-01-06,-0.02259367820889563,-0.010176793284680068,-0.0028071449428897,0.13325721880497268,0.006633012384518302,0.3906647,0.049776007964161276,False,False
2020-01-07,-0.022099723754523945,-0.0099543030673852,0.0048904373587368,0.13024067232348244,0.006482860742831381,0.37317792,0.049776007964161276,False,False
2020-01-08,-0.02184834268853389,-0.00984107435267083,0.0066332440375756,0.12847918473079953,0.006395180922389225,0.36315182,0.049776007964161276,False,False
2020-01-09,-0.0216411022927026,-0.009747727769210153,-0.0028593073050462,0.12736427000037048,0.0063396849178880285,0.35687646,0.049776007964161276,False,False
2020-01-10,-0.02150826849206712,-0.009687895894214543,0.0069520595923161,0.12658921036888643,0.006301105543498578,0.35254622,0.049776007964161276,False,False
2020-01-13,-0.02131845103103927,-0.009602397063752197,-0.0015156867317727,0.12563157355031127,0.006253438205590407,0.34723243,0.049776007964161276,False,False
2020-01-14,-0.021528575212352272,-0.00969704258085499,0.0018684086233433,0.12672068963597927,0.006307650056544514,0.35327893,0.049776007964161276,False,False
2020-01-15,-0.021513181128652883,-0.009690108676327922,0.0083317416322013,0.1262000792392778,0.0062817361492920765,0.35038212,0.049776007964161276,False,False
2020-01-16,-0.021102600818995003,-0.009505172390190013,0.0038547057177216,0.12403063038107673,0.0061737496456484185,0.33843914,0.049776007964161276,False,False
2020-01-17,-0.02156134438169396,-0.009711802685846206,-0.0026554769371424,0.1265641447143413,0.006299857875278312,0.35240662,0.049776007964161276,False,False
2020-01-21,-0.021413807186058238,-0.009645348010874558,0.0002890460596951,0.12507413074580284,0.006225690928113631,0.34415784,0.049776007964161276,False,False
2020-01-22,-0.021563536451846412,-0.008657433743340489,0.0011403144471457,0.12488453576294894,0.006216253646737131,0.34311524,0.049776007964161276,False,False
2020-01-23,-0.021432620425044485,-0.008604872938645486,-0.0090832687899366,0.12411896785672277,0.00617814673253971,0.3389214,0.049776007964161276,False,True
2020-01-24,-0.021242618111704147,-0.008528589883567823,-0.0158557251183836,0.12347428882160043,0.006146057183753132,0.3354098,0.049776007964161276,False,True
2020-01-27,-0.022237009866616836,-0.010016140381819317,0.0100033503525893,0.13030497095101728,0.00648606127182764,0.37354648,0.049776007964161276,False,False
2020-01-28,-0.026537917418389834,-0.011953383476380178,-0.0008672232910484,0.15555766250376857,0.007743039447673896,0.5323601,0.049776007964161276,False,False
2020-01-29,-0.026424908594535803,-0.011902481297944509,0.0031294538629889,0.1548818171146222,0.007709398562201205,0.5277443,0.049776007964161276,False,False
2020-01-30,-0.025660403616646985,-0.011558127932673502,-0.0178644763926437,0.1492568865473824,0.007429411973488422,0.4901076,0.049776007964161276,False,True
2020-01-31,-0.024853011553703723,-0.011775155166390553,0.0072284558629105,0.146080685986142,0.007271313389056346,0.46947047,0.049776007964161276,False,False
2020-02-03,-0.029321299252960266,-0.013892193613547234,0.0148692652180662,0.17260914070391944,0.008591793962365328,0.65546614,0.049776007964161276,False,False
2020-02-04,-0.02816454670035786,-0.013344133642361096,0.0111878228829336,0.1667759588626174,0.008301441456576276,0.61191285,0.049776007964161276,False,False
2020-02-05,-0.029272990080733464,-0.013869305119824803,0.003320128729662,0.1739149962168039,0.008656794236774708,0.6654213700000001,0.049776007964161276,False,False
2020-02-06,-0.029176841007856235,-0.013823750469444205,-0.0054154705145391,0.17332689425685582,0.008627520868932594,0.6609286700000001,0.049776007964161276,False,False
2020-02-07,-0.02823929548480003,-0.013379549009766517,0.007299652162371,0.1673668045722546,0.008330851397324769,0.61625624,0.049776007964161276,False,False
2020-02-10,-0.027968530228655288,-0.01325126262894372,0.0016870749056512,0.16600877030501074,0.008263253872822835,0.60629606,0.049776007964161276,False,False
2020-02-11,-0.02773086003385095,-0.013138656419583538,0.006441867553745,0.16460206145842657,0.008193233522072005,0.59606445,0.049776007964161276,False,False
2020-02-12,-0.027251664565738305,-0.012911617495955926,-0.0016317734419649,0.16111325773561225,0.008019574800179804,0.5710646,0.049776007964161276,False,False
2020-02-13,-0.02715911205940634,-0.012867766869614635,0.0018418447338326,0.16057263578716133,0.00799266479776811,0.5672385699999999,0.049776007964161276,False,False
2020-02-14,-0.026884875893670925,-0.012737835999997778,-0.0029242515783095,0.15888864453961574,0.007908842436018703,0.55540323,0.049776007964161276,False,False
2020-02-18,-0.026724268270225105,-0.012661741411505225,0.004694788714441,0.15744836960384534,0.007837151299345214,0.54537976,0.049776007964161276,False,False
2020-02-20,-0.02670221948066369,-0.012651294873959633,-0.0105738150228934,0.15751661672805997,0.007840548368743653,0.54585266,0.049776007964161276,False,False
2020-02-21,-0.026579615938745322,-0.012593206310852574,-0.0340880461205214,0.1574119089869286,0.007835336435387188,0.5451272,0.049776007964161276,True,True
2021-04-07,-0.022387186579566874,-0.013445725085196435,0.0042117580408072,0.16541575169581313,0.008233735773808518,0.60197216,0.049776007964161276,False,False
2021-04-08,-0.02188528711486453,-0.013144284696570096,0.0076903163725556,0.1616973660324069,0.008048649379412987,0.57521284,0.049776007964161276,False,False
2021-04-09,-0.02192643613716028,-0.013168998764117035,-0.0001962021566731,0.1599003809194394,0.007959202634118437,0.5624989,0.049776007964161276,False,False
2021-04-12,-0.021867980737642123,-0.013133890501233127,0.0032891663811453,0.15912670337587193,0.00792069205454813,0.55706877,0.049776007964161276,False,False
2021-04-13,-0.02151171625819111,-0.012919918360013246,-0.004096179929697,0.15624687051411476,0.0077773454710858515,0.53708786,0.049776007964161276,False,False
2021-04-23,-0.021286528670178856,-0.012094267670104889,0.0017806378908788,0.15353468663464942,0.0076423437847013154,0.5186038,0.049776007964161276,False,False
2021-04-26,-0.02195563490061227,-0.0124744306349538,-0.0002149423126992,0.1580024884729236,0.007864733124585545,0.5492253,0.049776007964161276,False,False
2021-04-27,-0.021667753035438362,-0.012310866138894847,-0.0008458882928303,0.15553311544491094,0.007741817593076702,0.5321921,0.049776007964161276,False,False
2021-04-28,-0.02146817692361514,-0.012197473910676337,0.0067400325437081,0.15400655239897484,0.007665831378744392,0.5217964,0.049776007964161276,False,False
2021-04-29,-0.02109890607749463,-0.011987667017079623,-0.0072206437182024,0.15000173483845264,0.0074664875479568266,0.49501145,0.049776007964161276,False,False
2021-05-03,-0.021174204870150492,-0.011739110356528982,-0.0067007377404054,0.14907790824690534,0.0074205031481784645,0.4889329,0.049776007964161276,False,False
2021-05-04,-0.020990321399006445,-0.011637164220948484,0.000703291456874,0.14792603342088353,0.007363167417664686,0.4814064499999999,0.049776007964161276,False,False
2021-05-05,-0.02118470820518642,-0.011744933470542212,0.0081322341159119,0.14916356489072355,0.007424766793963342,0.48949492,0.049776007964161276,False,False
2021-05-06,-0.020397891411295978,-0.011308717365593163,0.0073462962378118,0.14355769825151393,0.007145729131484019,0.45339388,0.049776007964161276,False,False
2021-05-07,-0.02043898670410046,-0.011331500850513805,-0.0104904993990263,0.14369904472384448,0.007152764794616451,0.45428714,0.049776007964161276,False,False
2021-06-04,-0.02103763679384201,-0.011245125046177161,-0.0007970285684825,0.14403394959648794,0.007169435022224387,0.4564071299999999,0.049776007964161276,False,False
2023-01-27,-0.01903475077215534,-0.013239008956172658,-0.013053559781991,0.1524501557887036,0.007588360168676138,0.5113031,0.049776007964161276,False,False
2023-01-31,-0.020072524150695548,-0.013960798866501792,0.0103980897352104,0.16043543589528186,0.007985835534857235,0.56626964,0.049776007964161276,False,False
2023-02-01,-0.022132949160996743,-0.015393861242332989,0.0145924312176421,0.1765260861485041,0.008786763870010159,0.6855521,0.049776007964161276,False,False
2023-02-02,-0.022704440151707406,-0.015791343428202122,-0.010408643989373,0.1813527075768502,0.009027013816667507,0.7235537,0.049776007964161276,False,False
2023-02-08,-0.023933565236474205,-0.016646221866079433,-0.0088690430324459,0.19066748423749275,0.009490666213912034,0.79978997,0.049776007964161276,False,False
2023-02-09,-0.024283328395385488,-0.016889488386812628,0.0021928652588764,0.19344690720993943,0.009629014793924312,0.82327753,0.049776007964161276,False,False
2023-02-14,-0.024265240551621894,-0.01687690796858439,0.0027692856551893,0.1920415793046344,0.009559063180917591,0.8113593,0.049776007964161276,False,False
2023-02-15,-0.023358814628418538,-0.0162464725581586,-0.0138846441726422,0.18486164359522306,0.009201674643863766,0.7518242,0.049776007964161276,False,False
2023-02-17,-0.022810893810374686,-0.015865383848136336,-0.0202447844141239,0.18042216906718833,0.008980695324399619,0.7161475,0.049776007964161276,False,True
2024-05-06,-0.018426188350052036,-0.015045567753499212,0.0013425358193505,0.17779898890192108,0.008850123887601846,0.69547457,0.049776007964161276,False,False
2024-05-08,-0.018357728197082326,-0.014989667865234053,0.0050780025958913,0.175170436484533,0.008719285041539722,0.6750629999999999,0.049776007964161276,False,False
2024-07-29,-0.018462968912108288,-0.015556506073779498,-0.004972496433736,0.16871620873795468,0.008398019349823527,0.6262335,0.049776007964161276,False,False
2024-07-30,-0.017998213397109004,-0.015164912932593666,0.015670005291918,0.16415548754430687,0.008171004855366195,0.59283453,0.049776007964161276,False,False
