actual_returns,VaR_1,VaR_5
0.0015876634452371,-0.03866540237710404,-0.023976116314365983
-0.0055464724797307,-0.03920499309723388,-0.024310712337493025
0.005124495879194,-0.0395590373608724,-0.02453025244114025
-0.0042122066657412,-0.03857039680611357,-0.02391720409619316
0.0063189826424956,-0.037261582016472436,-0.023105618189900343
0.0143625440135544,-0.03575975550688804,-0.022174347212125238
0.0042265898558895,-0.03434331525619523,-0.021296023591650757
0.0091290927278926,-0.03311313634413484,-0.02053319918353065
-0.0011999866958714,-0.03190588922343954,-0.019784594601489264
-0.0007455442429744,-0.03086707991407987,-0.019140437000677583
-0.0171710098738646,-0.030133576792512388,-0.018685597400454865
0.0046666694410095,-0.029840461323147376,-0.01850383876987103
0.0039256532640941,-0.030076634349898924,-0.01865028783315723
0.0018306217285584,-0.030336588581180886,-0.018811483437042077
0.0125733396728744,-0.03071299226369512,-0.019044888443023884
0.0040699030225201,-0.031048665139224364,-0.01925303659130315
0.0073920136101008,-0.031181052310166733,-0.019335128849857365
-0.0020880331734538,-0.030928454615742344,-0.019178494977456592
-0.0071043596055986,-0.029596868995312314,-0.018352789055490735
0.0052611305233938,-0.028217223603288454,-0.01749728164167598
0.0097316387723758,-0.026875394094432407,-0.016665223563898626
-0.0008379651861396,-0.0253419468085194,-0.01571434478781817
0.005866171031549,-0.024047283137682878,-0.014911533880609259
0.0029779716379554,-0.023102280947056148,-0.014325545347014846
-0.0050144782219572,-0.022496143803293595,-0.013949684402401623
-0.0048457843509588,-0.022068511578947906,-0.013684512974708048
0.0019464461352711,-0.021810287468592107,-0.013524390205399162
-0.0087972951940606,-0.021631017176699345,-0.013413226086939699
0.0089225383271998,-0.02143303943266598,-0.013290461622411313
0.0062346983230838,-0.021328058820574824,-0.01322536395856956
0.0070215638521755,-0.02124213590882637,-0.013172083826992038
-0.0101302709173705,-0.02119274994959197,-0.013141459976466647
0.0109214082246946,-0.021227325239255426,-0.01316289984559018
-0.0034824410757536,-0.021117412268317894,-0.01309474366425903
-0.0045930369832696,-0.021089893454782484,-0.013077679461286993
-0.0131244665318615,-0.021103773531687752,-0.013086286389389988
-0.0060869469781916,-0.021223278478653733,-0.013160390480707945
-0.0139863322467359,-0.021280151523950224,-0.013195657015267235
-0.0366868005990426,-0.021426606141582583,-0.013286472388475627
0.0141436285931195,-0.02314867583373331,-0.014394871311484222
0.0040575327573879,-0.024888885245891487,-0.015477010554479125
0.0226406288390652,-0.02640975194756162,-0.016422752790869168
-0.0102218688366821,-0.028337224943928506,-0.017621340819763236
-0.011124559506527,-0.03009228611912923,-0.018712715546432526
0.0217761189337721,-0.03157674124353168,-0.019635815452316012
-0.0312833528059286,-0.03323591591768291,-0.02066756370820875
-0.000699832148987,-0.03522814265657846,-0.022584952078887693
0.0158025688872207,-0.03710307522980361,-0.023786981454385524
0.0150373866635646,-0.038744771741201646,-0.024839481933887183
-0.0071309127888898,-0.040147744880413,-0.025738935573153574
0.0089299702576379,-0.041125720948755835,-0.026365921300250866
-0.0033405360503522,-0.041735867282572794,-0.02675708940254625
-0.0319593676828464,-0.04201434812102366,-0.02693562496863085
0.0146305606648198,-0.042337676135510635,-0.028393419269491293
-0.0011875003459387,-0.04294288534632916,-0.028799297920306412
0.0028863819726776,-0.04345226904151457,-0.029140911965917934
0.0149654105859244,-0.0438006729185933,-0.029374566201576732
-0.0014694697937205,-0.04408064037358121,-0.02956232410557319
-0.0106520332362727,-0.044216938545579364,-0.029653731369656888
0.0143184282195818,-0.04418659787381035,-0.029633383644106285
0.0183925003957732,-0.04405570754679667,-0.02954560310742012
-0.0012726631171737,-0.0429727411953551,-0.028819320503414823
-0.00256806988979,-0.04182012380603847,-0.02804632699551834
-0.0022572824808388,-0.04066615775830261,-0.027272429020786543
0.009277676480444,-0.03908507494531914,-0.026212088650069486
0.0037659203807098,-0.037649744673759734,-0.025249496039645204
-0.0030840678955037,-0.036454100369166666,-0.024447646879837012
-0.0051507318849139,-0.034992088109720924,-0.02346716021054716
0.00462227336833,-0.033016677977860016,-0.02214236742022952
-2.915572006934042e-05,-0.031307155692359645,-0.02099589015852552
0.0016757073903761,-0.02970540711416969,-0.019921690459909717
-0.0099509003445472,-0.028157452137945228,-0.018883567004348296
-0.000631626343706,-0.027045727894870655,-0.01813799815345904
-0.0139834137680914,-0.026265368796791536,-0.017614656650689637
0.0120541012631516,-0.025985521399845838,-0.017426979262645883
-0.0040512320481074,-0.025057250956775384,-0.016804442215472688
-0.0117009896773634,-0.02405797581433643,-0.016134286442301846
0.0087966179380849,-0.02338543676328268,-0.01568325357997479
-0.0084634086874046,-0.022983705818516297,-0.015413835978692857
-0.0175062708690028,-0.02251950784486823,-0.015102525370910513
0.0115359636137917,-0.02244510694861822,-0.015052629013007192
0.0150335785727158,-0.022539238098414325,-0.01511575730549839
-0.0037430846139141,-0.022672689888813075,-0.015205255666838014
-0.0157687194978102,-0.022664722505603377,-0.015199912405879862
0.0112797701954683,-0.022814938948081016,-0.015300653845225462
0.0064584963290759,-0.023143756625940082,-0.015521172755162566
0.0132854117519833,-0.02352754760720032,-0.01577855906535807
-0.000197625813378,-0.023433756515109587,-0.015717996915498432
0.0127361688337277,-0.02392110681685137,-0.016044883069436466
-0.0028544322939136,-0.024630365020370373,-0.016520612099394403
0.0027650397289242,-0.025099978452881158,-0.016835601396092175
-0.0093165841875375,-0.025670704468542086,-0.017218411115394718
0.0090886599405095,-0.026027608925253208,-0.01745780180574758
-0.0083099065290426,-0.02655930228779013,-0.017814430698215495
0.0018840293848345,-0.02680731130154358,-0.01798078067760011
0.0097439058435977,-0.026995999565709763,-0.01810734175850246
0.0078145226921026,-0.026915875395332786,-0.018053599138874655
0.0100930912719707,-0.02643121330542991,-0.01781510609946594
-0.0078177519597026,-0.02655222570530731,-0.017896670601188
0.0044139726557332,-0.02648134635950089,-0.017432490317626906
8.90706590706003e-05,-0.026334916372325025,-0.01733609645233774
0.0095217709239001,-0.026064682889283774,-0.01715820358719929
0.0060457689511377,-0.025602898303048793,-0.016854213932780436
-5.84622954900027e-05,-0.024974027415083835,-0.016440232501600167
-0.0017249570142752,-0.024220271039173964,-0.01594403980253885
0.0028777383940852,-0.023533525512141558,-0.01549195988982811
0.0043992559208874,-0.022819735151947542,-0.015022076547267877
-0.0016947718297188,-0.022393851418292355,-0.01474172018008811
0.0026512068941055,-0.02189890870493131,-0.01441590275595435
-0.0004817352244028,-0.021514660656897413,-0.014162954877625847
-0.0002397436933456,-0.02144443533973592,-0.013923376255637804
0.0069618071185058,-0.02114130383687581,-0.013726559976617503
0.0015573182671548,-0.020950345703278486,-0.013602575273778384
0.0012311592810281,-0.02087343179074565,-0.013552636847957324
-0.0066163614000629,-0.02072126757826361,-0.013453840141517378
-0.0021910208367881,-0.020896616667043948,-0.013139909188005512
0.0007776186517212,-0.020866353785705484,-0.013120879719317314
0.0120020811095518,-0.0207878865947106,-0.013071539111680252
0.001649393368666,-0.020725228924252978,-0.013032139618792796
0.0070063731106237,-0.02079912831476862,-0.013078607967994793
-0.0048693147182419,-0.02072619180778034,-0.013032745085328827
-0.0113003395417496,-0.02089829440155535,-0.01314096415683002
-0.0065829747509944,-0.020895930915645938,-0.01313947798369914
0.0050497742837229,-0.02095542443526982,-0.01317688784088265
0.0014296961230044,-0.02105368574504438,-0.013238675100882898
0.0106515103668094,-0.0210231643050044,-0.012949705509838438
-0.004132436992533,-0.021072894587401223,-0.012980338030358037
-0.0010109452121174,-0.02099042802431241,-0.01282509412797359
0.0057671924913211,-0.021061762196328604,-0.012868679112023895
0.0076220721584601,-0.02110341659845821,-0.012894129837827959
0.0024547908150154,-0.021157585167626315,-0.012927226685474604
0.0096870034392999,-0.021193842730692383,-0.012949379957367613
0.00062638408723,-0.021461593194578892,-0.012074415534584392
0.0005735495881253,-0.021688979595757954,-0.011360618661195546
0.0070457052651278,-0.02172089989797746,-0.011377338414168015
0.0042956731787224,-0.0219432648172661,-0.011355813815403097
0.0020167493669713,-0.02206962729988797,-0.011421207403725335
0.0004024024630755,-0.022428565631970113,-0.011312329896939132
0.009017203968769,-0.022654311535258563,-0.010986361904613343
-0.0008353614791545,-0.02403835820861644,-0.011657564718378846
-0.0070077531928962,-0.023983830363752918,-0.011631121070483525
0.0026761774405432,-0.023961162806244843,-0.01162012828485463
0.0158080778825553,-0.023962978600332654,-0.011621008866502934
-0.0088667475507602,-0.02395168173584269,-0.011615530375511014
0.0061919140922697,-0.02346515152312822,-0.011515839983514697
-0.000233964794452,-0.02432476516634703,-0.011937706987151851
0.0074239507765767,-0.024357908797338575,-0.01195397267163273
0.0086314914168532,-0.024381676075037304,-0.011965636784116836
-0.0025606668380628,-0.024336247743317288,-0.011943342216860789
0.011532902430785,-0.024307068760532454,-0.011929022237025981
-0.0041128931208866,-0.024282547237348035,-0.011916987968384439
0.0002490440870701,-0.024359521848060263,-0.011954764298057046
0.0098378221140205,-0.024535511967900558,-0.01204113382594025
0.0053260652726709,-0.024529784214658946,-0.012038322853689316
-0.0007742487448094,-0.024525879247067832,-0.012036406438111272
0.002391692654367,-0.024559755182707598,-0.012053031510987314
0.0030860264549499,-0.024808333122136237,-0.011441919560713065
-0.0082262310618279,-0.024785622183442938,-0.011431444986206277
-0.0209241259978227,-0.024809295605607965,-0.011442363470362609
0.0153801351409939,-0.025062038037841697,-0.012299533604974905
0.0011741077636102,-0.025623003860768656,-0.012574835157861968
0.0037811830527996,-0.026117067854290164,-0.012817303734525625
-0.0159517052195035,-0.026833815286766125,-0.013169057215974606
0.0148718861211563,-0.027419555416371127,-0.013747733674069947
0.0225173907141016,-0.028164998382843257,-0.014121487048865686
0.0035740410228193,-0.02910860671051092,-0.0145945974178859
0.0083387856026924,-0.02993930468368846,-0.015011096311665044
-0.0047561985386543,-0.03060360281798716,-0.015344164944319366
0.0122361572221905,-0.03133867614557144,-0.015712719145329766
0.0001071726899795,-0.03185138728124108,-0.015969784441899372
0.0099671204086657,-0.032268916578975154,-0.016179127062492787
-0.0018220725644457,-0.03266760426255906,-0.016379022794200053
0.002901255359843,-0.0328050452089267,-0.016447933522250963
0.0006461203400522,-0.03276544381633884,-0.016428078007084762
0.0091924943371939,-0.032664590231823804,-0.01637751160661132
-0.0093970885688694,-0.032468714567715655,-0.016279302630480996
-0.0189934473322761,-0.0324357538680136,-0.01626277665424492
-0.0396309727141677,-0.032890295903396455,-0.01677796225579492
-0.0273270514257255,-0.036994944635585204,-0.018381184067400365
0.0043922158315705,-0.04025718910999807,-0.020536939649177303
-0.0505109263005127,-0.043433621376786254,-0.02215737563104587
0.0029777812931932,-0.04913280586917122,-0.023687950185569098
0.0480085913668855,-0.05293404033245381,-0.025520604580469126
-0.0324527533990952,-0.05616348133010022,-0.02707758542302838
0.0404517818727825,-0.06000589056599384,-0.03035576732575861
-0.0315128448367385,-0.06332935674478385,-0.03203704169877077
-0.01643101725735,-0.06656852929773589,-0.03598747272923916
-0.0707051208123523,-0.06940573089817074,-0.037521286324043564
0.0520009552051377,-0.0733949134032779,-0.039243735139738604
-0.0447188052055764,-0.07679189798276845,-0.04106007849283737
-0.0973237918977023,-0.08826748827306871,-0.044161414758127786
0.0959664087635658,-0.09859061314670016,-0.045293795291663316
-0.130031518455528,-0.10195301190833679,-0.04683852451423037
0.0626062935559215,-0.1305960967875002,-0.053420661959827045
-0.040795792743717,-0.14158461999699695,-0.057915545024880666
0.0156726591379872,-0.15134776959452825,-0.0729287182804997
-0.0412064056833418,-0.1599925069711033,-0.07709428754150809
0.0018041302752784,-0.16528979239146127,-0.08588354786096089
0.0751564872347785,-0.17017012914730806,-0.08841934047878758
-0.0112105917001841,-0.16982002964392875,-0.08823743095479615
0.055655274623982,-0.17204587805525615,-0.08939396794234793
-0.0398825902416462,-0.17105179944035342,-0.08887745087819457
0.0388538396140525,-0.17035511143008236,-0.08943808970340042
-0.0096176448287099,-0.16850760803476783,-0.08846813245932153
-0.0427796591598887,-0.16731281841667872,-0.08784085629400844
0.019756031231056,-0.16381429738145298,-0.0872722059865243
-0.0141853646512917,-0.16161001213705947,-0.0860978711514286
0.0709532826854175,-0.15925691319946775,-0.08484425569495853
-0.004010923505433,-0.15551508843353387,-0.0828507953745956
0.0221437465817047,-0.15593096693670086,-0.08307235500018335
0.0010918098955183,-0.15490961056282818,-0.08252822652500692
0.011370403716949,-0.15319455010190955,-0.08161452660859427
0.0422291362907589,-0.151156395306747,-0.08052869791134902
-0.0115945876938212,-0.14597725542548867,-0.07776950674320758
0.0191212751042364,-0.13802406528510244,-0.07353243794471596
0.0084797531922919,-0.12488563454142562,-0.06653292781324152
-0.0120623915418232,-0.110575199333976,-0.05890903130881618
-0.0377767340708121,-0.09826662265645508,-0.05235162663552206
0.0306615909071688,-0.08896919687669616,-0.0496188738538877
-0.0026741969948407,-0.08321655909905105,-0.04641057909304282
0.0166516548255888,-0.08070569840087714,-0.04501025083763504
0.005794302042414,-0.07647713662536311,-0.042651946158169494
-0.0182771429825425,-0.07409211922920265,-0.041321801777036954
0.0345621920139294,-0.07114403407190464,-0.03967762974148153
0.0019740576395914,-0.0690099572907608,-0.03848743706451669
-0.0318707418569648,-0.06728407826085325,-0.037524899727119594
0.0132098644468072,-0.06699193806214677,-0.03736197066654422
0.0108654563824774,-0.06696461915700992,-0.037346734682008005
0.0060551172196543,-0.06694985372953557,-0.03733849987817738
0.0129400470025533,-0.06718651633632049,-0.037470488616350064
0.0129320122105323,-0.063360299553706,-0.03533657514360853
0.0084852665810029,-0.059233509583138506,-0.03303502946083849
-0.0202566540321811,-0.05504715704629781,-0.03070026523090747
-0.0124081441656702,-0.05228418775504476,-0.027854445408822995
0.010428672022833,-0.05044678646122412,-0.02687556830983068
0.0063802240539434,-0.04865555513481437,-0.025921288300168682
0.01939949079709,-0.04744637601536329,-0.02527709709784883
-0.0035833790346018,-0.04706441400913788,-0.025073606514797297
0.0198552379524024,-0.04729778861678198,-0.0251979370351237
-0.0113482576358858,-0.04748393052847594,-0.025297104296588387
0.0038314263892864,-0.04622042999340817,-0.024623973313987094
-0.0025537174382197,-0.04465021067187105,-0.02378743763753079
0.0055299543058673,-0.04304214613467671,-0.022930739890307545
-0.0026873469146551,-0.0417188741010998,-0.022225765591137453
0.0146332272964713,-0.0407019144050184,-0.021683979449786533
0.0045284688085711,-0.03952293704794001,-0.021055878262008016
0.006067674747431,-0.03784443844100273,-0.020161656704340065
0.0048941322768865,-0.036436454087984335,-0.019411551845078028
-0.0077613549606443,-0.03375368864256964,-0.017982306276722225
0.0200201504615034,-0.03137833599155049,-0.016716835135533237
0.0078202113948524,-0.02972062050277677,-0.015833685801709022
0.0066084114168702,-0.028690966986260065,-0.01528513701674583
0.0126702533367044,-0.028151073765124306,-0.014997508444888204
-0.0514045675650383,-0.027953397693921918,-0.01489219635015443
0.007821463343097,-0.03173922102431265,-0.017917607305605713
0.0116375963249168,-0.034677790129572166,-0.019576505210758863
0.0174877950177219,-0.036976613730386285,-0.020874250310195748
0.00332232386409,-0.03893354032455506,-0.021978985748200154
0.0029578111171524,-0.04048147468689399,-0.0228528345429767
-0.0003406476033518,-0.04126696287747312,-0.023296262846752864
0.0120851742745209,-0.041657281394124016,-0.023516607697059683
0.0078161080110188,-0.04152460269560154,-0.023441707156302134
-0.0204949456958321,-0.040922096927459524,-0.023101577140361863
0.009861539002836,-0.04074998408170977,-0.0230044150083728
-0.025310117099675,-0.04055335458635158,-0.02289341259656727
0.0112870522245724,-0.041024841167238674,-0.023159578908579982
0.0194548240297773,-0.04164570549821332,-0.023510072805829067
0.0119789454589529,-0.04239937764803652,-0.023935540135583615
0.0060753375098236,-0.043197483124793136,-0.02438609122220367
0.0250343089760516,-0.04390489511451552,-0.02478544350074301
-0.0075776332663028,-0.04483696446696475,-0.025311620643716455
0.0134674257400924,-0.04569173036823592,-0.02579415799853897
0.0082059010624924,-0.0461579101077936,-0.026057328462011455
0.0075717376119897,-0.04645166390317202,-0.026223160041371575
-0.0218419078482945,-0.04656028551906667,-0.026284479739703485
0.0082013522985562,-0.04690599247624271,-0.02647964021628706
0.0011369162375007,-0.044496142670660446,-0.025119217966199765
-0.0070536213539238,-0.041862457445278854,-0.023632434859619574
0.0017638479766315,-0.03932669032111767,-0.02220092904180566
0.028418427449683,-0.03687920040547281,-0.02081925798064878
-0.0109258998815313,-0.03541712713821084,-0.019993879984296678
0.0034722033131906,-0.03487467070941727,-0.019687649366220725
-0.0270545055222548,-0.03487034263514524,-0.019685206056880008
-0.0092538920469902,-0.03604983001218536,-0.020351057043819325
0.0180791793789261,-0.037648891610887775,-0.021253768479650614
-0.0133807629316748,-0.03880188415604429,-0.021904662451956377
0.0123122145184968,-0.03997269659541175,-0.022565616213267494
0.0049142952301934,-0.04018209261038794,-0.02268382565403569
0.0176098687060601,-0.04012067101965799,-0.02264915158494175
0.0135879575019917,-0.03975065447293969,-0.022440267719279254
0.003743297186606,-0.039368106860935045,-0.022224309744685426
0.0026010298176153,-0.03917558049942528,-0.020714534945635726
0.0126508217064689,-0.0382665746201154,-0.02023388772068831
-0.011397724168745,-0.03728686093956325,-0.019715852939485443
-0.0048792963793502,-0.036572336500864736,-0.019338039994118924
-0.0190422966017411,-0.036007027779637574,-0.019039126561014738
0.0255657526169574,-0.03600282273854392,-0.019036903097582367
0.0018490260276848,-0.036158729683533966,-0.01911934067270167
-0.0012460380382623,-0.03670937594523521,-0.019410501163121496
0.0110560863826716,-0.03712188177901547,-0.019628618326930854
0.0097375546833049,-0.03747158184196702,-0.019813526223180333
-0.0070773398462549,-0.037812659579417644,-0.01999387496649259
0.0138984650134741,-0.03745275346033705,-0.01980357050167547
0.0067827012218302,-0.03689186565587578,-0.019506994678727182
0.0061265011202902,-0.036345900458141275,-0.019218309354262414
0.0081926175144637,-0.03497855748726224,-0.018467296862937084
0.0211143691991502,-0.033371190660706276,-0.017618670662029406
-0.0038312716072823,-0.03188735458222452,-0.016835263817214903
0.0058264499638713,-0.030523948880624034,-0.01611543945495393
0.0095286027221224,-0.02940609178686781,-0.015525255059606757
0.0149292466625663,-0.028582471950364105,-0.01509041631508573
0.0103329477958311,-0.027911888630641268,-0.014736374807194355
-0.0536812417014704,-0.027399606527839234,-0.014465910089675346
-0.0127592728468979,-0.0317150976209856,-0.01781961566500245
-0.0488294864782687,-0.03578268910142941,-0.02010505453484171
0.0291677012414606,-0.041012537977281945,-0.025531534663334948
-0.0214403176540862,-0.04599869976734395,-0.02863556988911107
-0.0059996079524893,-0.05034801497852385,-0.031343149023509445
0.0170233163604027,-0.05357323996085313,-0.033350948284286905
0.0141845600594834,-0.05562984766261963,-0.03463124824659644
-0.0168624322908801,-0.05702114444091473,-0.03549737220951004
-0.0149273548424329,-0.0578802298472681,-0.036032178634882346
-0.0130777100194787,-0.05827420403210161,-0.03627743937836786
0.0039457646141389,-0.05828197802367966,-0.03628227892123052
0.0186006006024435,-0.057994341155381705,-0.03610321634584271
-0.0320685799377464,-0.057580714099742414,-0.035845721100983746
0.0058113905970849,-0.057563063025307996,-0.0358347327778759
0.0231019544902082,-0.05784738055365363,-0.036011728964612036
0.018949223878252,-0.05848629975121279,-0.036409475323264315
-0.0036584224094884,-0.0593341854243513,-0.03693730957888322
0.0083646728577218,-0.06009258367587058,-0.03740943523123867
0.0143594600960685,-0.06081601477959926,-0.037859792785594724
-0.0286819939193367,-0.06159426704216347,-0.03834427815515376
0.022260772718349,-0.062305888360697226,-0.03878728376410624
-0.0191046905206668,-0.0633997336410915,-0.03946823525040981
0.0185945274442769,-0.06215864861822868,-0.03869562260939451
0.0041424307298889,-0.06084001230704327,-0.037874731966001225
0.0150289874366542,-0.057695874700162283,-0.03591741202786808
0.0304265184886123,-0.05397773845288095,-0.03360276072457517
-0.0004087495630162,-0.050583855664067014,-0.031489966922009296
-0.0081276703176733,-0.04785610101339426,-0.02979185785947574
-0.0072676801526672,-0.04570258275398731,-0.0284512281691447
-0.0039072516503395,-0.04421063131290581,-0.027522443660488227
-0.0185490439072477,-0.043209959048666494,-0.026899495170560193
0.0037310995193831,-0.04302366229612437,-0.02678351985594224
-0.0010684050039557,-0.04325966429096003,-0.02693043817431358
-0.0002109028191625,-0.043784460620074794,-0.027257139625352925
0.0025398763754491,-0.04406174094592711,-0.027429754942524483
-0.0162135957175113,-0.04354746549480918,-0.027109603053509648
0.0081745751478958,-0.043213507968207804,-0.026901704479390005
-0.0401246171264482,-0.04236833611571994,-0.026375559658500795
0.0184929803924251,-0.042363337922017345,-0.027146358002146147
-0.0265855793801321,-0.04301596674520599,-0.027564561490016033
0.0028738312944724,-0.04409052064662473,-0.02825313388141287
0.0174520753603548,-0.04501951599381368,-0.028848432588128154
0.0431269077686451,-0.045477573803887075,-0.02914195528742114
0.0252412364471243,-0.04647904404284174,-0.029783695786840775
0.0010989093934732,-0.04773802836208156,-0.030590450889851902
-0.0218186764440595,-0.04855610019946025,-0.031114669991987705
-0.0175747701404294,-0.049471024556428385,-0.03170095203106735
0.0228472315731682,-0.050244190920032565,-0.032196395778683565
-0.0055472153922995,-0.05059643209854582,-0.03242211135266928
0.009316296556344,-0.050785088065678365,-0.03254300178940607
0.0063078415605328,-0.05075409178503104,-0.03252313942320782
-0.002991973761155,-0.05055297040268218,-0.03239426116868551
-0.0069352914098921,-0.050239772235621705,-0.03219356429290366
0.0075979819576694,-0.04957804818738486,-0.03176953259962363
-0.0066123152189039,-0.04898218779656123,-0.03138770623083341
-4.199496229162492e-05,-0.04848513331916026,-0.031069194530576584
0.0144980286635476,-0.04811702657136202,-0.03083331232561126
0.0059764052392434,-0.048020379255167035,-0.030771380882668647
0.0086840474405125,-0.047751816045226575,-0.030599286014774397
0.0008244134472015,-0.047566833225645894,-0.030480749325011484
0.0151283137134168,-0.04611867229371273,-0.029552770156435447
8.670610729488715e-05,-0.04446886329466288,-0.028495575234594957
0.0008602309833243,-0.04239354570092884,-0.02716571509771521
0.0049088718535763,-0.040509172298148856,-0.02595821168767344
0.0054121632847614,-0.03866003172812537,-0.024773285419527297
0.0031111078077934,-0.035468190200416444,-0.022727958562686987
-0.0216869376696404,-0.03217834469668406,-0.020619830917493698
0.0029959992337058,-0.029728040222970386,-0.019049679798142892
-0.0021253461282881,-0.027529537538072024,-0.017640882855305382
0.0069894259887277,-0.025758654560042737,-0.01650610392475976
0.0106720867882152,-0.0242249969066491,-0.015523338596201522
0.0057188068500817,-0.023177288611457094,-0.014851968825588648
0.0066010683350015,-0.022433158318671067,-0.014375131344902016
-0.0010890443849742,-0.021927092487375694,-0.014050845183733916
-0.0037690127060194,-0.021596931875912818,-0.013839278801182162
0.0021489455219594,-0.02136639004097945,-0.013691547968519891
-0.005078309896465,-0.021195971767720416,-0.013582344216338858
0.0045631413168045,-0.02108946649333694,-0.013514095809831022
0.0100079622410742,-0.021034798799314913,-0.013479064840462993
0.0003605589091453,-0.020934008081994318,-0.013414478312821696
0.0001455884559504,-0.020876650274108746,-0.01337772352286755
0.0033357146363695,-0.02082088559872179,-0.013341989609626006
-0.0151369386746491,-0.020795444623115215,-0.013325687073857666
0.0084496585410605,-0.020850930050344406,-0.01336124204533414
-0.0140828175903049,-0.020930138588013444,-0.013411998747375616
0.0247417846759212,-0.02114495305442437,-0.013549651507882012
0.012719039782592,-0.021928968105061925,-0.014052047076495041
-0.0155887820126974,-0.02282524265607034,-0.014626378350264712
-0.0008063709944909,-0.02401371299527276,-0.015387948209615981
0.0063048908062306,-0.024420760936426596,-0.01564878386791418
-0.0057930799851479,-0.024708348801064747,-0.015833069703579707
-0.0073736007723166,-0.024929797188746536,-0.015974973470041027
0.0149310131390389,-0.025126075457200074,-0.016100748265060468
0.0228139141155523,-0.02541804514075573,-0.016287841963157752
0.0081299433916282,-0.026206874577732905,-0.016793322582702712
-0.0028829303766233,-0.026996446380802466,-0.017299278909231608
0.0087070456662541,-0.02768815762864655,-0.017742526351221484
0.0005116136405476,-0.028232789992859,-0.018091525883923137
-0.0283853415043786,-0.028682498529417847,-0.018379698382334858
0.006755318843151,-0.029925749809730184,-0.01917637177960379
-0.0211399116171371,-0.031104245840338694,-0.019931550118239372
0.024721709768892,-0.032490239484419266,-0.020819692589924915
0.0155194910275948,-0.0342657831578058,-0.021957458086471066
-0.0040024641560254,-0.03595975936114014,-0.023042955280943328
0.0117583575870892,-0.03739866979515268,-0.02396500674550526
0.0031710122522454,-0.03822356579596077,-0.024493598760461588
0.0066713362720243,-0.038672908719083375,-0.024781536974378328
-0.0005799409265563,-0.03861826924058352,-0.024746524085470987
-0.0023267944673044,-0.037797070228518366,-0.024220301094884985
0.0057744663664482,-0.03668015767378161,-0.023504585347372625
0.0053264134961406,-0.03525068556709412,-0.0225885819476015
-0.0024603487135195,-0.033899299219155334,-0.021722615774966817
-0.0053913941293615,-0.03273870733789491,-0.02097891038609789
-0.0045505802956764,-0.0318352065885367,-0.020399948576184938
-0.0041685265421094,-0.03120147830996698,-0.01999385652654981
-0.02664185878562,-0.030675391655543467,-0.019656741054501284
-0.0021977074116286,-0.03065318526448269,-0.01964251123524622
0.0081126916348122,-0.031033779184655712,-0.019376112767687477
-0.0362742359005618,-0.0314868485721322,-0.019658989161538732
0.0063043792647352,-0.03304005370575044,-0.020628741431839674
0.0285224312426137,-0.03510457089690178,-0.020913656840940962
-0.0169309625763531,-0.03635912135763531,-0.021661059163632257
-0.0292617625295754,-0.037945776701907144,-0.022606313999317337
-0.0174440436990686,-0.039363355193724435,-0.02345084077647222
0.0162748976577464,-0.04027598639420604,-0.023994543640844586
-0.0295949239531498,-0.041013090443771154,-0.02443367566139958
0.0394901466643133,-0.041865229250144784,-0.024941339994619505
-0.003320998129503,-0.03797992237402357,-0.024558977710333857
0.0233167199354245,-0.04013210792058659,-0.02595064661228756
-0.0088964922934327,-0.04233045061483697,-0.025759098839725027
0.011164677769349,-0.04364320961406277,-0.026677564831751294
0.005316610845778,-0.046737955669529596,-0.028569274659296155
0.0038019887450726,-0.04773137491080907,-0.0306894430711073
-0.0318007430712263,-0.04933777821580767,-0.03172229877388382
0.0060687437218494,-0.05035662846400355,-0.03237738039992996
0.0169168116156974,-0.050967716284117365,-0.0327702864266655
-0.0052650451264462,-0.052046459758336716,-0.032930493488050466
-0.0169592164126424,-0.052350309580054315,-0.03312274334753901
-0.0014363128407737,-0.05385189717961821,-0.03407281797122667
0.0154205581110318,-0.0535648498755156,-0.03389119929010207
-0.0010314182605846,-0.054280300855604126,-0.034343874725669056
-0.0053522111722354,-0.053744468723439895,-0.03350662694127312
0.0150002985761705,-0.05300841151850669,-0.033047737035782676
0.0180217928143537,-0.051439436383864424,-0.032069570058505185
0.0199541151460991,-0.049233313600597454,-0.030670590644352035
-0.0014497758330893,-0.047718683543887835,-0.029727030378962772
0.0028122669771271,-0.04643393415977807,-0.028926677537383247
0.0103598343197699,-0.04673399902776452,-0.02911360720064792
0.0062709530933755,-0.045018082067857505,-0.028044652405446607
-0.0018579840801375,-0.04199911487990261,-0.026163943998499736
0.0120220797546686,-0.03912001030866131,-0.024370364991342416
-0.0131399783378149,-0.03612251748347834,-0.022503034343107242
0.0159744109289956,-0.0342675633824611,-0.021347464389845527
0.0011201329369399,-0.032656330172944746,-0.020343723820958413
-0.0096059427181671,-0.03172971261853189,-0.01976647427960472
-0.0070982082837396,-0.03142657181596094,-0.01957762841928584
0.0090721469094141,-0.03066054618018208,-0.019100421890213874
-0.0124770957119597,-0.030436525298895005,-0.01839462359832747
0.0129283704271774,-0.029993479229414744,-0.01812686420053893
0.0060584575820943,-0.029697601642031356,-0.017948047571582394
-0.0047080029962653,-0.029349291527166713,-0.017737542811413272
-0.0042107743314829,-0.02922403060665152,-0.017661840100219078
0.004921825259581,-0.029016153276655948,-0.017536207321761525
-0.0078653790545111,-0.029115858692013188,-0.017596465303518657
-0.0044135242110154,-0.029154489242671385,-0.01761981206967463
-0.0186551900956395,-0.029277606584717432,-0.017551330393911123
-0.0030538280848819,-0.02919259459165753,-0.01750036743102952
0.0081395583820285,-0.02882527968559976,-0.017280169606587355
0.007748811700317,-0.02850885293005242,-0.01709047819461983
-0.0266313505421322,-0.028352184899591452,-0.016996558892957408
-0.0005847920542088,-0.029005116101295032,-0.01740442705724984
-0.0265367771907989,-0.029886559369206592,-0.017933334268236175
0.0082357254536855,-0.031404121198411405,-0.018843942385404943
0.0214306825986589,-0.03294604207314415,-0.019769167069857724
-0.0060069011518155,-0.03445602973915038,-0.020675230334647722
-0.0071789137736573,-0.03555465963446825,-0.02133445968609032
0.001529355719759,-0.0364585411719419,-0.021876830908891687
0.0191671287503805,-0.0368487230797654,-0.02211095831352116
-0.006121369022674,-0.03738015202244649,-0.022429840549217202
0.0170045005146572,-0.03775090293449353,-0.022652308447038975
0.0011707184038058,-0.03797054874244748,-0.02278410621090983
0.0032901511270164,-0.03803634372556615,-0.022823586279888793
-0.0032813649324712,-0.038017491073100186,-0.022812273806133
0.0020962282894707,-0.03782312264889294,-0.022695643655454286
-0.0023349473504907,-0.03758768589642567,-0.022554370585882624
0.0015513874488402,-0.03728445025333829,-0.022372415009051235
-0.0107413255346919,-0.03685997551037364,-0.022117710298483185
0.0176624390835336,-0.03650683582325252,-0.021905809959796203
0.0023297606867114,-0.03609942398350396,-0.0216613437896764
0.0005772486693267,-0.03594507190094609,-0.021568725316692836
0.0002953760636543,-0.035690282826924796,-0.021415839948528775
0.0104705533925475,-0.03543102921714889,-0.021260275649978285
0.0027147250176078,-0.03447479799097134,-0.020686492164066688
0.009236906376012,-0.029581474214443404,-0.020624499238995786
-0.006945683266041,-0.02823826296395419,-0.019687998941116815
-0.0033840955681814,-0.027003545217186276,-0.018827141397507456
0.0128470986573638,-0.025513729445084864,-0.01778842696308799
-0.0080976177754283,-0.024262918316788402,-0.016916348953159663
0.0062192410221229,-0.023409393846043212,-0.016321263168396667
0.0093771203146033,-0.022848981816175395,-0.015930538304593584
0.0002676507635968,-0.022188073951524626,-0.015469746741173775
0.0064050051019606,-0.02169958215245913,-0.0151291653805206
-0.0014475220160825,-0.021255141877550263,-0.014819297182431896
0.0124559285200014,-0.0208967597731836,-0.014569429600268899
0.0032834205910052,-0.020801845865563617,-0.01450325467601436
-0.0012325102710182,-0.02067347383771403,-0.014413752416204757
0.0003606407078802,-0.020645297449937806,-0.014394107557262446
0.0114438445704436,-0.020612670386763027,-0.014371359642985394
0.0039798127951016,-0.020603771120897164,-0.014365154985950807
0.0016339552709681,-0.020667056981158675,-0.014409278519732144
-0.0059866062962896,-0.02048849832514061,-0.014284785641572522
0.0070359834641369,-0.020408222298506563,-0.014228816394123215
0.0034877516420142,-0.020348281745416887,-0.014187025241910138
-0.0002251916911752,-0.020310757578002055,-0.014160863017651777
0.0017397161329704,-0.02034876171977031,-0.014187359884822627
-0.0071224101087636,-0.0203088750064754,-0.014159550469983009
-0.007688308390259,-0.020286818668045704,-0.01414417257056324
-0.0090515755114424,-0.020277657041393296,-0.014137784992968196
0.0122362536779743,-0.020300140646753673,-0.014153460787158957
0.0077387433723856,-0.0204666091361525,-0.01426952428041267
0.0065501127320182,-0.02047119109506449,-0.014272718867924042
0.0114216753725955,-0.020458026146182504,-0.014263540134091183
0.0009365780005428,-0.020612305022207008,-0.014345481543368066
-0.0112343999364377,-0.02064091968487202,-0.014365396400764577
0.0040787284064158,-0.020760743023232303,-0.014448789475292646
0.0020128748257661,-0.020873230158851057,-0.014527076795713465
-0.0058957271255319,-0.020892630921806724,-0.014540579084109056
0.000248633851843,-0.02091155295945497,-0.014553748195547752
0.0065145855515478,-0.020981475676253396,-0.014602412090352984
0.0014576309414433,-0.02103050344149563,-0.014636533790989437
0.0064926646457177,-0.021009059973614325,-0.014621609847627174
-0.0047723836905504,-0.021002786613562488,-0.014617243796826863
0.0015706392290315,-0.021039806808621758,-0.014643008626348958
-0.0052692218994838,-0.021037567636300342,-0.014641450236582521
-0.0017166792663445,-0.021020897635858186,-0.014629848468443866
0.0040655186665343,-0.021099775302237424,-0.014684744711537894
0.0031562612428572,-0.021222795896857095,-0.014770362970518114
0.0002701680640129,-0.021219659186222938,-0.014768179923815638
-0.0091522553950618,-0.021168038974522303,-0.014732253966315086
-0.0097057935631923,-0.02113065724560614,-0.014706237521203865
0.0051034185172902,-0.021091975905741984,-0.01467931658992053
0.0105660948152959,-0.021029147859109806,-0.014635590350550561
0.0144878163028163,-0.021027787585366695,-0.014634643645082414
0.0029252885991493,-0.021077691649454944,-0.014669375220689592
0.0007316136833459,-0.02110135051531191,-0.014685841007661135
-0.0058993679197349,-0.02112626114963287,-0.01470317798402064
0.0100569136941217,-0.02114540241713908,-0.014716499672178817
0.0110923089857095,-0.02112869609905919,-0.014704872628167267
-0.0014480116421502,-0.02116110797835566,-0.01472743022256209
0.0018631745771386,-0.021190478149901423,-0.01474787088911449
-0.0004689929743424,-0.021245684889698233,-0.014786292951371545
0.0031103348446794,-0.021262099651891728,-0.014797717082143521
0.0014619222984304,-0.01965290554093513,-0.013786560341139498
-0.003509009847578,-0.01968000449829453,-0.013805570324678025
-0.0038355631512203,-0.018946745869944687,-0.01290305410902796
-0.0077608786468879,-0.019123707819783366,-0.013023568187259707
-0.0004048550269466,-0.019253138031272786,-0.013111712348460503
-0.0033487606495707,-0.01928409319724412,-0.01313279333958287
0.0078112370615137,-0.019357712892186598,-0.013182929595901154
0.000798209165433,-0.019424693239902084,-0.013228544344562844
-0.0118279282721172,-0.019532993506058974,-0.013302298655927792
-0.0211754830906283,-0.019613283739544067,-0.013356977661715695
0.0010372850960482,-0.019838695573546377,-0.01351048692979327
0.0098490149310919,-0.020072615247282724,-0.013669790180499462
0.0091870640320568,-0.02032224115354934,-0.013839789640970544
0.0008549167694784,-0.01986560406483602,-0.013862271381370892
-0.0081776780286837,-0.01992452490554959,-0.013903386500816758
-0.0289947327549793,-0.02011939392988151,-0.014039366624567116
-0.0011794119821164,-0.020827360588236653,-0.014764626585371882
-0.0042978738831784,-0.021532228135533564,-0.01526431093490313
0.0069365835980299,-0.022052283292628275,-0.015632980799035464
-0.0218536655792824,-0.022616477561971004,-0.016032941114369755
0.0138634024686226,-0.023597260588554037,-0.016728223413219865
0.0062905893067117,-0.02480687771280505,-0.0175857274197969
0.0087905452407124,-0.02600564287085315,-0.01843553840987171
-0.0051403510737415,-0.02712677654968283,-0.01923031603184047
-0.0072471544040446,-0.02791199473950399,-0.019786961378793315
-0.003514456310464,-0.028538467826937183,-0.020231071479185028
0.0076428750072743,-0.029166682323944388,-0.02067641607407658
0.0186292854429197,-0.029374137115279295,-0.020823481877946907
0.0062584353464618,-0.029807167561840556,-0.02113045946238384
0.0101137856841937,-0.030269455136802702,-0.021458177580599366
0.0071523745065213,-0.030717483349549223,-0.021775787161174363
-0.0014292474728758,-0.031106434297232626,-0.02205151655464419
0.0065340617141274,-0.03071402630252663,-0.02177333644217132
-0.0087224727309607,-0.030245926460966202,-0.021441497977281298
0.0103093763383554,-0.029717483365554194,-0.02106688185910725
0.002915652867081,-0.02924241788809885,-0.020730105417920024
0.0024969619377959,-0.028995916315749784,-0.020555359143517082
0.0114590015224536,-0.028667343028539294,-0.02032243179436795
0.0045724475567698,-0.027088733261788858,-0.0197060791675901
0.0034519766925331,-0.026223072278042554,-0.01907634193650069
0.0042167378450699,-0.02568074451170031,-0.018463875290500847
0.0107115669722279,-0.02489990446735981,-0.017902468934311935
0.012418467086956,-0.02402314345545892,-0.01727209756887368
0.0008035316686854,-0.023639079601913433,-0.016995964332462945
-0.0014283352904751,-0.02301816422235933,-0.016549540198270977
-0.0071317483119344,-0.022325096690017445,-0.016051240295819728
-0.0145549092377201,-0.022079006634645612,-0.014836872581589684
0.0029296005341663,-0.022148056640557086,-0.014883273497918
0.0103877939634919,-0.022422467863977082,-0.015067675107293482
-0.0006644231310524,-0.022476929625801254,-0.015104272868874218
0.0074249030829989,-0.02219899395603001,-0.014917502866649387
-0.0001042374358046,-0.02192660550145694,-0.014734460537795008
0.0106676493708981,-0.02165044752832946,-0.01454888513001135
0.0054676535363995,-0.021443255186903647,-0.01440965393992727
-0.011674474531869,-0.021305135469305268,-0.014316838865185788
-0.0045436129035998,-0.021294907022934226,-0.01430996545108587
0.0037393083347918,-0.02129693289368036,-0.014311326816052352
-0.0211304055267529,-0.021309824445318672,-0.014319989810370968
0.023048796693434,-0.02156342573070131,-0.01548805413415332
-0.0161871495115235,-0.022334137784823696,-0.016041622484802575
-0.016130974096761,-0.02338135605093619,-0.016793793007166834
0.007094186737774,-0.024760310557206424,-0.017784234985559914
-0.0175837579887119,-0.026066681431140756,-0.018722543353973234
0.0084999022437664,-0.027404331065728947,-0.01968331787151825
0.0298109034579905,-0.028665608602730697,-0.020589237692201553
0.004198050175173,-0.030297563907957098,-0.021761398944663325
-0.01504272938344,-0.03197247471445982,-0.022964413232140775
0.0112317249396109,-0.03362736641518457,-0.022592366678777717
-0.0153903155992551,-0.03473889438397153,-0.02333914081310935
-0.0104790559337057,-0.035316348622164914,-0.023727100361543924
0.0232704761481343,-0.03575828471586454,-0.02402401276777209
-0.0264776444199075,-0.03625311092577108,-0.024356459116333908
-0.0039462682349551,-0.03698013233669532,-0.026561192023558094
-0.0110611994767957,-0.03789724892986107,-0.027219916273576387
0.022689713026013,-0.03857416030515659,-0.02770611174898614
0.0120537098741682,-0.03932636063858515,-0.028246383950136556
0.0078840977391099,-0.04021494947654721,-0.028884617976456698
0.0157742829906215,-0.0408259942057375,-0.029323504355749107
-0.0047700730811488,-0.04124831584041913,-0.029626839290636586
0.0001425120387175,-0.041650961345135136,-0.029916041732391287
-0.003761231234403,-0.041410966273354624,-0.029743663896416257
-0.0066579012186789,-0.040638686652852536,-0.02918896963222938
0.0110713963957689,-0.03954259696429528,-0.028401696930559734
-0.0135468722102203,-0.038403451089746576,-0.027583498876500634
-0.0316985085221563,-0.03733302693012653,-0.02681466058810676
-0.0004071390169606,-0.038280260803724105,-0.02644362763810792
-0.0110449802638736,-0.03865111881682833,-0.026699812705796456
0.0014253388393363,-0.038073503085320176,-0.026300801439905888
0.0146029668693508,-0.03773343760641879,-0.026065887551968946
0.003841358936393,-0.03728701908538683,-0.025757506028617996
-0.0260824091657632,-0.0369849036407658,-0.025548807651084925
0.0074561837770552,-0.03677590084464617,-0.025794392279576306
-0.0260105149738851,-0.03699469228004283,-0.025947851256308743
-0.0107686128497856,-0.0369609001099116,-0.028631839101998215
-0.0134730063076098,-0.03680230928640856,-0.02850898638661278
-0.0278701289909424,-0.036464524256275596,-0.028247320501716293
0.004917796920937,-0.03631204029440094,-0.030878322925834138
-0.025156689579779,-0.03612496171496588,-0.030719238700836937
0.0016693810926433,-0.035778401707127705,-0.03042453777661327
-0.0120423646329097,-0.03617953090316425,-0.030172657954068115
0.031733947018365,-0.03593257237720043,-0.029966701852738583
0.0323625656866184,-0.03685730604368658,-0.030737902360898225
0.0059853806749572,-0.0390342921799896,-0.03255344436549825
0.0079617336280541,-0.04143402456661608,-0.03455475015016358
-0.0430978765895915,-0.04343020321322634,-0.03621950405978705
0.0132378679396296,-0.04658535025634535,-0.0382132114730858
-0.0084126569084581,-0.04866833369354123,-0.03992184919164968
0.011991297326892,-0.0495472211242397,-0.040642786376097334
0.0207986361868854,-0.05001537717690442,-0.041026807235540065
-0.0236092490954487,-0.05022400076967424,-0.041197937803946635
-0.0312047495728755,-0.05034398646726903,-0.04129636013651911
0.0010342738199273,-0.05029478336333483,-0.041600391739565055
0.0243859223827982,-0.050662716276019155,-0.04190472058398961
-0.0011757275911374,-0.05060130938248331,-0.04185392901763278
-0.0300209719084456,-0.050710770268521756,-0.0419444675473738
-0.0115113146808436,-0.05029683218792377,-0.041988619314958925
-0.0099720805546983,-0.0507189416834831,-0.04195122638080991
-0.0263784854525681,-0.050634214789480034,-0.041881146111133805
0.0338584450542605,-0.05015305312753032,-0.041740402553265374
0.0152318876357746,-0.05046835358246048,-0.04207311815472474
0.0034228092193497,-0.05093706373111859,-0.04246385999718627
-0.0164160067684271,-0.051893967033900756,-0.043261585757247374
0.0168289063757889,-0.05243941778557579,-0.04371630266980349
-0.0147448293337149,-0.052491312164027464,-0.04347116395621437
-0.0141630263065497,-0.05124833839747648,-0.04244178377554438
-0.0381860285064998,-0.04989144192470903,-0.041318057455749575
-0.0038943908603314,-0.04934461188945525,-0.04047658928854482
0.0351456638032168,-0.0487956439182735,-0.040026279715700906
-0.0110635814520474,-0.047631800515431734,-0.03907159774315761
-0.0215061892257253,-0.04775189818281079,-0.03917011192273824
-0.0193709903945666,-0.047673512474797515,-0.03910581339068264
0.0310847054852292,-0.0475782314558908,-0.039027655907593696
0.0363507933617945,-0.047740904215186404,-0.03916109374840989
0.0115269488078109,-0.048200026723352545,-0.03953770453699608
0.0211286026838681,-0.04943206812229661,-0.04014858143328426
-0.0030552697959027,-0.05006523508535644,-0.040662837792423044
0.0191694450371091,-0.050870963876575845,-0.04131724836467307
-0.014211004922652,-0.05085407181505622,-0.04130352868161592
0.0217813962306081,-0.05098530410886558,-0.04141011516757169
-0.0007710027482215,-0.05084907297681753,-0.041299468639790414
0.015674604611954,-0.050667216769005236,-0.0411517655586562
0.0166690817359356,-0.049405899408001504,-0.040127327279922076
-0.0110700691400627,-0.04808406753296855,-0.039053739289539494
-0.0155843801598063,-0.04713778297150399,-0.03828516973098842
0.0015299820827809,-0.04641673815513983,-0.03769953923591743
0.019878212721597,-0.045900456714580616,-0.037280216956956665
-0.0226118715241714,-0.04530531708632106,-0.036796846288138216
-0.0219493987568402,-0.045241456720391836,-0.036744979085343354
0.0022686346155325,-0.045142150010469645,-0.03666432246542774
-0.0141760233793419,-0.045364563137671704,-0.036844965758101866
-0.0238062170134654,-0.04465925857949095,-0.03627211945478052
-0.0035781774597474,-0.04423356900232917,-0.03592637562282721
0.0196792077335281,-0.04396946468485147,-0.035711870867110695
-0.0230585979821658,-0.043673587662584015,-0.03547156041331068
0.0012624098163502,-0.04279509905946542,-0.03475805453422709
0.021301597520944,-0.04124576508877329,-0.033499690005844567
-0.0150119148132112,-0.039748771467141814,-0.03228383615618398
-0.0200649035086843,-0.03834535249780917,-0.031143983365969588
-0.0268565613704971,-0.0374026993803991,-0.030378363255679146
0.0131165442970839,-0.0368246862645059,-0.03049670332565119
-0.0394514017900338,-0.03671516430103331,-0.030406001702189277
-0.0004882161256727,-0.04092912000682193,-0.03076443267938143
0.0342217765934904,-0.041939576886111885,-0.03152394406475087
-0.0457122797498161,-0.04348623931798006,-0.03268649513486932
0.0170497349499427,-0.05042415338964376,-0.034333883707598954
0.0010739230750385,-0.053153081744844566,-0.03619201522782151
0.0334904378112561,-0.05550250338676621,-0.03779174004244618
-0.0519447663027925,-0.05748099448700467,-0.03913889767992192
-0.0122934093465705,-0.06279038468081585,-0.040356110262835886
-0.0406643151920231,-0.06487795851636224,-0.041697818237988016
0.0128918967591467,-0.06706577913734145,-0.04246693830088517
-0.03112112835184,-0.06836814275416156,-0.04329161216693473
-0.0018450174304636,-0.06923765748146143,-0.04408023836475063
0.0363251885497,-0.0694235431170917,-0.04419858267946635
-0.011678108990333,-0.06972033937220448,-0.04438753837419996
0.0258418229140673,-0.07009257053541713,-0.04462451979439886
-0.0519289744997024,-0.07012688315457996,-0.04464636496488316
-0.0044261652486259,-0.07422333593355548,-0.04568016971310558
-0.0033747725634984,-0.0755378272676552,-0.04648916309063088
0.0166456153549408,-0.07630430466461188,-0.04696088559048704
-0.022218916639451,-0.07692212877886821,-0.04734112059390083
0.0146828722394936,-0.07685980591743839,-0.047302764477844976
0.0274872883598966,-0.07683931806869652,-0.047290155392092977
0.0324274422242396,-0.07616923053003201,-0.04687775527420776
-0.0031054159610413,-0.07588588985613824,-0.04670337547966877
-0.0074425344116875,-0.07526243048241116,-0.04631967230003028
0.0270860168829489,-0.07366000677581162,-0.04533347320308727
-0.0271123154860575,-0.07184669728258719,-0.04421748610346367
0.0041037673020785,-0.07072859350167411,-0.04375354131673736
0.0088538074058419,-0.06921304301629622,-0.042816003929145814
-0.0076243686205934,-0.06665409978286864,-0.04123301149358568
-0.0277575585804275,-0.06441721740556734,-0.039849249698384444
-0.0362623020611074,-0.06213031642634108,-0.038931381459042375
-0.0471084637530498,-0.06061516232377572,-0.03875775847356307
0.0020681414149699,-0.06299327042173487,-0.03999369384428699
0.0246311806210677,-0.06400057853806292,-0.04063322203740314
-0.041042072264334,-0.06423250878696486,-0.040780471851640646
0.0123626402363683,-0.0649823446385902,-0.042740461644538555
0.0246164252886931,-0.06588410014308425,-0.043333568076246026
-0.0016511758951018,-0.06550895577971265,-0.043086826544172604
0.014636829304008,-0.06526282724812352,-0.042924941848836995
0.034298275299351,-0.06488069662423453,-0.04267360528404596
-0.0080957260356111,-0.06443896058147343,-0.04238306479189157
-0.0313372376136396,-0.06435763949762066,-0.042329577945816196
0.0017590984630206,-0.06427592141642711,-0.04316622510496656
-0.0133444803340996,-0.06395861971163816,-0.04295313260448924
0.0070993914299197,-0.06283572324857879,-0.04219902126036772
0.016624836470882,-0.06186810596640916,-0.04154919182973251
0.0061517198769838,-0.061236069047752605,-0.04112473042483687
0.0214066978237852,-0.06038187844107823,-0.04055107573117066
0.0013732354970557,-0.05943454753784322,-0.039914870164345716
-0.0221313403610192,-0.05886684494267473,-0.03953361420603822
-0.0097682353754944,-0.05852800611853452,-0.039306057873358405
-0.0014024315652534,-0.058470970783233,-0.039267754258749565
0.0033936380850168,-0.05800646720365366,-0.03895580437710913
0.018122744122726,-0.056758486808218024,-0.03811768955138852
-0.0088948632479244,-0.054143681674381404,-0.03636164678256457
0.0308327348521189,-0.05181252571103478,-0.03479609624900368
0.0154127745764522,-0.049539881380729046,-0.03326984077753515
0.0143447413240966,-0.04693801179994176,-0.03152248522754026
-0.0178243501682793,-0.04455644522173144,-0.02992308008869432
-0.0055053995736162,-0.04247386521193631,-0.02852446742751596
-0.0197841335981507,-0.041133854004451104,-0.027624546832823383
0.0416912523275119,-0.04047044700826644,-0.027179018007993532
0.009194617240924,-0.040398567025829946,-0.027130745071036428
0.017930928041169,-0.04109631515697683,-0.02759933660939061
-0.0005554536379595,-0.04121480927661691,-0.027678914524872523
-0.0030322307790378,-0.04148681073440568,-0.02786158442515634
0.0268922252215908,-0.04173630321867055,-0.02802913781840917
0.0043502061880378,-0.04204104899954323,-0.02823379805021997
-0.0077945303752748,-0.04214031337478495,-0.028300461713255277
-0.0036811416457922,-0.04223290311158674,-0.028362642843188856
-0.0115404724719834,-0.041832560843820754,-0.028093782217489562
0.0280578646778337,-0.04151763153082315,-0.027882282960576026
-0.0064738881187462,-0.04115508956111548,-0.02763880814248653
0.0203954815376583,-0.041129030146227326,-0.027621307240992207
0.0074402586089199,-0.04124290822533775,-0.027697785130209134
-0.0023419205873089,-0.04149517945149704,-0.027867204662374957
-0.0121265837520976,-0.04162990832362294,-0.02795768546287016
0.0026044567737013,-0.04188692646742102,-0.028130292915346338
-0.019671730983493,-0.041438898912578445,-0.02782940795159349
-0.0269678507433397,-0.041206433951191834,-0.027673289849649525
-0.0006790228385398,-0.04154367155801882,-0.027899770841743613
0.0027961637852609,-0.041721850767521565,-0.028019431885831808
0.0173225765206872,-0.041736382131275465,-0.028029190814293045
-0.0418263792207227,-0.041386837727440284,-0.02779444486141318
-0.0096335903705444,-0.04081486892934896,-0.027503229951092393
-0.0114086616978461,-0.040715472939824415,-0.02743625164568997
-0.0057421059809481,-0.04057861269841359,-0.027344027934345955
0.0002118414488752,-0.04043405396631229,-0.027246616570430947
-0.0144580119888573,-0.04027048516712423,-0.027136395212016672
-0.0072278127574847,-0.039796186989413763,-0.026816787868194605
0.0204434680546796,-0.03940677702786051,-0.02655438272029656
0.0050283703814297,-0.03934468710709636,-0.026512543228630486
0.0214464724007203,-0.03948066149278949,-0.026604170003266217
0.0119576551299349,-0.03982187758329487,-0.026834099557038082
-0.0570202727788693,-0.03998715927109309,-0.026945475150920002
0.0083399950968061,-0.04430253704036397,-0.028209156622070016
-0.0171985741893418,-0.04658834114295514,-0.029664617420593054
-0.0055580757043287,-0.048633359571784544,-0.03096676057102501
0.0077171368074555,-0.050263469385822976,-0.03200471519230297
-0.0085470641689777,-0.05135070630273633,-0.03269700142517857
-0.0182002552091002,-0.05211984542155468,-0.03318674235913771
-0.01176705839611,-0.05205092791939879,-0.03314285989230414
-0.0166935817308271,-0.05119417995156989,-0.03259733498053428
-0.005063526341436,-0.05017900325126846,-0.03195093230359981
0.0015662002343859,-0.049141183439131375,-0.03129011187249474
0.0195107741506088,-0.048091641456128854,-0.030621827477111653
-0.029046188986296,-0.046268640668001425,-0.029461051634690028
-0.0174887001635415,-0.044731220737967356,-0.02848211628476392
0.02328924521772,-0.043721763332148306,-0.02783935530612936
0.0309340660698982,-0.04365979126762048,-0.027799895270852703
-0.0008084396002185,-0.04485362858339563,-0.02856005814349563
-0.0076049819491963,-0.046338078406364974,-0.02950526535624721
-0.0396083377889624,-0.04775102123191561,-0.030404941269337106
-0.0102429873581648,-0.049093819302924495,-0.03349520835435987
-0.0124891578003065,-0.05048658126683953,-0.03444544715899455
-0.0005311218521146,-0.051165523750210815,-0.034908668808156254
0.0227295845208708,-0.05142515148999639,-0.035085804858318304
-0.0314419400272676,-0.049686340895709086,-0.03389946767837614
0.0340623122615735,-0.04805980804320437,-0.03278973416072718
0.0076730645838765,-0.047267638846296804,-0.03224926139492743
-0.00398722030795,-0.04705936517883693,-0.03210716265448823
-0.00511692039613,-0.04689327973869164,-0.0319938476486223
0.0235838213466266,-0.046849954289386375,-0.03196428802233672
0.01054775728341,-0.04715938338202784,-0.032175402009312855
0.0207563646954564,-0.04772840892500235,-0.032563630698616494
-0.022889824019602,-0.04841959668049807,-0.0330352069216734
-0.0189645878918494,-0.0494286622466241,-0.0337236614330662
0.0311910671018207,-0.050545650885708004,-0.03448574854966867
-0.0122554120231583,-0.051594299645806606,-0.03520120946122075
-0.0102774613879415,-0.05231839125353032,-0.035695234974263385
-0.0344800996616889,-0.05275581423674366,-0.035993675270205965
-0.0199794208340655,-0.05289810467411126,-0.03772662900668698
0.0154479457565663,-0.052478546017502965,-0.0374274021462556
0.0109893782650303,-0.052145881827561094,-0.037190147927884915
0.0074876124104985,-0.051826829796082746,-0.03696260182392584
-0.0239705305721287,-0.05070500712714521,-0.03616252424263943
0.0721995027257342,-0.049872554968670116,-0.035568824072433225
0.0180212596257067,-0.05103022151417397,-0.036394465303716345
-0.0098708384381733,-0.05350619566091754,-0.03816031605847994
0.0144419063699761,-0.055617235119490356,-0.03966589745809163
-0.0146000258257092,-0.05698072822983078,-0.040638333031046324
-0.0019019553602142,-0.05731695427692311,-0.040878127545787145
1.3702219931133186e-05,-0.0572469706168005,-0.04082821559528833
-0.0106387141966486,-0.05694267088318803,-0.040611190746712794
0.0147255745196446,-0.05650500411085325,-0.04029904928058368
0.0096658473198516,-0.05567053926722719,-0.03970391367471365
-0.0070092150618368,-0.054784964239469325,-0.03907232657465336
-0.0144177948095425,-0.053771561057825816,-0.03834957315837128
-0.0073015152540669,-0.05272887660071284,-0.037605936502069844
0.04476152712712,-0.05178974236155581,-0.03693615127542646
0.0009828867999797,-0.05107615111046962,-0.03642722203196867
-0.0039632022885189,-0.05107600060437495,-0.036427114691873375
-0.0174479407622385,-0.05119322101568914,-0.03651071562610167
-0.0203216644737764,-0.05099220129576916,-0.03636734949903208
-0.0045385436918312,-0.0509916130776946,-0.03636692998522888
0.012112589514249,-0.05114690206856887,-0.0364776812150438
-0.0063937585571913,-0.05098013966033784,-0.036358747208875664
0.0123002336785749,-0.05091583857215774,-0.036312888036539676
0.010855371851612,-0.050499060981150604,-0.036015644616362426
-0.0079143136809847,-0.046883109679259315,-0.03343676860344805
-0.0342836660488536,-0.04300364664698576,-0.03066995751512241
-0.0089867592821679,-0.03986856826671693,-0.028434037349590043
-0.014253895099193,-0.03745422552868477,-0.026712141766867852
-0.0010985237831153,-0.03547897537739768,-0.025303404533046303
0.0146548975458191,-0.03426430558672691,-0.024437108909779987
-0.0252121995222243,-0.03403151302616128,-0.02427108257250226
0.0026716402442783,-0.03458238019117954,-0.02466395791831367
-0.0149434456152448,-0.03544383449174327,-0.0252783422521911
-0.0133171904648143,-0.03648225647813303,-0.02601893893848574
0.0251243082065961,-0.03747490440663952,-0.026726889825643866
-0.0010314831658586,-0.03870460827693264,-0.027603907669448396
-0.0070744800245172,-0.03984051644006793,-0.028414030945514385
0.0047902875399774,-0.03924229325388354,-0.02798738155330237
-0.0160309897555048,-0.0384672950071047,-0.02743465718789865
0.0274680665746007,-0.03758342467035789,-0.026804285863823937
0.006149336722192,-0.03712820581932281,-0.02647962635445864
0.008723636643392,-0.03626779879988145,-0.025865988935553166
0.0174046669929381,-0.03553743079278882,-0.025345094604618427
0.0049942956904036,-0.03513208820403253,-0.025056006563358175
0.007118823129506,-0.03498792040033038,-0.024953186901321357
0.0013602516874193,-0.03498666761961734,-0.02495229342520386
-0.0127921742583403,-0.035219904656679096,-0.025118636760604194
-0.010096113409352,-0.03544957571380294,-0.02528243685928571
0.0282248047320532,-0.03486769608024628,-0.024867443596351613
0.0215838993906221,-0.034661694289361826,-0.024720524284453954
-0.0021838874947519,-0.034768465430615146,-0.02479667285838681
-0.0027006106096667,-0.03511959075000062,-0.02504709344984126
0.0198438015100848,-0.035132982156920914,-0.025056644125501036
0.0095070184817949,-0.034886604341604906,-0.02488092886138772
-0.0211154575134848,-0.03457427540641027,-0.024658177631665338
0.0157859090757099,-0.03473382705274835,-0.024771968963243025
0.0213512856282047,-0.03513316323365291,-0.025056773268401937
0.0349742236976808,-0.0350281292121626,-0.024981863598457093
-0.0181101633557076,-0.035316893254556794,-0.025187808479941832
-0.0086948838510032,-0.036368807268747264,-0.025938027604138943
0.0209400977493618,-0.03781466674843745,-0.026273590734850607
-0.0184665278946898,-0.03879336655088027,-0.026953590329524393
-0.0091822059286315,-0.03926811863702044,-0.02728344758027694
-0.0061775876610106,-0.03971208422914576,-0.027591914407327275
0.0159142448351392,-0.040039968282139106,-0.02781972790292517
0.007060109347547,-0.04000117579579356,-0.027792774924161386
0.0076744586634465,-0.0399449200761877,-0.027753688509272387
-0.0195315708905639,-0.039590106663423504,-0.027507164522793323
-0.0067982323588875,-0.039716719769420115,-0.02759513517584055
-0.0243991253848445,-0.03979311642218473,-0.02764821548993145
0.0004948900835763,-0.04051465521729036,-0.028149539886839058
0.0093927997734528,-0.040588905958814335,-0.028201129224054117
-0.0174324770922549,-0.04034246634955961,-0.028029903242413463
0.0073366447157265,-0.04037320802244033,-0.02805126252443877
-0.00130041997736,-0.0405725693770333,-0.02818977858419322
-0.0086361688168175,-0.04040353602295952,-0.02807233438734182
0.0088645078506246,-0.040202399785319136,-0.027932585140710432
0.0202129854993327,-0.03955152158269389,-0.027480355649233623
0.0009490394230216,-0.03911009409818925,-0.02717365229669201
-0.0122931134084645,-0.03860595077750524,-0.02682337404705207
0.0051839656463847,-0.03752779686628675,-0.02607427384207133
-0.0181284628064748,-0.036231442828631964,-0.023964149176106134
-0.0139009111530334,-0.034796489310788506,-0.02301504426949159
0.0078212195296014,-0.03378744098739528,-0.022347640968384683
0.0229351725974584,-0.03239889100084496,-0.021429228219172394
0.0042149478113024,-0.031650661275767836,-0.020934335182906796
0.0265850517265846,-0.031223755445632658,-0.020651971738373357
-0.0049009570527154,-0.03168530738759674,-0.02095725076471696
0.0034071610383819,-0.03256341233539408,-0.02153804568532838
0.0141347315840789,-0.03333109828768512,-0.022045807431613718
-0.0137734069992525,-0.03370649840635644,-0.022294104042022457
0.0128146571167189,-0.0340238833598696,-0.022504028344739718
0.0029667094759666,-0.03364376627434132,-0.022252611844848422
-0.0073883635386913,-0.03318480716601155,-0.02194904776682458
-0.0049439184629864,-0.03277866779320459,-0.021680419642842036
0.0184994630144856,-0.032031041847449586,-0.021185925957433457
0.0090751313385464,-0.03155342337312528,-0.02087002022819965
0.0166930062213417,-0.0312819135416798,-0.020690438583209316
-0.0025066762841507,-0.031157831732671226,-0.020608368570287486
-0.0036787017616415,-0.031185909646498755,-0.02062693982395517
-0.0101944814884511,-0.030857794337647314,-0.020409918264933335
0.0073300929822899,-0.030811243734725498,-0.020379128831624474
-0.000870802997376,-0.030769254025881817,-0.02035135605836367
-0.0066937551278076,-0.03075684949598791,-0.020343151471915295
-0.0089732286455515,-0.030504784813777976,-0.02017643120976407
0.0201133688988051,-0.030364127939505544,-0.020083398140845112
-0.0022811192182032,-0.030456288789873887,-0.020144355038887226
0.0006259738052101,-0.02994945678594302,-0.019809126938618863
0.0003116942671184,-0.029498382822861213,-0.0195107782421047
-0.0002352896250421,-0.028300395702259853,-0.01871840731155877
-0.0078797125902916,-0.027057736043562985,-0.017896489134659455
0.0011382725117154,-0.02610537471756476,-0.017266579666418792
-0.0023880925601034,-0.02514703648894194,-0.016632716963779357
-0.0190432871165828,-0.024221354852153456,-0.01602045393747639
0.0063740860242642,-0.023820160497247726,-0.01575509654017244
0.0272329127055588,-0.02365631434668879,-0.01564672565324706
0.0065106595877821,-0.0244876474210177,-0.01553509202760198
-0.0010967820520217,-0.025218729472837334,-0.015998894317772083
-0.0089436480510354,-0.025754603385707366,-0.01633885554019976
-0.0063839273537986,-0.02642222310547032,-0.0166737490437171
-0.0036697514609436,-0.026597951336836068,-0.016784642378391956
0.0210856155456866,-0.02662681582435434,-0.016802857318869675
0.0024488944197926,-0.027257108206752007,-0.01720060344970488
-0.0068343491993196,-0.025137108882542135,-0.016967580341284306
0.0110529078516385,-0.025427221915394125,-0.01716340700599627
0.0031379045787218,-0.02600227860408565,-0.016589996487820818
-0.0037111957465167,-0.026171668689189187,-0.016698070897749554
0.0054818743609743,-0.02624604358651588,-0.016193138942148442
0.0009314623289675,-0.025822251688115375,-0.015931670158454054
0.0120859045379422,-0.025544849185066675,-0.01576051989498824
0.0178943714136821,-0.02519696427009317,-0.01554588378248336
-0.002252687550948,-0.025262491014735836,-0.015586312111306622
0.0033450011535283,-0.024095228161973726,-0.015723384099515614
-0.0128770180789086,-0.024148357495555633,-0.015758053740875477
-0.0049902915524864,-0.02446745824865175,-0.015966283506273302
0.0242577975724902,-0.02489439368522451,-0.016244880986645865
0.0254913944376795,-0.02527854915010822,-0.016495562320214936
0.0039492746786589,-0.025970291756346804,-0.016946960191311016
-0.0070537338745335,-0.026021780211792956,-0.016980559074717662
0.0130628155578076,-0.02611021256805708,-0.017038265766475012
0.0072533404798402,-0.0260388311631645,-0.01699168570343745
0.0006775901416293,-0.025875607052703396,-0.016885173519123216
0.0001092235886943,-0.025811022803141487,-0.01684302895191619
-0.0176572721109327,-0.025793178690609934,-0.016189694724343298
0.0125922929931565,-0.02563663062336814,-0.016091433651183935
0.003020727560548,-0.025642755465713728,-0.016095278052411063
0.0174632056136285,-0.025633856684097907,-0.016089692523015606
0.0078524514029254,-0.02579166814186991,-0.015418456691400819
0.0070112042026817,-0.02611165998713972,-0.015230546289825527
0.0119102456328654,-0.02587203242099278,-0.015003108036586589
-0.0067104323906512,-0.025915035381002986,-0.015028045314200798
-0.000913309610091,-0.026232752829495568,-0.01521228863638275
-0.0135417065861993,-0.02450401563021561,-0.014885824632677272
0.0116933023919472,-0.024622912985765372,-0.014958053005802387
-0.0100783246207143,-0.02485826080080767,-0.01510102329913192
-0.0136889614125745,-0.0251571478239952,-0.015282592715316358
0.0173374079005004,-0.02549728032326786,-0.015489218144080929
0.0012477233679195,-0.02608117228337064,-0.015843923815742456
-0.0016465742009899,-0.02603047092850045,-0.015813123497597614
0.0158878954736501,-0.02564970056089443,-0.014957743504349344
0.0019402465618387,-0.025168995204737574,-0.014677417915304322
-0.0003228938683808,-0.02468128167706575,-0.014393005478083183
-0.0075482570092439,-0.024132954735700422,-0.014073246043621347
-0.0034919690403203,-0.023782916851867543,-0.013869119805549003
0.0005843931303672,-0.023518039031376673,-0.01371465505889485
0.0048679512798592,-0.02340475383639476,-0.013648592264697432
0.0123690662952444,-0.022815828856757498,-0.01330515789329785
0.0171478795889754,-0.022376763056539125,-0.01250850162271697
-0.0004097942158178,-0.02213718164661949,-0.012374576780809292
0.0094428635139873,-0.021838256436001752,-0.012207479043185875
0.0081173953383544,-0.02165010416865483,-0.012102302841628915
-0.0009473375787827,-0.021616085555403584,-0.012083286602417701
-0.0230263870623304,-0.02157134481204142,-0.012058276744667805
-0.0026168805575697,-0.022122904289750764,-0.013105194036819335
0.0014478349626632,-0.022646204759853697,-0.013415187431467563
0.0073139344350909,-0.022791648708438493,-0.013501345701770617
-0.0040024933764062,-0.02286930966520406,-0.013547350597609238
-0.002217401073068,-0.02268727388829001,-0.013439516013738304
0.0183245313704798,-0.022258756078655895,-0.01318567009143372
0.0003852998324607,-0.022101121044712974,-0.013092290050559986
-0.0024775223228683,-0.02176581103493991,-0.012893658682679433
-0.0223414865270523,-0.021553759018166894,-0.012768043040659198
-0.0011196357927225,-0.021683648909387912,-0.01324024203873989
-0.0051337986091954,-0.02196081625781621,-0.013409483055035703
0.0086648520778211,-0.022385296262842844,-0.013668674579056593
-0.0087872824718768,-0.022620216043474414,-0.013812118829064857
-0.0112818548917577,-0.022891930610446014,-0.013978030325196757
0.0017948735490058,-0.023247582888552595,-0.014195194985233363
-0.0066830703186013,-0.023590441643609666,-0.014404547798545667
0.01174333772917,-0.023909122223081808,-0.014599137188130846
-0.0111060670884395,-0.023979687150313667,-0.014642224803130521
-0.0107762862350089,-0.024175091995936444,-0.014761540858394082
-0.0108583440363538,-0.024301300580571436,-0.014838605019270187
-0.0014260142875848,-0.024422564996881523,-0.014912650223992947
0.0163241905255837,-0.024565283962509406,-0.014999795780367163
-0.0018582277805521,-0.024285867075491338,-0.014829181174435746
0.0159100964511615,-0.024086370379173667,-0.014707366596261527
-0.0221350958635877,-0.024241537370906455,-0.014198535639330632
0.008427287076179,-0.02465479705557055,-0.014814345235811592
0.0073767708238214,-0.025251804271470776,-0.015173069381245931
0.0213021886323723,-0.02592949390996346,-0.015580273230652376
0.0055695890072886,-0.02515577035579821,-0.015785901428072575
0.0024958431739392,-0.02586781871488081,-0.016232730328540255
-0.0006588812229111,-0.026436423007928252,-0.016589544339587106
0.00112132299461,-0.026295420577891707,-0.01650106164038157
-0.0088602534058299,-0.026007652754711213,-0.01632047983244456
-0.0073732065968368,-0.025737980231017175,-0.016151253296477534
0.0014218004114283,-0.02541445556147257,-0.015948233135665655
0.0118171571726062,-0.025106633940835583,-0.015755067047246305
-0.0111949779354798,-0.024719057203689068,-0.015511852544892624
0.0038376887568514,-0.024626400742742558,-0.01545370820113022
0.0081343834284464,-0.024543239653282308,-0.015401522450413662
-0.0177007772785238,-0.02398756358701776,-0.015107203301186072
0.0015098053103059,-0.02406220576645461,-0.015154212434710846
-0.0022448277806645,-0.024242063882371927,-0.015267485844604032
-0.0146754332587697,-0.024315388998726272,-0.015313665500817544
-0.0185872741339583,-0.024584698355941757,-0.015483274689996223
0.0004667406551206,-0.0248200682876691,-0.015631509061390058
0.0046012975650775,-0.02517262731783782,-0.01585354832457352
-0.0152192638798016,-0.025161967139471456,-0.01584683461722999
0.0023573458548789,-0.024865788401286216,-0.01566030327589465
0.0083742109499258,-0.024439077400243443,-0.015391563609182745
0.000847780033176,-0.02401648448298092,-0.015125417483438593
0.0082787862602629,-0.023217891225779223,-0.014622468918123199
-0.0184985203956298,-0.022643835272868163,-0.013884775739946092
0.0143572047775162,-0.022235857438974205,-0.013634611372372105
-0.0035953227040135,-0.02236646612662262,-0.01371469817373918
0.0168387685006177,-0.022752349715692753,-0.013951314764144435
0.0049239966125362,-0.023242286271792128,-0.01425173468534004
0.0055913809196113,-0.02378618114856971,-0.014585240838302161
0.0072170529606285,-0.021256424680664514,-0.014840212399749688
-0.0037482106460711,-0.021583206580636588,-0.015068355790598979
-0.0125240128892532,-0.021716760064919627,-0.0151615964038847
0.0117749227812495,-0.021821243777080182,-0.015234541901731636
-0.0033484391937061,-0.022105863912748863,-0.01543324997846718
-0.014168801999121,-0.01948382413922652,-0.015135264162613083
-0.0084958306597737,-0.019656811566020036,-0.015269642833998204
-0.0151481852625714,-0.01967365679821688,-0.015282728408850345
0.0030151848290564,-0.019602342154064666,-0.01522733035299675
0.00960802193398,-0.019309539330468844,-0.014999877669631597
-0.0250092941877166,-0.019161961924965682,-0.014885237802182451
-0.0190991025180871,-0.019543254676166636,-0.015359169976854813
0.0050088492874724,-0.019939738053460544,-0.015670768821866077
0.0108775361136466,-0.020474363739198243,-0.015732643411432424
0.0051674667583778,-0.02096426369511693,-0.01610908594278148
0.01755042263024,-0.0215635308842737,-0.01656956701634593
0.0172148681133048,-0.022032989629132662,-0.016930302379032897
0.0119885349532005,-0.02241110754826124,-0.01722085081633226
0.0036649231453971,-0.022510357811406465,-0.017379331092435772
0.0092667722781154,-0.022718194142419844,-0.01728598833631672
0.0011251498282973,-0.02256476545992516,-0.017169246380533038
-0.0082187554653661,-0.022318827209725854,-0.016982115057605333
0.0222179128323158,-0.02204704640903239,-0.016775320462869045
-0.002987886555033,-0.022182528181271893,-0.016650259217739345
0.021069784772953,-0.02369439062981671,-0.01778506682236081
0.0002978218244464,-0.023994146183586196,-0.018010064064849726
0.0010104154526189,-0.024224154635792933,-0.018182708964485043
0.0003043778653655,-0.024441313453281092,-0.018345708897272158
0.0118670592917968,-0.024493268993009486,-0.018384706850851033
-0.0058472013877128,-0.02440355676865417,-0.018317368638618887
0.0042442511671136,-0.024225604275446986,-0.018183797067509867
-0.0012118788103752,-0.024090837875335246,-0.018082641082161156
-0.0012540701787777,-0.023919759632884733,-0.017954229340269575
0.0030307403843501,-0.023257020430384644,-0.01745677569453497
-0.0014269630895338,-0.022342868214583003,-0.016770610833920986
-0.0024881437784944,-0.021554118476501228,-0.016178573375897006
0.0031121828068112,-0.020760090829807055,-0.015582574306923818
-0.0099199079644183,-0.02059001615325926,-0.015454915844022156
0.0023986860351783,-0.01988400324185844,-0.01492498084789222
-0.0056629141132713,-0.019165091264771603,-0.014385363781910566
0.0147400355158868,-0.018636515988375606,-0.013988613903079716
0.0038745276173113,-0.018384854557502495,-0.013756888100044587
0.0084838135549869,-0.01813776300112646,-0.013571996189102395
0.008136100956916,-0.01802161837561985,-0.013485088315476382
0.0126454522560965,-0.017914675341713773,-0.01340506574331386
-0.0014827707685238,-0.017534643043036736,-0.013120697880029937
0.0051638652222276,-0.017262700607439695,-0.012917210730079356
0.0063772112419151,-0.016868759827453204,-0.012622435527405431
0.0048924345499852,-0.016190763490714133,-0.01248898193647697
-0.0154465651504605,-0.016010845507430392,-0.01235019957179314
0.0122031187518523,-0.016013393058407457,-0.012352164662454429
0.0011921941628827,-0.01603714347602069,-0.012370484894031253
0.0060055101094977,-0.016068847151888284,-0.012394939987545369
0.0016776550866843,-0.015543773989481417,-0.01241906755695491
-0.0004928225787637,-0.015540573034791429,-0.012416510078149015
-0.0043019363945813,-0.015586677610572601,-0.0124533464244378
-0.0169012772647629,-0.015637779825175512,-0.012494175753009679
-0.0106617264044146,-0.015891178224396056,-0.012696634424943131
-0.0052973278958123,-0.016107827635714254,-0.012869731619817163
0.0014710943708298,-0.01636730658627786,-0.013077048492723184
0.020871097495684,-0.01643438061568399,-0.013130638882230622
0.0017300466170837,-0.016781167657671573,-0.013407712629264953
0.0068320545291538,-0.017226697923335775,-0.013763679621045457
0.0016570505026987,-0.017345927852655693,-0.013858941206040008
0.0007143320140841,-0.017445645292293522,-0.013938612823776265
-0.0001312989718087,-0.01754392795522567,-0.01401713809257249
-0.0056263757403947,-0.01753334684433637,-0.01400868406261485
0.0145922181922308,-0.017440233933252437,-0.013934289289893717
0.0193443864572611,-0.01745003294050806,-0.01394211843957005
0.0009456079872425,-0.01776622766634407,-0.014194749728725921
0.0042511001964928,-0.018121972259516953,-0.014478980324115766
0.00544874915213,-0.018608839709619546,-0.014867974641596074
0.0010103869658912,-0.018665719705996942,-0.014913420266199741
-0.0054943180176199,-0.018464455108400356,-0.01475261513379967
0.0100099986874848,-0.018279150248822488,-0.014604561413301232
-0.006817810355475,-0.018243378334887303,-0.014575980592703652
-0.0196152640441145,-0.018215355368161684,-0.01455359097759813
0.0120336874006152,-0.018645089293776985,-0.01489693710816741
0.0170362397427901,-0.019157601367646895,-0.015306420807136055
-0.0016842637116472,-0.019505052021804005,-0.015584024762880995
-0.0022912681822973,-0.019997475522322623,-0.015977458218855798
0.0103228403235977,-0.0201817411580963,-0.01592429575026967
0.0015813954689978,-0.02024404129701626,-0.015973453344239028
0.0100281798281827,-0.02004861509219795,-0.01581925333451236
-0.0044491559806374,-0.019853620452543644,-0.015475949238553584
-0.0159087628594782,-0.019626808682732602,-0.015299148868832985
0.011704251742806,-0.019673788974040783,-0.015335770129183747
0.0021366864259011,-0.019977294711782324,-0.015572353648150744
-0.0089914682494924,-0.020267359005696647,-0.015798459526384142
-0.0079405323203172,-0.0206036740317245,-0.016060617971661716
-0.0038366916909282,-0.020950729404956073,-0.01619883658139675
0.0296378236199963,-0.020817643967076836,-0.01609593661940023
-0.0037332090184847,-0.02099905815839263,-0.016186671992198802
-0.0002386332792134,-0.021604211608480545,-0.01665314150371857
0.0021011371803183,-0.02216056408692705,-0.017081993836653375
-0.0053870136454481,-0.02274849498457005,-0.016732182187474874
0.0094297903380855,-0.023075447206910925,-0.016972665092146937
0.0142551571000897,-0.02329054614938821,-0.01713087664400144
-0.0041845818683903,-0.023496145734684677,-0.01728210114132239
-0.0181937703777563,-0.023295608053043714,-0.017134599821918776
0.0066656815677053,-0.023273382343364988,-0.018045661854484852
0.01544382482877,-0.02306778289617155,-0.017886244626392107
-0.0153949848070276,-0.02302708185910485,-0.017854685949565664
-0.0037119720221081,-0.023131249485872533,-0.01793545520523725
0.0147873311721582,-0.023491829491845827,-0.017278926418704734
-0.0083031617979916,-0.023909719868812355,-0.01758629699097948
-0.0029742329165536,-0.024267066016017566,-0.017849135514718544
-0.011532364308886,-0.024746457114683176,-0.018201741663273315
0.0098768000973663,-0.024708474299424712,-0.018173804193769114
0.0026209700260029,-0.024933213768855777,-0.018339106634646527
0.0114634121374148,-0.024877195289847498,-0.018297903407915816
0.0043910860591882,-0.024703377923457084,-0.01817005566045981
0.001039830622048,-0.02456118401343229,-0.0180654678883853
-0.0034072104296072,-0.024455776984375628,-0.017987937941229992
-0.0036461742452953,-0.0235546685754907,-0.017325146399268423
0.0038529694941171,-0.02260938798286114,-0.01662986492658682
-0.0014314835156579,-0.021803914863304928,-0.01603741593193158
0.0021073727786724,-0.02112573993394973,-0.015538598472550383
-0.0094148763074439,-0.020674844958380824,-0.01520695205445753
0.0021173058877046,-0.020273836775952542,-0.014911998829129464
-0.0156173009182598,-0.019994509417897745,-0.014706545402514254
0.0127646976325728,-0.019822142915212292,-0.014579764807670197
-0.0004567969335393,-0.01954126019468139,-0.014373167366546096
0.003843943361355,-0.01936428229599274,-0.01424299495531522
-0.0087476080551951,-0.01903198885549366,-0.013998583428754685
0.0163182596117703,-0.01854014705430871,-0.01363681942500743
-0.0167714023811527,-0.018306339612766016,-0.01346484722590884
-0.0166151871359172,-0.018199706706273147,-0.013774740587461266
0.000385652490106,-0.018397992081568042,-0.013924816061261794
-0.0124998503166438,-0.018589499148632165,-0.014069761263514124
-0.0056931017822634,-0.01869549722889248,-0.014149987614516328
-0.0207175401538339,-0.018760755006203337,-0.014199379012316249
0.0101167219135369,-0.019007169979145287,-0.014737735890467023
0.0150269418473012,-0.01945019578365406,-0.015081248223269634
0.0031618732066771,-0.02009529632500671,-0.015581444802333439
-0.0055095927662414,-0.020762497080687208,-0.016098777394924973
0.0163764584863699,-0.02145033285906564,-0.016235029246184543
0.0036291954826452,-0.022121707735825474,-0.01674317011425237
-0.0194212173443943,-0.02305308416710777,-0.01744809733847884
-0.0070278005334571,-0.02370299118417271,-0.018378770972727113
0.0127936010208351,-0.024367524716147518,-0.018894035459515502
0.0197148318344648,-0.024990412212670007,-0.019377008538795315
0.0112700122970395,-0.025724935592018917,-0.01994654159301091
-0.0001171755606286,-0.026293763449143786,-0.020387598033009324
-0.0003560326282912,-0.026779444834852496,-0.020764184552588234
0.001571889964298,-0.026917333833824084,-0.020871100608543636
0.002631040723104,-0.026955474437526408,-0.020900673982416997
0.0020588685040241,-0.02685828957726207,-0.02082531900823098
0.0067993311498835,-0.026441321018423867,-0.020502010882848372
0.0148369082813193,-0.025780170462994464,-0.01998936948065935
-0.0020826494469776,-0.02497947533738688,-0.019368528329507632
-0.000632273626822,-0.02434045162483711,-0.018873043588031792
0.0068758226870819,-0.023750811293098684,-0.018415849619173565
0.0021188630263004,-0.02334886300599025,-0.018104187877655536
-0.0004596595393469,-0.022658451911824747,-0.0175688585060119
-0.0043832424950061,-0.021952551395907887,-0.01702151898203533
0.0098826025909346,-0.021214038249378894,-0.01644889235128893
0.0032427620374058,-0.020553531657460985,-0.01593675026405137
-0.0070568462613653,-0.020253174164849133,-0.015703859759905132
-0.0106285545771633,-0.0198922791336623,-0.015424029797861906
-0.0001084279539114,-0.019538696641445107,-0.015149869815523258
0.0034638764849024,-0.019096937076654028,-0.014807339296770496
0.0028918999502778,-0.01876588920580345,-0.014550652157493562
0.0201763867239499,-0.018346475598433092,-0.014225448195984597
-0.0007283956908405,-0.017837513080217977,-0.01383081000524755
-0.0010646429639038,-0.017512851616878045,-0.013579074743987386
0.003872298973329,-0.017409420353687515,-0.013176599657370024
0.0070790699664851,-0.01729797656548313,-0.013092251634768633
0.0131868815304354,-0.01719017976596058,-0.013010663894177743
0.0057240929713735,-0.01721591202247004,-0.01303013976617219
0.0042246203691913,-0.017218451805557006,-0.013032062041829485
0.0122819714104345,-0.017207419619678848,-0.01302371215460125
0.0003069456396236,-0.01715535041368029,-0.012984302739010066
-0.0078949185144594,-0.017136275696780306,-0.01296986573289139
-0.002629477345998,-0.01713715063684272,-0.012970527945342607
-0.0115283835455723,-0.017236765887137337,-0.013045923348878993
0.0115639151336655,-0.01735130498913727,-0.013132614109484823
0.0025306599859185,-0.01751061124025339,-0.013253187606547229
0.0019210892684426,-0.017678427465859334,-0.013380202014603155
-0.0053790294345574,-0.01782017258082612,-0.013487484083469373
0.0065502047207282,-0.017883702570626412,-0.013535567777517117
0.0100276778633503,-0.017885896417233666,-0.013537228225588688
0.0086939071701124,-0.017871407443738524,-0.013526262013083441
0.0101206918285843,-0.017802693185025982,-0.013474254521770479
0.0023300642823276,-0.01775816760231462,-0.013440554618730657
0.0006592886573137,-0.01777223773279308,-0.013451203823165676
0.0108130715792515,-0.017594589528063406,-0.013316747923657364
-0.0226987978559325,-0.017436070955482455,-0.013196770593756513
0.0059260930874867,-0.017788092989494176,-0.013636233914051027
0.002720641035772,-0.018123706143969562,-0.01389351272869191
0.0005761850385148,-0.018464497938755032,-0.014154761454591228
-0.0298292393185466,-0.018582665796069774,-0.014245348148983806
-0.004761524408531,-0.019642803201552782,-0.015400748244430107
-0.0093031847156783,-0.020689721677633062,-0.016221574463433325
0.0152625283583809,-0.021542568678033117,-0.016890240834999896
-0.0034631076061533,-0.022383933275716823,-0.017159374545908792
-0.0372309494477942,-0.0231117728407202,-0.017717331521181465
-0.0106601204874454,-0.025747741440988032,-0.019364199341606544
0.0102013235207021,-0.027306895577871644,-0.02053679817246331
0.0018816726332726,-0.028617022750707682,-0.02152211037143026
-0.0139066943646533,-0.029651004618564313,-0.022299740947326476
0.0296761446049593,-0.030551270599431062,-0.022976807320465482
-0.0246812633561575,-0.031437168415654554,-0.02364306777476447
-0.0240850146338882,-0.033949913167948605,-0.025051637126694743
-0.0300385860982377,-0.03544765125176634,-0.02615681789110552
0.0101615776856132,-0.04024931820557834,-0.02726091570939739
-0.011715159792665,-0.04181239905013272,-0.028319592403813175
0.0301253253413307,-0.042963891467163076,-0.029099499719518317
0.0053771199553196,-0.04419101678892281,-0.029930633300228833
0.0015614575297924,-0.04573948794195154,-0.030979414831521935
0.0247372958356599,-0.04632106348687666,-0.03137331670652694
0.0008546085348317,-0.046709051152506065,-0.03163610125842882
0.0242772582419288,-0.04730658033138812,-0.032040808550517844
0.0009420834791864,-0.04776222041517347,-0.032349414173461634
0.0131367864667026,-0.047749611558555914,-0.03234087417843147
-0.0023638583464489,-0.047535892060810825,-0.032196121683899126
0.0053114755266534,-0.04716058442632488,-0.03194192533362662
-0.0169397804186601,-0.04674135901935576,-0.03165798341877851
0.0116815493966164,-0.04611770552013325,-0.031235582090454406
-0.0104202785453448,-0.04497314733046831,-0.030460371335986718
0.0033290770211777,-0.044156632082979666,-0.029572509772255545
-0.0118535355833451,-0.04313002735859779,-0.028884973680576832
-0.0013093311871728,-0.042314416986683666,-0.028338744392789265
0.0128114533494478,-0.04201246873703216,-0.02813652408878704
-0.0319703394421129,-0.04090559876032349,-0.027395232879318863
-0.0019709548031929,-0.04353589287522355,-0.02696422772590859
0.000471841058026,-0.04298575954546638,-0.026623499205060294
-0.0272572510678852,-0.04206251692144169,-0.02605168310766644
0.0129158485406701,-0.041362533082321115,-0.026003881298746364
0.0089816746370914,-0.0413506523484317,-0.025996412094836937
0.0214454329239277,-0.040385940114662455,-0.025389914848537812
0.0096104320684897,-0.03961730264393888,-0.024906686282466086
0.004700343676582,-0.039250597408940664,-0.024676145290608936
-0.0047008585283823,-0.0382091242916225,-0.02402138985615146
0.0004807561243573,-0.03730358545480464,-0.02345209386121925
-0.0045341516871673,-0.03601408357092651,-0.022641407198094918
0.0252839088680687,-0.03471057982734661,-0.02182191781737779
-0.0024394859405632,-0.03387836462901473,-0.02129871907639728
0.0030627848950626,-0.03378122680478752,-0.021237650271791055
0.004655631038398,-0.033997702399664216,-0.021318299152994925
0.0013913716672799,-0.033897350926516495,-0.021255373644092652
0.0071308157471907,-0.033824579518906245,-0.021209742247624074
-0.0053294699788271,-0.03380030564044074,-0.021194521283670453
0.0025989980516332,-0.03370261888095461,-0.021133266686594137
-0.0144296359236868,-0.03350889745604467,-0.021011793439960406
0.0014796894139728,-0.03346353851138527,-0.02098335106052706
-0.0004667147609005,-0.033470562922900154,-0.020987755726003796
0.0121362248594785,-0.03247884531082037,-0.02018402266186616
-0.0117624316011841,-0.03139034269832278,-0.019507571230545345
0.0153874941119553,-0.030530384398077058,-0.018973148973401955
0.0079789132810237,-0.029131085510832013,-0.018103552773765238
-0.0013379209719577,-0.027737522832837612,-0.017237521349181342
0.0014913465434656,-0.026572976188421638,-0.01651381225063585
0.0082081430563132,-0.025264353339607856,-0.015700566798603304
-0.0137552761323522,-0.024192099433997458,-0.015034213148311909
0.0007051144392331,-0.023643224026043526,-0.014693113778347781
0.0008111094186293,-0.023346823859314327,-0.014508915490970553
0.0065961873602677,-0.023189133055744823,-0.014410918326282112
0.0018399676228657,-0.02320319153880038,-0.014419654989727793
0.001088719443743,-0.02257243190181928,-0.01402766855409008
-0.0156584274326458,-0.02214563097728185,-0.013762432538137907
0.0082338281493541,-0.021860414610750705,-0.013585184438628602
0.0058716602322519,-0.021803669895684295,-0.013549920358151576
-4.6679502718305343e-05,-0.022049759021135668,-0.012894660775072229
0.0097590802534242,-0.022204268413208165,-0.012550697782749516
-0.0079607927807643,-0.022241794575868844,-0.01257190899843723
-0.0246935690498713,-0.0223934128407098,-0.012657609413553442
0.0071496934624217,-0.02277395112932276,-0.013318167062016493
-0.0034772869024006,-0.023498204304840262,-0.013741709061029507
0.0131304718503102,-0.02416499765561422,-0.01413164865434036
0.0270139002807461,-0.024754149032637562,-0.014476183356266159
0.0152924578240742,-0.02559883684025508,-0.014970155318935996
0.0007394818989823,-0.02656519306322006,-0.01553527875956268
-0.000501613201381,-0.02740749861092636,-0.01602785758077443
-0.001697592813846,-0.028095910712006927,-0.016430439781712766
-0.0016448594736893,-0.028785230053712578,-0.016833552535392766
-0.0066530455740902,-0.029096856188733027,-0.017015790957857328
-0.0243427017872601,-0.02921679259914079,-0.017085929562333936
0.0070876541289575,-0.029562703146877596,-0.018514946284484787
0.0070542101159887,-0.03017098042606211,-0.018895906749913788
-0.0008459146914177,-0.030702439917975572,-0.019228756689118234
0.0035587466811204,-0.031196834096599495,-0.019538392841641408
0.0017077341848761,-0.031550201405047336,-0.01975970469875065
0.0013785104652548,-0.03145882609658521,-0.01970247688302964
0.0056561976860081,-0.03119148545259605,-0.01953504301750907
-0.0085635836708881,-0.03084866328480094,-0.01932033551967569
0.0089205450303868,-0.030573843651240357,-0.01914821760718251
0.0111287603925269,-0.030344020448773348,-0.019004280693583515
0.0030532703877863,-0.0301654710536881,-0.01889245626255276
0.0123142780888816,-0.029297012059537587,-0.01834854552654577
-0.0031287903358627,-0.02850539503446072,-0.017852760461683395
0.0091541442922089,-0.027834310705728317,-0.017432464312271488
-0.0084262953615077,-0.027139550148876642,-0.01699733988109963
-0.0033936821564015,-0.026009483403778066,-0.016289585756606027
0.0183534100910467,-0.02482637878078167,-0.015548614322604482
-0.0068563003074864,-0.024051088765158903,-0.015063054767281174
0.0076035864924595,-0.023653495217833904,-0.014814044278111555
0.0144228700210078,-0.023504155622830356,-0.014720513772260996
-0.0043349228180264,-0.023553351476831446,-0.014751324844906284
-0.0366513068396781,-0.0236950964060214,-0.014840098856437339
-0.0046692154881355,-0.025389473546489304,-0.015985450925563725
0.0084265325263501,-0.026694183700360124,-0.01680690868830928
0.0100028128645757,-0.027955950850678486,-0.01760132913282817
0.0136017996936654,-0.029035834142940035,-0.01828123379261463
-0.0013469233518872,-0.029965169080103875,-0.01886635179453943
-0.0136584447813792,-0.030773472383877485,-0.019375267143720853
-0.0129328895805613,-0.03154675534220281,-0.019862133354603493
-0.0087621144315637,-0.03233769085332438,-0.020360113778465715
