NDX_ST_True_test,NDX_ST_22_pred
7.326121700163391e-05,8.138594e-05
7.481194055834604e-05,8.190575e-05
6.573307509337931e-05,7.5815224e-05
7.835077202950426e-05,7.405231e-05
8.009966804672885e-05,8.615979e-05
8.097786079082789e-05,8.2483326e-05
7.012013242983192e-05,8.198507e-05
7.895137419007348e-05,7.736556e-05
8.48063957119681e-05,8.7618166e-05
8.66141041302931e-05,8.543241e-05
9.21328510426102e-05,8.23233e-05
9.20075688109207e-05,8.445039e-05
9.830978848977279e-05,8.240453e-05
9.636771162574669e-05,8.5015236e-05
9.641576903140222e-05,8.497003e-05
0.0001001325781076,8.350924e-05
0.0001036896628707,8.849121e-05
0.00010167062543909999,8.919304e-05
0.0001017112527513,9.246618e-05
9.590140522801137e-05,8.998538e-05
9.325272073591888e-05,8.781386e-05
9.503744018648433e-05,8.485168e-05
9.254452457159932e-05,8.363668e-05
9.003492823901247e-05,8.476636e-05
8.708429978682104e-05,8.097576e-05
7.608304481397559e-05,7.72473e-05
7.056004334718594e-05,7.302586e-05
6.0885587602594e-05,6.794654e-05
6.137808261304922e-05,6.2346684e-05
5.209193027161504e-05,5.882945e-05
4.5487952605402465e-05,5.4452514e-05
4.426856261817051e-05,5.065244e-05
3.5941418920602994e-05,4.8158297e-05
3.6305335004405576e-05,4.5335775e-05
2.944321163578996e-05,4.337537e-05
2.9989172706273392e-05,4.1488354e-05
2.9730851940366477e-05,4.031716e-05
2.597293847557011e-05,3.931013e-05
2.5714540998682516e-05,3.8314698e-05
2.322579613665924e-05,3.8577098e-05
2.3212961011381527e-05,3.7972815e-05
2.4433612551109802e-05,3.712947e-05
2.2506955203069885e-05,3.7948837e-05
2.0700406636493315e-05,3.701079e-05
1.834086700116318e-05,3.6634767e-05
2.522172606539885e-05,3.698284e-05
2.7578582692093645e-05,4.1686235e-05
2.6789827826021966e-05,4.333551e-05
2.6479247030479526e-05,4.1189225e-05
3.037102469621842e-05,3.9518778e-05
3.0643349752405644e-05,3.9805323e-05
3.076270423319142e-05,4.045486e-05
3.182114800308272e-05,3.9758663e-05
3.274129220379834e-05,3.9169387e-05
3.280754608627759e-05,3.9039114e-05
3.535713635737922e-05,3.860976e-05
3.52280109562539e-05,3.9135484e-05
3.4236416436322995e-05,3.8889564e-05
3.553060890017051e-05,3.871503e-05
3.5720247201583426e-05,3.8877733e-05
3.2406094312997016e-05,3.887777e-05
3.1696709021147325e-05,3.854264e-05
3.342471266418739e-05,3.8303497e-05
2.950242131550016e-05,3.8668237e-05
3.296246197742202e-05,3.8283637e-05
3.18067566507414e-05,3.9660645e-05
3.777275646820142e-05,3.896728e-05
3.656069848914059e-05,4.1808602e-05
3.439922921978188e-05,4.5335568e-05
3.400933375278173e-05,4.3261192e-05
3.478813700233215e-05,4.1584342e-05
3.1967490105592795e-05,4.0886334e-05
3.2301726249074965e-05,4.038807e-05
3.4923392368252354e-05,4.018604e-05
3.6293512700165146e-05,4.085967e-05
3.4765820648816714e-05,4.15821e-05
3.66442956590386e-05,4.050389e-05
3.395501668376556e-05,4.07155e-05
3.455843776005619e-05,3.9892955e-05
3.454892782894146e-05,3.9603125e-05
3.323936310693103e-05,3.9225506e-05
3.805606371278724e-05,3.8841117e-05
6.0544704196989805e-05,4.140141e-05
6.851364781581735e-05,6.5188266e-05
6.670976574372005e-05,6.606626e-05
6.64825366859823e-05,6.055181e-05
7.677788377242308e-05,5.7867703e-05
8.424703152783466e-05,7.358605e-05
9.472284714449059e-05,7.5591386e-05
8.879284242511303e-05,8.799771e-05
8.968461994155991e-05,8.229653e-05
9.180394192243698e-05,7.995694e-05
9.48809760275484e-05,8.08857e-05
9.377053058748345e-05,8.194547e-05
9.438137418957125e-05,7.999671e-05
9.249254718197677e-05,8.0198726e-05
9.000127226862649e-05,7.90455e-05
8.98981958460006e-05,7.6639895e-05
8.97695714484953e-05,7.504427e-05
9.565200067010416e-05,7.459484e-05
0.0001138393526129,7.986567e-05
0.0001832673265389,0.0001050622
0.0002125973745843,0.0002582119
0.00020900032504699996,0.00032221267
0.0002904317774949,0.00025749143
0.0002840631414234,0.0005374451
0.0003938112106941,0.0004069187
0.00043366981004520005,0.0005014617
0.0004950780065355,0.0005781249
0.0005262797948849,0.00059708033
0.0005146323432556,0.00065914606
0.000696373371989,0.00061199267
0.0008452708316071998,0.0011778172
0.0009063409379312001,0.0011205059
0.0012311893501505,0.0012407613
0.0017215057743164997,0.0023108344
0.0023283449207324,0.0024924974
0.0025761466223709,0.0030373917
0.0026103988581385,0.0030373917
0.0026466621183618,0.0030373917
0.0026761721399147,0.002641828
0.0026820624886535,0.0026358431
0.002994108514471,0.0023373126
0.0029249055229181,0.0025200916
0.0030633581182656997,0.0023889944
0.0031106705605973,0.0024536338
0.0030865668403888,0.0025442585
0.0030864317045224,0.0024839845
0.0030324497261187,0.0024120845
0.0030211342979927,0.002508453
0.0029477843096284,0.0023884224
0.0031590138837205,0.0023170847
0.0031521798666505,0.0024797013
0.0029896337878913,0.002395418
0.00283957717873,0.0023116802
0.0027800844343662,0.0022026615
0.0025041007237662,0.0021140922
0.002023548671001,0.002051586
0.0014183454969135,0.0018555038
0.0011697077312917,0.0015968212
0.0011554237900737,0.0013560432
0.0012079109629793,0.0011873529
0.0011964879956023,0.0011544587
0.0011912594938273,0.001056643
0.0008647164314837,0.00096293935
0.0008646234853218,0.0008461637
0.0007199761322969,0.0007553098
0.0007040421664604,0.0006959884
0.0006249577262851,0.00065658015
0.0006850502958455,0.00057874474
0.0006307432255045,0.0006128694
0.0006026686044162,0.00055648887
0.0006010294130659,0.00051203277
0.0003536503823055,0.00048213155
0.0003556407236547,0.0004154885
0.0003368141768659,0.00036742387
0.0003647081770726,0.00032596913
0.0003720659730858,0.00033547234
0.0003224954220215,0.00033193533
0.0003130086154582,0.0003025204
0.0003216645339272,0.00027858262
0.0003232222659415,0.00027476336
0.0003149875040431,0.00026630965
0.0002381406079015,0.0002674581
0.0002182340359434,0.00025456963
0.0002132840405109,0.00022619158
0.00020916835783530002,0.00020779212
0.00021042402875359997,0.00019121336
0.00019206563717870002,0.00018268083
0.0001592919031249,0.00017486773
0.0001589317104068,0.00015733512
9.720587774869812e-05,0.00014545002
0.00010193867827980001,0.00012304708
0.0001124833889706,0.000113226764
0.0001128309927264,0.00011253655
0.0001105290631264,0.00010263802
0.0001117791613689,9.513163e-05
0.0002381006371246,9.3586365e-05
0.0002112616547567,0.00033115692
0.000202574350943,0.00027105122
0.0002075547048207,0.00024258808
0.0002070133449023,0.00023707391
0.00019462083003290003,0.00021453103
0.00019364466082610004,0.00019652845
0.000185669690298,0.00018444915
0.0001742466843494,0.00018054624
0.0001988220511047,0.00017013343
0.00019894520639380001,0.00020243773
0.0002324159579593,0.00019398797
0.00023447062561359998,0.00024908266
0.00024234027183929997,0.000236588
0.0002458093984692,0.0002452893
0.0002458348674332,0.0002387218
0.0002658913340381,0.00022804139
0.0002658211575792,0.00025682902
0.0002589409391388,0.00025261502
0.0002593139629189,0.00024906365
0.0002596808203035,0.00024041606
0.0002826972182457,0.00023362602
0.0001564681264038,0.00027149727
0.0001558188072406,0.00023028046
0.0001583425675103,0.00019540609
0.0001502539559995,0.00017909845
0.0001768670920478,0.00015735233
0.0001864323196676,0.00018498927
0.000185818516501,0.00018607255
0.0002203695004037,0.0001731148
0.00022462735096009996,0.00022868691
0.0002104502846605,0.00022722608
0.0002191166113215,0.00022690452
0.0001888577071253,0.00023338472
0.0001855075822757,0.00021713514
0.0001822535035674,0.00019766591
0.00018348441036,0.00019654912
0.0001830988929222,0.00019075746
0.000163050397942,0.00017748572
0.0001610639782127,0.00016244051
0.000164885777077,0.00015815356
0.0001657646009535,0.0001622426
0.0001818896866849,0.00015685854
0.0001801064545559,0.00018220405
0.0001796248014456,0.00020232706
0.0001795247709377,0.00018401137
0.0001773203658938,0.00017288937
0.0001792391266811,0.00016962564
0.0001559497135996,0.00016639952
0.0001521589274955,0.00016074555
0.0001528852424246,0.00015664453
0.00011473005904760001,0.00014727186
0.0001102032242001,0.00013029747
0.00011129592185100002,0.000118051285
0.00010477030375299998,0.0001241673
0.00010133650744059999,0.00011254715
0.000101935335781,0.000101595164
9.663334512821456e-05,9.63315e-05
9.2983529787357e-05,9.641567e-05
0.0002373785418859,9.122739e-05
0.0002472524816352,0.00031247237
0.0003479227884529,0.00029734607
0.0003757750000657,0.00051686005
0.00039544417896199995,0.00051927916
0.0003808205827383,0.0005124617
0.0003686917601882,0.00044989833
0.0003765353398616,0.00042648046
0.0003895253057483,0.00040541176
0.00039540318032899995,0.0004097837
0.0003991051672385,0.00040759705
0.000397052984581,0.0004009522
0.0004090359684828,0.00037483167
0.00044689412159449997,0.00038175134
0.00045022600526749995,0.00045193406
0.00047904226915909995,0.0004229548
0.0004882049347749999,0.00044336775
0.0004841967759464,0.00044973864
0.0004893020977366,0.0004319083
0.000500788647504,0.00042272024
0.0005243732654034,0.00042679763
0.000553300129671,0.0004803272
0.00042235772282800003,0.000497395
0.00042899232467569996,0.00048055753
0.0003243971963104,0.00045750168
0.000296991828307,0.0003939901
0.0003081215226018,0.0003564847
0.0003068210350932,0.0003678969
0.0002997848538965,0.00032450876
0.0002956696917537,0.00030273054
0.0002840195678977,0.00028518392
0.0002946017098908,0.00026591544
0.0002889287766829,0.00027941595
0.0002883028117309,0.00026180607
0.0002707445961224,0.00025074946
0.0002321957437359,0.00023789876
0.0002445735930087,0.00021976285
0.0002171689883744,0.00022845011
0.0002664663744262,0.00021416854
0.0002817479068821,0.0002952377
0.0003052883134801,0.0002972921
0.0002941665550291,0.00034013233
0.0002801801142731,0.00031053412
0.0003305893847562,0.00030688243
0.0003394835890818,0.00038789705
0.0003230290357951,0.00039847454
0.000346656365907,0.0003620397
0.000351500854216,0.00038274343
0.0003442121141609,0.0003891608
0.0003443154591676,0.000391229
0.0003430207922121,0.00036708798
0.000340857786639,0.00034751446
0.0003396084235867,0.00032975696
0.0003228770578565,0.0003156928
0.0003247226313223,0.00030563958
0.0003266450231424,0.0002960605
0.000326486803803,0.00029218182
0.0003341494964278,0.00028270978
0.0003188379913574,0.0002888911
0.0003187160825797,0.00028131224
0.0002493376051982,0.0002779278
0.0002393868851357,0.00025403197
0.0002120304865003,0.0002450964
0.0002118640779537,0.00022184434
0.0001981751945361,0.00020451564
0.00011793679431190002,0.00019010514
9.562765712572524e-05,0.00016200777
0.00011899386767120002,0.0001358734
9.51791047129619e-05,0.00015394833
8.288750877200062e-05,0.00012918265
5.8674144090004645e-05,0.000110923036
6.0495502664591784e-05,9.516101e-05
5.681043214012585e-05,8.7021064e-05
5.5930856640669887e-05,7.730678e-05
5.607060018744702e-05,7.0896e-05
5.525169465055834e-05,6.510953e-05
5.339398406553253e-05,6.2792664e-05
5.360451509880328e-05,5.860523e-05
5.3675679857688975e-05,5.9057653e-05
4.835496242243074e-05,5.6986202e-05
4.801328410278187e-05,5.856264e-05
4.6460567882332195e-05,5.4947428e-05
4.594231627027574e-05,5.228707e-05
5.2174147106509664e-05,5.0742554e-05
5.3233904317578974e-05,6.660663e-05
6.207492101423588e-05,6.529512e-05
8.669638815121772e-05,7.941589e-05
9.186405914090309e-05,0.00010909813
0.0001042457738278,0.0001083456
8.115021157759299e-05,0.00012757073
8.194043500053161e-05,0.000108344866
8.349491726124138e-05,9.966142e-05
8.578380283401838e-05,9.710081e-05
9.130527325731766e-05,9.748501e-05
0.0001102054733779,0.00010398465
0.0001110791066393,0.00012808466
0.0001115609516553,0.00012242327
0.00011112346677769999,0.000117293275
0.0001113238022292,0.00011610746
0.0001494553108107,0.00011022849
0.0001504925128863,0.00017414585
0.0001690156550895,0.00016378939
0.0001935008081359,0.00020028192
0.0002014940596279,0.00022599583
0.0002029583093023,0.00022469756
0.00019480539911730002,0.0002139354
0.0001924538181795,0.00021041681
0.0001831000630497,0.0001997425
0.00015892384527,0.00019270637
0.0001543043543483,0.00017855874
0.0001422630364372,0.00016810157
0.0001421519429824,0.00015709744
0.0001425486873034,0.00014832214
0.0001428751663101,0.00014174676
0.0001420117102821,0.00013876129
0.0001354468919455,0.0001356551
0.0001477944646567,0.0001312344
0.00014633289579,0.00015970519
0.0001483192049863,0.00015187109
0.0001992877369652,0.00014882653
0.0002022086472896,0.00020619573
0.00019675438726710003,0.00020172351
0.00020788885282870003,0.00021920571
0.00022365267767189998,0.000228775
0.00020873631744689999,0.00026131747
0.00021700222600989997,0.00026091366
0.000245482530201,0.0002524624
0.0003226921766622,0.00027962425
0.0003226911328207,0.0003321318
0.0003518465928051,0.00032013626
0.0003532250579577,0.00033564368
0.0003602399448066,0.00033928364
0.0003622608651836,0.00033861393
0.0003635894161497,0.00034203692
0.0003991071894768001,0.0003394278
0.00039971878682220003,0.00036949082
0.0004132687723734,0.00036782594
0.00041204714066990007,0.00037340767
0.0003912699108824,0.0003722104
0.0003911704867274999,0.00037447546
0.0004004475277897,0.0003643048
0.0003479732776633,0.00036452597
0.0003461185378086,0.00034587723
0.0003217928402152,0.00033386395
0.0003227871250391,0.00031985706
0.0002989302772656,0.00031362395
0.0002904479286406,0.00030223437
0.0002740203521691,0.00028720754
0.0002452803173655,0.00027122398
0.000164911658869,0.00025543655
0.0001662857699118,0.00022482422
0.0001403159434267,0.00020109347
0.000150254866223,0.00018092144
0.0001498970799492,0.00017342216
0.0001476411401436,0.00016619671
0.000152605508932,0.00015359382
0.00012096218668820001,0.00015266672
0.0001186949149189,0.00014248188
0.000112554701745,0.00013426776
0.0001164240705051,0.00013196404
0.000105702484078,0.00012873292
0.00010915987906180001,0.00011987448
9.917105472013698e-05,0.00011557682
9.917304462579684e-05,0.000109953995
0.00010353672074009999,0.00010604943
9.449613288357172e-05,0.00010617367
9.829278902035033e-05,0.00010245236
8.582164899047248e-05,0.00011265566
8.744911785617315e-05,0.00010374588
8.993261072990978e-05,9.972037e-05
0.00011775074744870001,9.7486285e-05
0.0001174749489594,0.00012478165
0.0001417642544488,0.00011936646
0.0001438601535947,0.00014893156
0.0001557338346475,0.00014740146
0.0001488769955484,0.00016138327
0.0001496123641259,0.00015910061
0.0001437449100195,0.00015877932
0.0001572284297814,0.00015237127
0.0001567522050669,0.00016303104
0.0001606106741615,0.00016233431
0.0001564355237008,0.00016845175
0.0001571323870176,0.00016267845
0.0001539124852585,0.0001595758
0.0001518266930799,0.00015733326
0.0001517966416735,0.00015320948
0.0001463653784205,0.00015092855
0.0001486621694212,0.00014623864
0.0001445823307357,0.00014894495
0.0001443228183694,0.00015341777
0.0001413982295768,0.000147304
0.0001389047753264,0.00014095307
0.0001130881347486,0.00013545818
0.0001130509266152,0.00012846201
8.873582646118381e-05,0.0001196657
8.76293388408763e-05,0.00010965712
6.528991982201453e-05,0.000103502294
6.926308157111731e-05,9.1993905e-05
7.374409433875539e-05,8.7365326e-05
7.357179956268173e-05,8.4969586e-05
5.711707169905873e-05,7.98383e-05
5.654371829021024e-05,7.465648e-05
4.352157544408894e-05,6.831394e-05
4.393558405087299e-05,6.358627e-05
4.744704757249148e-05,5.9449983e-05
4.721468381710515e-05,6.0341783e-05
4.75946727223675e-05,5.7339003e-05
4.7815677488333394e-05,5.5607878e-05
5.056763931097104e-05,5.364795e-05
4.616391509315215e-05,5.5610337e-05
3.329386186451875e-05,5.405218e-05
3.682758619083981e-05,5.0969666e-05
3.748774966199964e-05,5.159887e-05
3.748836999602785e-05,5.068096e-05
3.466704350159962e-05,4.8935017e-05
3.470751833473267e-05,4.7595157e-05
3.7214642225300236e-05,4.586137e-05
3.696016607180523e-05,4.7733418e-05
4.101882182379034e-05,4.9802857e-05
4.14185967340193e-05,5.3108666e-05
3.729522039925994e-05,5.4686505e-05
3.756208197406246e-05,5.3052398e-05
3.89730794800855e-05,5.1514824e-05
3.8804958312277274e-05,5.2480707e-05
4.581912482849391e-05,4.951964e-05
4.538456442014574e-05,5.5027875e-05
4.102018998418878e-05,5.2804156e-05
4.329838234016525e-05,5.0198523e-05
4.26071506165674e-05,5.1168958e-05
4.343512523953967e-05,4.8962615e-05
4.0477000115865676e-05,4.869766e-05
4.175053746126849e-05,4.6783396e-05
4.3089706787678074e-05,4.655868e-05
3.947989979434492e-05,4.6929083e-05
4.043483554091233e-05,4.4678443e-05
4.0648686709086596e-05,4.4875695e-05
4.0739576901471944e-05,4.4190878e-05
4.0955558861470166e-05,4.3819353e-05
3.712121650700306e-05,4.2745876e-05
3.747098776906854e-05,4.145549e-05
3.728036560885882e-05,4.279814e-05
3.321637627702162e-05,4.428675e-05
3.63387055992419e-05,4.2828702e-05
4.371997235383441e-05,4.3149434e-05
4.040408810125163e-05,4.4959415e-05
4.027307379414169e-05,4.3914893e-05
3.4654887188334974e-05,4.3189786e-05
3.800866258176192e-05,4.3417138e-05
4.205275262506053e-05,4.331461e-05
4.026486040278994e-05,4.38685e-05
4.021862992671622e-05,4.363262e-05
3.928962645780041e-05,4.3007716e-05
3.9375719415239066e-05,4.2604937e-05
3.8102033825321994e-05,4.1824518e-05
3.778189627199788e-05,4.1256586e-05
3.8960979308621446e-05,4.12327e-05
4.095835019987757e-05,4.158197e-05
4.086297143596616e-05,4.3375123e-05
4.1144548175211994e-05,4.2882406e-05
4.2927984582211724e-05,4.3189593e-05
4.290475825930598e-05,4.3030974e-05
4.570330261040533e-05,4.2617972e-05
6.18332547314996e-05,4.64205e-05
6.094960482086823e-05,6.2711646e-05
6.076426892214251e-05,6.0463684e-05
5.6468580299225206e-05,5.9792303e-05
5.6290232055281015e-05,5.8375565e-05
5.8978067968424424e-05,5.6203822e-05
9.110277422288912e-05,5.8784964e-05
8.760241785779319e-05,9.506367e-05
8.366010195948042e-05,9.15515e-05
8.70989591728348e-05,9.021892e-05
0.0001025024963277,8.7310385e-05
0.0001149175404776,0.0001127061
0.0001184576032377,0.00011458281
0.0001240644330172,0.00011372998
0.0001232617721456,0.00011493737
0.0001230830720919,0.000117468786
0.00011953176321340001,0.00012056858
0.0001236271324889,0.000118401775
0.0001403066362707,0.00011647668
0.0001406853305012,0.00012364754
0.0001459318266828,0.00012412539
0.0001406418017497,0.00012641707
0.0001196428450841,0.00012551762
0.0001208265231946,0.000118924254
0.00012053282111829999,0.00011373198
0.00012100605759109999,0.00011346755
0.00012119400493380001,0.000110309906
0.0001185872242886,0.000107027234
8.757176790280877e-05,0.00010357907
8.761551828643911e-05,9.476483e-05
8.750752624379229e-05,8.658087e-05
8.359720742816683e-05,8.120729e-05
6.969155680753212e-05,7.568363e-05
5.9646156097719655e-05,7.000196e-05
5.668816433807481e-05,6.472258e-05
5.251670638069449e-05,5.9300815e-05
5.79076483437254e-05,5.516712e-05
7.216375385149603e-05,5.487675e-05
7.216054800942414e-05,6.270734e-05
6.969429298784801e-05,6.1201965e-05
5.292082672277058e-05,6.0860595e-05
5.123807434931356e-05,5.729269e-05
4.639670393866715e-05,5.431167e-05
4.685005588133372e-05,5.147842e-05
4.6753096985589445e-05,5.008818e-05
5.473209524986076e-05,4.8347483e-05
5.3246345956994434e-05,5.2888518e-05
4.902333714162774e-05,5.3253974e-05
7.174956981806795e-05,5.109921e-05
9.128296577679252e-05,6.7126246e-05
0.000101487882256,7.782566e-05
0.0001133522294808,9.556995e-05
0.00011548422063879999,0.0001140399
0.0001283450791299,0.000112140435
0.0001308188300448,0.0001336477
0.00016880317218,0.00013117715
0.0001688931650471,0.00015627434
0.0001770422139401,0.00015615993
0.0001767265397618,0.00017518646
0.0001726199586369,0.00017302128
0.000177239505056,0.0001857028
0.0001995774359424,0.0001897757
0.0002285449865843,0.00019748449
0.0002280804162736,0.00024229125
0.00023145475175849998,0.00023631194
0.0002551799651807,0.00024202286
0.0002628344122233,0.00024848746
0.0002566183107958,0.0002472651
0.0002645111991661,0.00024230321
0.0002656181615768,0.00024371754
0.0002427250388842,0.00024354957
0.0002237822090531,0.00023364305
0.0002126643012325,0.00022279467
0.00020466939378860002,0.00021352664
0.0002119106124194,0.00020158502
0.0002451967366432,0.00020398849
0.0002412263034016,0.00024735113
0.0002043214886851,0.0002370726
0.00020415954564229996,0.0002308486
0.0002054546399676,0.00021423142
0.0002011925348015,0.00020534772
0.0002170832393396,0.00019471943
0.0002155601419952,0.00022139668
0.000215302114381,0.00021182235
0.0001887997397824,0.00023884606
0.00019365927822949998,0.0002310026
0.0002166548676074,0.00023071036
0.00019424827545010004,0.00026838953
0.0002029065058727,0.00024114858
0.0002028788639002,0.00026854622
0.0001934584584943,0.0002444985
0.0002569415258353,0.00023965213
0.0003187132925124,0.00025684107
0.0003226439604244,0.0002904826
0.0003261852690017,0.00028942205
0.00038521811834170004,0.0002898508
0.0003903997291041,0.00039435268
0.0003452821329339,0.00038688892
0.0003555441211165,0.00037682423
0.0003746780936161,0.00036398135
0.0003938994089545,0.00036365064
0.00041469251606460005,0.0003885572
0.0004151553703638,0.00043319576
0.0004213135970019,0.00041539496
0.00041831585088149997,0.00041468072
0.0004271469745171,0.00040121458
0.00042706649533729997,0.00043446448
0.00042407369123930003,0.00043100066
0.0004220888916754,0.00042266102
0.00047563455417120004,0.0004442409
0.0004694908668685,0.00046305737
0.00046701591794139996,0.00045079686
0.0004783997749668,0.00043615844
0.0004276481499075,0.00044532714
0.0003722905484419,0.0004287262
0.0003726404141591,0.00041094483
0.0004143678350992,0.00039618896
0.0003513884427925,0.0004464351
0.00040312936490280004,0.00041420173
0.0004049113903978,0.00042095716
0.00040750461562909994,0.00041480854
0.0003922387668583,0.00042584792
0.0004284558933183,0.00042989408
0.000460051111655,0.00043553757
0.0004649846494431,0.00045607006
0.00045329787560549996,0.00044898817
0.0004533901490735,0.0004444804
0.00043488676573720004,0.00043354643
0.0004428609335372999,0.00042397357
0.00045701183722580003,0.00042437328
0.0004332546597303,0.00042369927
0.0003828538493509,0.00040700418
0.0003806756269972,0.00038576403
0.0003886835248024,0.0003699319
0.00039149132880050006,0.00036211722
0.0003775827912791,0.00036327416
0.0003832962832163,0.0003471596
0.00040843821358280005,0.0003440307
0.00039110136301119997,0.00036376197
0.00039125906218519994,0.0003772396
0.0003367021989669,0.00036419008
0.0003625541378881,0.0003537084
0.0003511790193386,0.00036829943
0.0003549744434985,0.0003526879
0.0003262250630183,0.00034461316
0.0002630479185488,0.00035230583
0.0002765541941882,0.00031749517
0.0002635232256773,0.00030189296
0.000277908391576,0.00029398824
0.0002870566954152,0.00030169607
0.0002877452229774,0.00032644725
0.0003230530965916,0.00031009672
0.0003232702558493,0.00038087426
0.00038573989481619994,0.00035982236
0.0004431085141343,0.00038384073
0.0004597463696383,0.0005003771
0.0004467605488981,0.0004894003
0.0005114840698128,0.00046882546
0.0005890382455133,0.00049589947
0.0005601975932145,0.00064397714
0.0005787433032509,0.0006342016
0.0005973194303202,0.0007061848
0.0006095014597405,0.0006757206
0.000582108813283,0.00070713146
0.0006596426188632,0.000670687
0.0006494180654349,0.0006780805
0.0006641685278145,0.00067202986
0.0007558797326837,0.00066440593
0.0007364530699794,0.0007836553
0.0007287900127816,0.00075770763
0.0007373843168504,0.00073659385
0.000726409208728,0.00071927026
0.0007334886919741,0.0007276427
0.0007231226917411,0.0007092317
0.0007730835246622,0.0006980215
0.0007035212142262,0.0007058109
0.0006397924440426,0.00067937473
0.0006496205886365,0.0006439258
0.0006763792946609,0.00062956626
0.0006141116026349,0.00064212695
0.0005283405154689,0.00060812745
0.0005295377848106,0.0005602259
0.0005165168232417,0.000526066
0.0005513619151448,0.0005275856
0.0006172591389106,0.0005576914
0.0006169039218796,0.0006335818
0.0005726165701978,0.00061391736
0.000632746696507,0.00059778366
0.0006043397207166,0.0006532973
0.0005434880026276,0.0006301843
0.0005428590582544,0.0006052057
0.0005524963763295,0.00057887175
0.0005819020653208,0.0005610645
0.0005732607256937,0.00056533073
0.0005957542942718,0.000557856
0.0005552764891372,0.00058500486
0.0005076728385074,0.0005653062
0.0005132356181048,0.000546871
0.0005286845714638,0.00052195945
0.0004982644185533,0.00051187846
0.0004935189542668,0.00048899074
0.0004914972268646,0.00047602685
0.000503900259767,0.0004551282
0.0005033816049201,0.0004656728
0.00046760487348120007,0.00045884505
0.0004146278225281,0.00043738334
0.0003355966560593,0.0004066091
0.0003402712384928,0.00037375992
0.0003420304055783,0.00034876878
0.0002856813539456,0.00034825664
0.0002758835467561,0.00032241992
0.0002650780889578,0.00029994003
0.0002684029098531,0.00028988766
0.0002785108923631,0.0002759947
0.0002981224415005,0.00027896825
0.0002964056347782,0.0003013351
0.0002628461744649,0.00029744275
0.0002633553327783,0.00028894978
0.0002628334273658,0.00027674725
0.0002768946005495,0.00026777748
0.0002596811318037,0.0002759215
0.0002625064809894,0.00026657418
0.00024093851739900003,0.0002629967
0.0002503645512545,0.00025140506
0.0002571717936466,0.00024978822
0.0002618927623063,0.00025669954
0.0002705053989012,0.0002550565
0.0002699212440929,0.000258833
0.0002621974812415,0.0002562555
0.0002710639026985,0.0002512173
0.0002347297529189,0.00025456244
0.0002529079183223,0.00024190384
0.0002845394799592,0.0002496517
0.0002646619685912,0.00027344268
0.0002613536696154,0.00026675008
0.0002490857239505,0.00026018263
0.0002564108408529,0.00025521097
0.0002579528131774,0.0002887099
0.0002540486990701,0.00028520235
0.0002532762464404,0.00028213146
0.0002504649639277,0.00027640825
0.0002356731602787,0.0002684233
0.00023590456471140003,0.00026517644
0.0002543682950694,0.00025856643
0.0002547607968663,0.0002598858
0.0002688091287402,0.0002566046
0.0002547678502592,0.00026152548
0.0003733964932267,0.0002582365
0.0003729372404128,0.00033147624
0.0003784284257871,0.00034614513
0.0003753914572924,0.00036381593
0.000368771155658,0.0003698758
0.0003689271946375,0.0003704637
0.0003527908686071,0.00037235423
0.0003192931059113,0.00037267484
0.0003243117008966,0.00036127193
0.0003243569502258,0.00035595184
0.0003193794221665,0.00034616014
0.0002653528612122,0.00033550212
0.0002879530962901,0.00032011335
0.0002907717018501,0.00032317653
0.0003242032439649,0.0003209749
0.0003751555644475,0.00032494208
0.0003703865741286,0.00034516735
0.0003714996124944,0.00035071306
0.00040087366146560006,0.00035648595
0.000398991137835,0.00038729853
0.0003764445118404,0.00039406505
0.0003695549665664,0.00039408982
0.0002766125438722,0.00038695542
0.0002984389402183,0.00036131576
0.0003567957571482,0.00035873882
0.0003617735485169,0.00036582715
0.0003539316940144,0.00036532298
0.0003537903203393,0.00036308035
0.000375022495477,0.00036117923
0.0003783835003898,0.00036645323
0.0003900942223613,0.00036852958
0.0004151280704463,0.00037407991
0.0004275993170211,0.0003887588
0.0004456926972383,0.00040148039
0.0004275299684232,0.00041443328
0.00042692698330729995,0.0004178361
0.0004429480655692,0.00041897877
0.00040384868973959996,0.00043317353
0.0004190902594329,0.00042903106
0.0004254181931118,0.00042483083
0.0003727241907145,0.0004219758
0.0003966343783065,0.00040609945
0.0006109949539376,0.00040610824
0.0006174882061368,0.00046223073
0.0005922969887949,0.0004952492
0.0005665634001019,0.0005150768
0.0005160551381572,0.00052140176
0.0005117807537452,0.0005156418
0.000511997902898,0.0005063025
0.0005191355960821,0.0004983452
0.0004987839694769,0.0004954065
0.0004964120321302,0.00048626264
0.00048186646711420003,0.00047796383
0.000467181413249,0.0004686212
0.000454711011521,0.0004605186
0.0004947108569383,0.00045001184
0.0004868606748187,0.00045455925
0.0004828218861402,0.00045284512
0.0004528664280658,0.0004505725
0.0004665578580596,0.00044580604
0.000453569310169,0.0004466152
0.00044989593689060005,0.000441106
0.0004506249188508,0.00043521408
0.0004290568563961,0.00043189336
0.00021784552210780004,0.00042322552
0.0002117407990506,0.00037047037
0.0002537345165784,0.0003309325
0.0002514006357026,0.00031887408
0.0002443727850136,0.00030443232
0.0002437208448507,0.00029369193
0.0002557188588113,0.00028310262
0.0002720411599952,0.00027879447
0.0002656952079393,0.00028784087
0.0002680999373021,0.000286767
0.0002692908406283,0.0002906882
0.0002937356107963,0.00029399287
0.0002904835538178,0.00030125867
0.000207115272035,0.00030391265
0.00021091030728270002,0.00028619287
0.0002143744898741,0.00027237777
0.00023649625366740004,0.00026683282
0.0002135242941649,0.00026785306
0.0002156520645177,0.0002600596
0.0002268624604307,0.0002546952
0.0002249682238497,0.0002539932
0.0002243254874667,0.00025170718
0.0002200770995264,0.00024920315
0.00022344220081150002,0.00024529308
0.0001787529032698,0.00024598642
0.000209304095134,0.00023468456
0.0002184672149075,0.00023658834
0.0002196440352286,0.00023876328
0.00020853959889429997,0.00023918695
0.00019585013622820002,0.00023439409
0.0001954839698004,0.00023159836
0.0002196223012228,0.00021907965
0.00022061875516960004,0.00022652873
0.0001971620055982,0.00023043266
0.000232282600584,0.00023370696
0.0002598747967372,0.0002451085
0.0002658415378534,0.00025958542
0.0002682757429014,0.00026986143
0.0002525397931405,0.0002767034
0.0002587417551965,0.00028136242
0.0002592399853181,0.0002753511
0.0002502176411784,0.0002821927
0.0002492417882638,0.0002790352
0.0002470180643721,0.00027523394
0.0002705568722876,0.00026981352
0.0002694926255704,0.00027873495
0.0002991068284786,0.00027407808
0.0002666920917532,0.00029663643
0.0002542772649617,0.00028543774
0.0002675889304927,0.00027704556
0.000268328034681,0.0002809786
0.0002574626325478,0.00028362847
0.0002591353491279,0.00027695252
0.000232810313987,0.0002707434
0.0002454721028024,0.00026006362
0.0002341319219504,0.00025589438
0.00020341411882100004,0.00024814034
0.000177471249792,0.00023717943
0.0001798146656023,0.00022436693
0.0001769484039872,0.0002154383
0.0001550631581948,0.00021207327
0.0001713392853505,0.000197393
0.0001672791704792,0.00019368004
0.0001924629321599,0.0001884217
0.0001930916939937,0.00019783694
0.00019325213090100004,0.00020128218
0.0001771909280182,0.00020083725
0.0001818541011453,0.00019821536
0.0001526669567513,0.00019889422
0.0001526063855547,0.00018974314
0.0001533678153124,0.00017997265
0.0001412325884771,0.00017516605
0.000150456214334,0.00016937483
0.0001518733476772,0.00016661675
0.0001558810291309,0.0001637376
0.0001546180711414,0.00016276666
0.0001392842683815,0.00016069987
0.0001464225779374,0.00015339296
0.000142692675601,0.00015272519
0.0001414580484569,0.00014978841
0.0001340023240703,0.00014684735
0.0001362798090357,0.00014258102
0.0001431284250462,0.0001404184
0.00011914737078469998,0.0001411188
0.0001185185846213,0.00013348773
8.718355512269574e-05,0.00012759239
8.643442537861183e-05,0.00011500259
8.976248150419697e-05,0.00010475028
8.201718925173195e-05,9.898502e-05
7.307719677928103e-05,9.183722e-05
8.465617757997546e-05,8.489199e-05
8.641532519435989e-05,8.5124426e-05
0.00011217602556109998,8.321723e-05
0.00011057502220450002,9.209535e-05
9.975399790607615e-05,9.517284e-05
0.0001023391403166,9.5438845e-05
9.714362662673909e-05,9.816569e-05
9.566318298999415e-05,9.6947246e-05
0.00011286822505040002,9.482768e-05
0.0001057473053969,9.979261e-05
0.0001074345660023,0.000102015714
0.00011132457875460001,0.000102683356
0.00010670160232069998,0.00010551704
0.00010067525750969999,0.00010406568
9.022063612831112e-05,0.00010265037
8.887547137800865e-05,9.6843076e-05
9.351310020480444e-05,9.322597e-05
0.00010417150156669999,9.093382e-05
0.00010493150839380002,9.30078e-05
0.00010093476442319998,9.212177e-05
0.0001113888621185,9.59217e-05
0.0001130566500529,9.9411685e-05
0.0001149948170225,0.00010150031
0.0001322979305375,0.000104934465
0.0001026969299765,0.00011281695
0.00010677059521829999,0.00010884148
0.0001102516681861,0.000108667715
0.00010646977048480001,0.00010701636
0.00010577202045300001,0.00010404398
0.0001065183376046,0.000102235965
0.0001075893135406,0.00010100998
0.00011093853624260001,0.00010300752
0.0001085879784036,0.00010261809
0.00011148117007989999,0.00010076474
0.0001117614194504,0.0001022144
0.00011055255523570001,0.00010329606
0.0001114438700532,0.00010320421
0.0001179895417876,0.000102532395
0.00011452841720259998,0.00010455726
0.0001166194571919,0.00010557607
0.0001183843300567,0.00010874492
0.0001265075582197,0.00010956998
0.000129108174284,0.00011325614
0.0001345329549998,0.00011858585
0.00011631465891210001,0.00012375148
9.784788496883769e-05,0.000118934964
0.0001059491607661,0.00011365484
0.00010109036885889999,0.000109439075
9.766040149692686e-05,0.000104107974
0.0001012258627226,9.852725e-05
0.000101484600367,9.764669e-05
0.0001003414096025,9.564467e-05
8.034940807169598e-05,9.338748e-05
8.13375931704288e-05,8.58388e-05
9.01590294908426e-05,8.209545e-05
8.30356192175395e-05,8.192338e-05
8.487492564452177e-05,7.853943e-05
8.620222933445544e-05,7.649825e-05
8.477815187668281e-05,7.539943e-05
0.0001047696502979,7.43537e-05
0.00010395104779260002,8.548626e-05
9.110380728019432e-05,8.8372464e-05
8.986205486252464e-05,8.633066e-05
8.32709733723032e-05,8.489682e-05
7.115799604290149e-05,8.213292e-05
7.495074746097066e-05,7.75733e-05
7.494703580570789e-05,7.648513e-05
7.538506640885703e-05,7.320326e-05
9.114443040295565e-05,7.154532e-05
9.120768071931664e-05,7.9856705e-05
9.218490375554835e-05,8.0151716e-05
9.103231791235336e-05,8.2780265e-05
9.400917689047833e-05,8.2337414e-05
9.993146862183542e-05,8.451822e-05
9.982281975773226e-05,8.805289e-05
9.695922170198746e-05,8.895298e-05
9.553401423631116e-05,9.02353e-05
9.932492527055162e-05,8.941517e-05
0.00010020155761029999,9.166335e-05
0.00010131094048980002,9.3143935e-05
0.0001011199547137,9.519537e-05
8.915581942192705e-05,9.45542e-05
8.854569979948133e-05,9.0689115e-05
0.0001013729953351,8.785691e-05
0.0001178686319787,9.018005e-05
0.0001209581866788,9.849456e-05
0.0001233803712429,0.00010209509
0.0001346296329198,0.00010581754
0.0001363327778647,0.000114617054
0.0001357365886311,0.00011828615
0.0001119225670949,0.00012046039
0.0001118334303153,0.000115044815
0.0001143370736401,0.00011056418
0.00011381434905120002,0.000109059656
0.0001098049043768,0.00010744604
0.000109093502654,0.00010441144
0.0001151484356328,0.000102092694
0.0001139714029351,0.00010327114
0.0001089427482394,0.00010241714
0.0001198577872534,0.000101952355
0.0001167443486458,0.00010582915
0.0001148008201605,0.000105717045
0.0001255751959386,0.00010462344
0.0001254713070874,0.0001091049
0.0001255224448123,0.0001140194
0.00011419591759669998,0.0001146432
0.00010558714934350001,0.00011147994
0.0001015051756388,0.00010960623
0.00010219189343999999,0.00010381621
7.976166962008488e-05,9.966401e-05
8.257025056266817e-05,9.117816e-05
9.328579716811896e-05,8.574921e-05
0.00010562014652400001,8.693903e-05
0.00010566924152840002,8.994655e-05
0.00011664587627679999,9.229822e-05
0.00011586678213120001,9.671531e-05
0.00011743365039790002,9.924685e-05
0.0001150006809857,0.00010192022
0.000109339794399,0.00010270313
0.0001149381314895,0.00010177658
0.00011978449411140002,0.00010341006
0.0001051735631737,0.000105566716
0.0001131022843669,0.000102508486
0.0001148778388797,0.00010476027
0.0001126996127003,0.00010529724
9.872023031238576e-05,0.000106051746
0.0001027410284156,0.0001007833
0.0001269868904708,9.88305e-05
0.0001318503121316,0.000107441134
0.0001330910018391,0.00011528783
0.0001356134558306,0.0001184262
0.0001369482968373,0.00012141751
0.0001471244539278,0.00012439024
0.0001477810843672,0.00012922013
0.0001409050251624,0.00013278858
0.0001410870886204,0.00013303294
0.0001294370760899,0.00013246594
0.0001280377931737,0.00012922376
0.0001295797447454,0.00012599434
0.0001475161657272,0.00012446565
0.0001476623894171,0.00012826217
0.0001575099401435,0.00013161625
0.0001503304675183,0.00013663444
0.0001499444200035,0.00013757864
0.0001422773941346,0.00013782174
0.0001429353092807,0.00013586043
0.0001386602427226,0.00013430949
0.0001381678721069,0.00013215322
0.000135170091491,0.0001299543
0.0001110521163185,0.00012748173
9.712241475395629e-05,0.00011904859
9.74851811826428e-05,0.000109038345
9.335402468395737e-05,0.00010181298
9.17731600589024e-05,9.5549505e-05
8.510005158096019e-05,8.9828216e-05
7.32916773560885e-05,8.5446394e-05
7.047466114254664e-05,7.90554e-05
7.699957653999871e-05,7.412492e-05
7.398504944310787e-05,7.224933e-05
7.55432195556078e-05,6.9897644e-05
7.338076692944112e-05,6.8699e-05
5.692075093445446e-05,6.75847e-05
5.715076698732776e-05,6.4047395e-05
4.170798206159685e-05,6.13656e-05
4.225852048109984e-05,5.7409048e-05
4.2418945310032725e-05,5.3997603e-05
5.5999664036604813e-05,5.2033483e-05
5.765556703356902e-05,5.3596537e-05
5.322284891013236e-05,5.4219094e-05
5.38049959995967e-05,5.380523e-05
5.276162596648133e-05,5.329644e-05
5.156147537817117e-05,5.3247462e-05
5.318279893815545e-05,5.281899e-05
6.651477742857503e-05,5.2203526e-05
7.044808981337493e-05,5.7422305e-05
7.201642590367097e-05,6.0121394e-05
6.382806506868626e-05,6.132369e-05
7.973607863544086e-05,6.101055e-05
7.707475180632378e-05,6.520869e-05
7.130133802676313e-05,6.787616e-05
7.11929954246328e-05,6.6777015e-05
6.967241017763465e-05,6.634854e-05
6.873071099457746e-05,6.564753e-05
6.613051542036751e-05,6.47858e-05
7.336422240981323e-05,6.3970605e-05
8.689591510901064e-05,6.552015e-05
8.624968968255231e-05,6.981124e-05
8.636216042780388e-05,7.229502e-05
7.28991724893247e-05,7.366641e-05
6.823673245358508e-05,7.1429626e-05
7.053618230245974e-05,6.904803e-05
7.294835260678158e-05,6.8022135e-05
7.606329721254779e-05,6.733177e-05
9.427565807199922e-05,6.814283e-05
9.747835073975552e-05,7.452706e-05
9.104916798627206e-05,7.9064695e-05
8.58149704598089e-05,8.0895275e-05
8.563198587440226e-05,8.0315775e-05
8.752364206026224e-05,7.964482e-05
7.169779570385392e-05,7.957815e-05
7.368608213845524e-05,7.478969e-05
7.511001802447895e-05,7.157011e-05
8.977831123288582e-05,7.046965e-05
9.353772725327518e-05,7.6086864e-05
9.345644417347458e-05,7.833015e-05
9.77760647873045e-05,7.989673e-05
9.366824177149566e-05,8.402372e-05
8.058462390116214e-05,8.50505e-05
0.0001159541974404,8.2228704e-05
0.0001168131951146,9.0410154e-05
0.0001165074351004,9.624694e-05
0.0001165015429969,9.969194e-05
0.00011609479037339999,0.00010097362
0.0001162224422559,0.0001037316
0.00011978862346559999,0.00010441284
0.0001033619415135,0.00010593623
0.00011570194394600001,0.00010339142
0.0001081300636948,0.0001082283
0.00011553015989569999,0.00010503669
0.00012644801785,0.00010488923
0.0001253619326451,0.0001114198
0.0001337858512178,0.00011302728
0.0001351100167598,0.00011514657
0.0001331809555656,0.00011957934
0.000125123800702,0.00012076725
0.0001253607443777,0.000121968544
0.0001255580196288,0.000119138895
0.0001241475575436,0.00011691562
0.0001203777273011,0.000114491566
0.00011960945470760001,0.000112507776
8.49804696130691e-05,0.00011042889
8.464894535128363e-05,0.000100883946
8.496963727049638e-05,9.3657785e-05
8.51384571188938e-05,8.732813e-05
8.32358811818484e-05,8.346259e-05
8.431201056223117e-05,7.959637e-05
7.787376160402116e-05,7.9710946e-05
8.553388251510374e-05,7.587944e-05
7.483711877227122e-05,7.913442e-05
7.337516737632814e-05,7.520254e-05
6.5619620858119e-05,7.25026e-05
5.665885721451932e-05,6.857759e-05
6.66671934306707e-05,6.659802e-05
7.012632197527533e-05,6.4736436e-05
7.79859548120697e-05,6.870171e-05
7.754859687616915e-05,7.3644056e-05
7.71422018909165e-05,7.2315685e-05
7.389570471396963e-05,7.501948e-05
8.864104487635146e-05,7.4180665e-05
9.143690597079412e-05,8.306744e-05
0.0001045904125934,8.137462e-05
0.0001057703683389,8.552686e-05
0.00010552142958560001,8.8490306e-05
0.0001187834589607,9.1829774e-05
0.000119464310875,9.7133445e-05
0.0001329348140435,0.00010154605
0.0001338207541031,0.000112739704
0.0001388819555977,0.00011808265
0.0001575094724849,0.00012161386
0.0001528618287897,0.00012924767
0.0001460599854965,0.00013326295
0.0001460444927893,0.00013431296
0.0001453900709219,0.00013460794
0.0001421566775601,0.00013390611
0.0001315887440245,0.00013232752
0.0001212516239878,0.00012800595
0.00011727876264230002,0.00012181683
0.0001180199355681,0.00011578788
0.0001123001888707,0.000112140246
0.00011211293929499999,0.00010760007
9.736720151555745e-05,0.00010365921
9.078893900617196e-05,9.738283e-05
7.978005546161796e-05,9.098656e-05
8.056572848876895e-05,8.4950596e-05
8.006040809903468e-05,7.980201e-05
7.013182947138524e-05,7.591668e-05
7.61731811417853e-05,7.258584e-05
6.287052511987751e-05,7.246182e-05
6.193613870614572e-05,6.802133e-05
5.267685268801317e-05,6.444632e-05
4.7467433023220855e-05,5.9767095e-05
4.264622006639423e-05,5.727605e-05
4.31392196864628e-05,5.440392e-05
4.323027056701093e-05,5.272066e-05
4.397965442942118e-05,5.1084127e-05
4.832581711242961e-05,4.995845e-05
4.834183847178424e-05,4.9906826e-05
4.675290452074879e-05,4.969415e-05
4.3371610393984064e-05,4.9318052e-05
4.294896605089285e-05,4.8888487e-05
4.77188570578486e-05,4.8412963e-05
4.827811451444373e-05,4.9785198e-05
5.6157337121180775e-05,5.0327402e-05
5.919084630367123e-05,5.3510248e-05
5.677911576313122e-05,5.4438024e-05
5.4760815770966956e-05,5.4687254e-05
5.71754073172627e-05,5.4444055e-05
5.372083220953755e-05,5.5562024e-05
4.8546028993190504e-05,5.480843e-05
4.922450444360469e-05,5.3539887e-05
5.08273402211253e-05,5.2633437e-05
5.097797776904009e-05,5.215687e-05
3.759068638211833e-05,5.1680174e-05
3.9423015075913417e-05,4.8870326e-05
6.850021806781707e-05,4.734405e-05
6.882069129664557e-05,5.4588356e-05
6.793789519531724e-05,5.6537032e-05
6.347016314598611e-05,5.814756e-05
0.0001050550572887,5.7895893e-05
0.00010608379226929999,7.429706e-05
0.00010546694100299999,8.186437e-05
0.000115951248645,8.9290974e-05
0.0001112365129684,9.549621e-05
0.0001678830127436,9.8279634e-05
0.000163584565404,0.00013549342
0.000166052681543,0.0001462498
0.000166609143384,0.00014983818
0.0001726840606269,0.00015167672
0.0002123322481626,0.00016042376
0.0002346433249333,0.00017985688
0.0002515505268831,0.00020936498
0.0002779171580758,0.00024069576
0.0002874259315274,0.00028327506
0.0002887012278246,0.00027860416
0.0003437545101399,0.00028368726
0.0003464275380181,0.0003050382
0.0003182220300554,0.00030685382
0.0003529366209272,0.00029978366
0.0003536648869074,0.00031115752
0.0003851108331063999,0.00031012628
0.0003433813327303,0.00032455835
0.000349981360852,0.00031590863
0.0003471153685072,0.00031225238
0.0003375323898104,0.00030701724
0.0003491096386878,0.00029921
0.0002959047214495,0.00030543358
0.0002987107261505,0.000289014
0.0002925749420554,0.00028137112
0.0002991687574582,0.00026891907
0.0002933874981075,0.000267259
0.000258213442601,0.00025962014
0.0002821077550241,0.0002463253
0.0002636975852006,0.00026585074
0.00023647329917250002,0.00025416867
0.0002612830146044,0.0002378831
0.0002652977760793,0.0002531146
0.00021282142418239998,0.00024730447
0.0002255493611124,0.00022930454
0.00022674148113590003,0.00022299428
0.00019216792387320003,0.00021504535
0.0001928894505553,0.00019964568
0.0001613511144857,0.00019021213
0.0001620156443385,0.00017372197
0.0001830116510147,0.0001633537
0.0001829583103983,0.00016585847
0.0001820872546411,0.00016359692
0.0001705561911968,0.00016070974
0.0001659804301735,0.00015572477
0.0001608904693673,0.00015069063
0.0001625158160215,0.00014606187
0.0001554066322691,0.00014499106
0.000165985662211,0.00014038061
0.0001591322768482,0.00014720185
0.00011246206191350001,0.00014367116
0.000116147900228,0.0001291988
0.0001246140574488,0.0001198274
9.460381596174534e-05,0.00012001944
8.99727833876898e-05,0.00010905943
8.805983476055062e-05,9.8566146e-05
7.045318002658267e-05,9.070908e-05
6.947335303179373e-05,8.074191e-05
7.946494146730833e-05,7.3653486e-05
7.806235531793173e-05,7.641973e-05
7.808429543683414e-05,7.2571456e-05
7.816178405343744e-05,6.9807036e-05
4.9509244330222e-05,6.814495e-05
4.920380496160857e-05,6.177148e-05
6.064660249581778e-05,5.727104e-05
6.266689760556638e-05,6.189371e-05
6.37804959866471e-05,6.0144408e-05
6.22893384317431e-05,5.9047547e-05
6.379764144155115e-05,5.8391724e-05
6.71927507858522e-05,5.7956287e-05
8.463598890743246e-05,6.073346e-05
8.65888092803635e-05,7.8880126e-05
8.700109673866565e-05,7.860419e-05
9.01937092915942e-05,8.0230435e-05
0.00010952438582440001,8.153794e-05
0.0001114112650569,9.254724e-05
0.00011065864047019998,9.745172e-05
0.00010994837765999999,9.8913384e-05
0.0001104547656909,9.9926954e-05
0.0001092741003115,0.00010085696
0.00010184523857109998,0.00010093375
0.000129835339098,0.00010050254
0.0001316055208494,0.000118954296
0.0001325234200508,0.00012055841
0.0001326090532502,0.00012165414
0.0001329547639827,0.00012232867
0.0001211036040696,0.00012214888
0.00011849106573710001,0.0001181957
0.0001182267852463,0.00011413717
0.0001222571080674,0.00011086843
0.00012191253374519998,0.00011246883
0.0001225164688814,0.000110876725
9.41940427198269e-05,0.00011002674
9.597921827569671e-05,0.00010095473
9.712701654743005e-05,9.550499e-05
9.15045488095356e-05,9.204195e-05
6.791710347796024e-05,8.746224e-05
6.083138382453534e-05,8.164067e-05
7.388261147491399e-05,7.451888e-05
7.648481104763062e-05,7.262071e-05
7.763285612263399e-05,7.2612725e-05
8.39876046758792e-05,7.075599e-05
8.289353490806829e-05,7.189253e-05
0.0001219962611419,7.2991774e-05
0.00012177794859439998,0.00010990432
0.0001223019714133,0.00011400244
0.0001252530395249,0.0001154365
0.0001307524883421,0.000117068295
0.0001312981585306,0.000120292
0.0001416551067023,0.000122049234
0.0001490900334343,0.00013203365
0.0001490140499858,0.0001416808
