NDX_LSTM_True_test,NDX_LSTM_5_pred
0.00011828382405189999,8.488483e-05
0.0001220884001125,9.698513e-05
0.0001325635533721,0.00011041372
0.000138495195226,0.00011705033
0.0001386872824932,0.00012385735
0.0001404019075913,0.00012893695
0.0001388678134948,0.00013335963
0.0001388072903346,0.0001365811
0.0001397385027807,0.0001377366
0.0001421955969276,0.00013798074
0.0001444522178679,0.00013871967
0.0001551303942996,0.00013964195
0.0001951242119609,0.00014315343
0.0001925469881747,0.00015521012
0.0001948018714215,0.00016637112
0.000194882037175,0.00017716047
0.0002010094152281,0.00018704345
0.00020028057739889996,0.0001957906
0.00020134586289290003,0.00019690995
0.0001512052059094,0.0001986833
0.0001459485546666,0.00018899608
0.0001383200067769,0.00017824431
0.0001422702714542,0.00016505919
0.0001388742237763,0.00015355082
0.0001305278360877,0.00014186575
0.0001249331599437,0.00013766212
0.0001249858297159,0.00013333067
0.000134367030677,0.00013050092
0.0001345189756615,0.00012906991
0.0001346373222515,0.00012845577
0.0001336300363961,0.00012941958
0.0001350773892567,0.00013113032
0.0001281395409469,0.00013301917
0.0001159761148609,0.00013168552
7.655251234013051e-05,0.00012775
7.578699497507515e-05,0.00011579076
7.073603609079085e-05,0.00010426414
5.360039496288288e-05,9.2283444e-05
4.746593882957464e-05,7.930487e-05
4.779076021114552e-05,6.82363e-05
4.671874412987336e-05,6.3851476e-05
4.8532745497958506e-05,5.952764e-05
4.993764974096856e-05,5.634377e-05
4.820615489451724e-05,5.584724e-05
4.3773754171326025e-05,5.5940156e-05
4.587745717358849e-05,5.538469e-05
4.4806049786871794e-05,5.5283297e-05
4.575560548450668e-05,5.4770302e-05
5.1294196942453794e-05,5.419931e-05
3.829476010275177e-05,5.4650754e-05
3.9388717727275686e-05,5.386572e-05
4.108136433768701e-05,5.3028303e-05
5.016172722855431e-05,5.25636e-05
4.793203340346884e-05,5.316241e-05
5.604315383274534e-05,5.2680356e-05
0.00010857847852109999,5.5108183e-05
0.00011853509862619998,6.5987544e-05
0.0001148440622155,7.898346e-05
0.0001392160769745,9.02817e-05
0.0001405406578043,0.00010738723
0.0001438925618782,0.00012335494
0.000167480961463,0.00013047298
0.0002043448013453,0.0001406919
0.00020197601471379998,0.00015922343
0.00021345141346789997,0.0001725146
0.0002252489007111,0.000187378
0.00022243968821599998,0.00020349385
0.00022433920667709996,0.00021410872
0.00022337685300069998,0.00021809891
0.0002596332522137,0.00022210945
0.0002664908463039,0.0002314791
0.0002633453626551,0.00024023285
0.000263167279591,0.0002484326
0.0002736079692903,0.0002557545
0.000264500687815,0.00026521998
0.0002668290451987,0.00026617342
0.0002678348921841,0.00026619574
0.0002263696674014,0.00026698076
0.000215153515798,0.00025915852
0.0002146180945817,0.00024705834
0.00019042652406249996,0.00023683792
0.0001897834375625,0.00022164425
0.0001861026903111,0.00020655624
0.000162750263751,0.00019850007
0.0001283070130483,0.0001877642
0.000128368050803,0.00016974255
0.0001146216012343,0.0001565572
0.00010283770633970002,0.00014122468
0.00010651425292829998,0.00012489318
0.0001020909627831,0.00011417968
0.00011083340815989999,0.00010907267
7.783486575920829e-05,0.00010598392
6.63782275221422e-05,9.8927165e-05
7.326121700163391e-05,9.1971146e-05
7.481194055834604e-05,8.58887e-05
6.573307509337931e-05,8.1025115e-05
7.835077202950426e-05,7.361623e-05
8.009966804672885e-05,7.377876e-05
8.097786079082789e-05,7.603107e-05
7.012013242983192e-05,7.736334e-05
7.895137419007348e-05,7.6602984e-05
8.48063957119681e-05,7.8750185e-05
8.66141041302931e-05,7.9879595e-05
9.21328510426102e-05,8.1070095e-05
9.20075688109207e-05,8.31782e-05
9.830978848977279e-05,8.701187e-05
9.636771162574669e-05,9.050732e-05
9.641576903140222e-05,9.2614006e-05
0.0001001325781076,9.4369156e-05
0.0001036896628707,9.586647e-05
0.00010167062543909999,9.805609e-05
0.0001017112527513,9.8733835e-05
9.590140522801137e-05,9.973035e-05
9.325272073591888e-05,9.952404e-05
9.503744018648433e-05,9.813518e-05
9.254452457159932e-05,9.650065e-05
9.003492823901247e-05,9.4802934e-05
8.708429978682104e-05,9.268487e-05
7.608304481397559e-05,9.1048845e-05
7.056004334718594e-05,8.784291e-05
6.0885587602594e-05,8.346369e-05
6.137808261304922e-05,7.804998e-05
5.209193027161504e-05,7.324924e-05
4.5487952605402465e-05,6.7683715e-05
4.426856261817051e-05,6.3053696e-05
3.5941418920602994e-05,5.9220132e-05
3.6305335004405576e-05,5.5700362e-05
2.944321163578996e-05,5.2313575e-05
2.9989172706273392e-05,4.9339957e-05
2.9730851940366477e-05,4.7378566e-05
2.597293847557011e-05,4.5546083e-05
2.5714540998682516e-05,4.4296696e-05
2.322579613665924e-05,4.3015472e-05
2.3212961011381527e-05,4.2259206e-05
2.4433612551109802e-05,4.1467174e-05
2.2506955203069885e-05,4.0852934e-05
2.0700406636493315e-05,4.0423794e-05
1.834086700116318e-05,3.982078e-05
2.522172606539885e-05,3.923888e-05
2.7578582692093645e-05,3.9545375e-05
2.6789827826021966e-05,3.992461e-05
2.6479247030479526e-05,4.0398172e-05
3.037102469621842e-05,4.1066658e-05
3.0643349752405644e-05,4.2532858e-05
3.076270423319142e-05,4.317304e-05
3.182114800308272e-05,4.354777e-05
3.274129220379834e-05,4.4154138e-05
3.280754608627759e-05,4.491896e-05
3.535713635737922e-05,4.521196e-05
3.52280109562539e-05,4.5808032e-05
3.4236416436322995e-05,4.6352987e-05
3.553060890017051e-05,4.664419e-05
3.5720247201583426e-05,4.7007576e-05
3.2406094312997016e-05,4.737216e-05
3.1696709021147325e-05,4.697836e-05
3.342471266418739e-05,4.6545632e-05
2.950242131550016e-05,4.646409e-05
3.296246197742202e-05,4.5682867e-05
3.18067566507414e-05,4.5374385e-05
3.777275646820142e-05,4.5287652e-05
3.656069848914059e-05,4.6080364e-05
3.439922921978188e-05,4.643898e-05
3.400933375278173e-05,4.7031615e-05
3.478813700233215e-05,4.717373e-05
3.1967490105592795e-05,4.756383e-05
3.2301726249074965e-05,4.6807247e-05
3.4923392368252354e-05,4.6285364e-05
3.6293512700165146e-05,4.6371064e-05
3.4765820648816714e-05,4.665414e-05
3.66442956590386e-05,4.662898e-05
3.395501668376556e-05,4.723423e-05
3.455843776005619e-05,4.742138e-05
3.454892782894146e-05,4.7389574e-05
3.323936310693103e-05,4.7168873e-05
3.805606371278724e-05,4.696912e-05
6.0544704196989805e-05,4.7180816e-05
6.851364781581735e-05,5.0791696e-05
6.670976574372005e-05,5.5430268e-05
6.64825366859823e-05,5.987978e-05
7.677788377242308e-05,6.4680804e-05
8.424703152783466e-05,7.061703e-05
9.472284714449059e-05,7.4518975e-05
8.879284242511303e-05,7.912085e-05
8.968461994155991e-05,8.294535e-05
9.180394192243698e-05,8.6962464e-05
9.48809760275484e-05,8.958956e-05
9.377053058748345e-05,9.1454e-05
9.438137418957125e-05,9.136121e-05
9.249254718197677e-05,9.237367e-05
9.000127226862649e-05,9.285192e-05
8.98981958460006e-05,9.2463175e-05
8.97695714484953e-05,9.153709e-05
9.565200067010416e-05,9.0794936e-05
0.0001138393526129,9.1094946e-05
0.0001832673265389,9.530157e-05
0.0002125973745843,0.0001139666
0.00020900032504699996,0.00013875129
0.0002904317774949,0.00016365234
0.0002840631414234,0.00020288733
0.0003938112106941,0.00023706973
0.00043366981004520005,0.0002784878
0.0004950780065355,0.00032219992
0.0005262797948849,0.00037772724
0.0005146323432556,0.00042169928
0.000696373371989,0.00046338837
0.0008452708316071998,0.0005159786
0.0009063409379312001,0.00058487785
0.0012311893501505,0.0006520412
0.0017215057743164997,0.00076540606
0.0023283449207324,0.00095971883
0.0025761466223709,0.0012274922
0.0026103988581385,0.0015210053
0.0026466621183618,0.001822192
0.0026761721399147,0.0020844631
0.0026820624886535,0.0022697682
0.002994108514471,0.002341034
0.0029249055229181,0.0024332548
0.0030633581182656997,0.0024988202
0.0031106705605973,0.0025909166
0.0030865668403888,0.0026876307
0.0030864317045224,0.0027773858
0.0030324497261187,0.0027987
0.0030211342979927,0.0028225484
0.0029477843096284,0.002812749
0.0031590138837205,0.0027743895
0.0031521798666505,0.0027942206
0.0029896337878913,0.0028089134
0.00283957717873,0.0027957014
0.0027800844343662,0.002752257
0.0025041007237662,0.0027139094
0.002023548671001,0.0025624856
0.0014183454969135,0.002307153
0.0011697077312917,0.001964073
0.0011554237900737,0.0016318492
0.0012079109629793,0.0013592929
0.0011964879956023,0.0011723456
0.0011912594938273,0.0010606324
0.0008647164314837,0.0010292322
0.0008646234853218,0.0009690343
0.0007199761322969,0.0009154608
0.0007040421664604,0.0008385971
0.0006249577262851,0.00076482
0.0006850502958455,0.0006852636
0.0006307432255045,0.0006600796
0.0006026686044162,0.00062733656
0.0006010294130659,0.0006078768
0.0003536503823055,0.00059194147
0.0003556407236547,0.0005392685
0.0003368141768659,0.00047883653
0.0003647081770726,0.0004275814
0.0003720659730858,0.00038977867
0.0003224954220215,0.00035463876
0.0003130086154582,0.00034822058
0.0003216645339272,0.0003386923
0.0003232222659415,0.00033515063
0.0003149875040431,0.00032785803
0.0002381406079015,0.00031774052
0.0002182340359434,0.0003001611
0.0002132840405109,0.00027998223
0.00020916835783530002,0.00025804833
0.00021042402875359997,0.00023655003
0.00019206563717870002,0.00021741953
0.0001592919031249,0.0002083417
0.0001589317104068,0.00019585136
9.720587774869812e-05,0.00018446772
0.00010193867827980001,0.0001606518
0.0001124833889706,0.00013867917
0.0001128309927264,0.00012327975
0.0001105290631264,0.0001144357
0.0001117791613689,0.000105935826
0.0002381006371246,0.000108641405
0.0002112616547567,0.00013554037
0.000202574350943,0.00015641912
0.0002075547048207,0.0001754011
0.0002070133449023,0.00019503082
0.00019462083003290003,0.00021278957
0.00019364466082610004,0.00020450696
0.000185669690298,0.00020091885
0.0001742466843494,0.00019724132
0.0001988220511047,0.00019039401
0.00019894520639380001,0.00018912967
0.0002324159579593,0.00019030175
0.00023447062561359998,0.00019879072
0.00024234027183929997,0.00020898566
0.0002458093984692,0.0002224841
0.0002458348674332,0.00023182605
0.0002658913340381,0.00024064182
0.0002658211575792,0.00024736192
0.0002589409391388,0.00025363624
0.0002593139629189,0.00025683315
0.0002596808203035,0.00025920005
0.0002826972182457,0.00026166686
0.0001564681264038,0.00026529803
0.0001558188072406,0.00024195615
0.0001583425675103,0.00021964156
0.0001502539559995,0.00019873213
0.0001768670920478,0.00017750064
0.0001864323196676,0.00015904443
0.000185818516501,0.00016554992
0.0002203695004037,0.00017187584
0.00022462735096009996,0.00018480788
0.0002104502846605,0.00019974937
0.0002191166113215,0.00020640057
0.0001888577071253,0.00021266914
0.0001855075822757,0.00021230479
0.0001822535035674,0.00020499683
0.00018348441036,0.00019642954
0.0001830988929222,0.00019108945
0.000163050397942,0.00018441747
0.0001610639782127,0.00017896324
0.000164885777077,0.00017374026
0.0001657646009535,0.0001701222
0.0001818896866849,0.00016670195
0.0001801064545559,0.0001671511
0.0001796248014456,0.0001708104
0.0001795247709377,0.00017454951
0.0001773203658938,0.0001773716
0.0001792391266811,0.00017943217
0.0001559497135996,0.0001789283
0.0001521589274955,0.00017365704
0.0001528852424246,0.0001677367
0.00011473005904760001,0.00016219374
0.0001102032242001,0.00014892042
0.00011129592185100002,0.0001349493
0.00010477030375299998,0.00012582813
0.00010133650744059999,0.00011645212
0.000101935335781,0.00010693221
9.663334512821456e-05,0.0001044844
9.2983529787357e-05,0.000101850725
0.0002373785418859,9.839832e-05
0.0002472524816352,0.00012430792
0.0003479227884529,0.00015390702
0.0003757750000657,0.00020295374
0.00039544417896199995,0.00025945323
0.0003808205827383,0.00032148446
0.0003686917601882,0.00034920356
0.0003765353398616,0.00037108018
0.0003895253057483,0.00037582644
0.00039540318032899995,0.00037869316
0.0003991051672385,0.000379488
0.000397052984581,0.00038319817
0.0004090359684828,0.0003883366
0.00044689412159449997,0.00039436013
0.00045022600526749995,0.00040575716
0.00047904226915909995,0.000416541
0.0004882049347749999,0.0004311921
0.0004841967759464,0.00044752704
0.0004893020977366,0.00046043954
0.000500788647504,0.0004674102
0.0005243732654034,0.00047618966
0.000553300129671,0.00048463285
0.00042235772282800003,0.00049650774
0.00042899232467569996,0.00048244334
0.0003243971963104,0.00046893733
0.000296991828307,0.00043506428
0.0003081215226018,0.00039236387
0.0003068210350932,0.00034895228
0.0002997848538965,0.00032833038
0.0002956696917537,0.00030590015
0.0002840195678977,0.0003004963
0.0002946017098908,0.00029757197
0.0002889287766829,0.0002949658
0.0002883028117309,0.00029171692
0.0002707445961224,0.0002896637
0.0002321957437359,0.0002846258
0.0002445735930087,0.0002735249
0.0002171689883744,0.00026340922
0.0002664663744262,0.00024912923
0.0002817479068821,0.00024576968
0.0003052883134801,0.00024905
0.0002941665550291,0.00026399206
0.0002801801142731,0.0002741345
0.0003305893847562,0.0002854995
0.0003394835890818,0.00029779488
0.0003230290357951,0.0003096007
0.000346656365907,0.00031363772
0.000351500854216,0.0003234658
0.0003442121141609,0.00033681866
0.0003443154591676,0.00033956746
0.0003430207922121,0.00034030946
0.000340857786639,0.00034374653
0.0003396084235867,0.00034258855
0.0003228770578565,0.0003403435
0.0003247226313223,0.00033595646
0.0003266450231424,0.0003318833
0.000326486803803,0.00032877165
0.0003341494964278,0.00032628165
0.0003188379913574,0.00032560213
0.0003187160825797,0.00032467747
0.0002493376051982,0.00032319876
0.0002393868851357,0.00030709238
0.0002120304865003,0.00028899382
0.0002118640779537,0.00026444046
0.0001981751945361,0.00024390855
0.00011793679431190002,0.00022117936
9.562765712572524e-05,0.00019351074
0.00011899386767120002,0.0001634722
9.51791047129619e-05,0.00014443569
8.288750877200062e-05,0.00012181318
5.8674144090004645e-05,0.00010072938
6.0495502664591784e-05,8.979686e-05
5.681043214012585e-05,8.3355844e-05
5.5930856640669887e-05,7.2951494e-05
5.607060018744702e-05,6.6697816e-05
5.525169465055834e-05,6.26574e-05
5.339398406553253e-05,6.214731e-05
5.360451509880328e-05,6.110531e-05
5.3675679857688975e-05,6.0643622e-05
4.835496242243074e-05,6.0316852e-05
4.801328410278187e-05,5.9206526e-05
4.6460567882332195e-05,5.8174406e-05
4.594231627027574e-05,5.7185054e-05
5.2174147106509664e-05,5.6111217e-05
5.3233904317578974e-05,5.593027e-05
6.207492101423588e-05,5.6610003e-05
8.669638815121772e-05,5.8645994e-05
9.186405914090309e-05,6.48231e-05
0.0001042457738278,7.216854e-05
8.115021157759299e-05,8.109118e-05
8.194043500053161e-05,8.57159e-05
8.349491726124138e-05,8.891491e-05
8.578380283401838e-05,8.8202134e-05
9.130527325731766e-05,8.704435e-05
0.0001102054733779,8.5014195e-05
0.0001110791066393,9.0466594e-05
0.0001115609516553,9.597934e-05
0.00011112346677769999,0.00010130697
0.0001113238022292,0.00010603046
0.0001494553108107,0.00010964791
0.0001504925128863,0.000117832446
0.0001690156550895,0.00012599523
0.0001935008081359,0.0001379659
0.0002014940596279,0.00015517327
0.0002029583093023,0.00017347165
0.00019480539911730002,0.00018444679
0.0001924538181795,0.00019291512
0.0001831000630497,0.00019704815
0.00015892384527,0.00019458195
0.0001543043543483,0.00018553888
0.0001422630364372,0.00017540017
0.0001421519429824,0.00016447103
0.0001425486873034,0.00015438028
0.0001428751663101,0.00014658106
0.0001420117102821,0.00014345505
0.0001354468919455,0.00014114847
0.0001477944646567,0.00013965639
0.00014633289579,0.00014089012
0.0001483192049863,0.00014175294
0.0001992877369652,0.00014298923
0.0002022086472896,0.00015530434
0.00019675438726710003,0.00016932242
0.00020788885282870003,0.0001794386
0.00022365267767189998,0.0001917354
0.00020873631744689999,0.00020636868
0.00021700222600989997,0.00020833184
0.000245482530201,0.00021128255
0.0003226921766622,0.00022102437
0.0003226911328207,0.00024389701
0.0003518465928051,0.00026421438
0.0003532250579577,0.00029340578
0.0003602399448066,0.0003197623
0.0003622608651836,0.0003412046
0.0003635894161497,0.0003486611
0.0003991071894768001,0.00035615225
0.00039971878682220003,0.00036566003
0.0004132687723734,0.00037513426
0.00041204714066990007,0.00038530413
0.0003912699108824,0.00039454055
0.0003911704867274999,0.00039887722
0.0004004475277897,0.00039677045
0.0003479732776633,0.00039688312
0.0003461185378086,0.0003840806
0.0003217928402152,0.0003706929
0.0003227871250391,0.0003567404
0.0002989302772656,0.0003437777
0.0002904479286406,0.0003248435
0.0002740203521691,0.0003135735
0.0002452803173655,0.00029953747
0.000164911658869,0.00028420502
0.0001662857699118,0.00025183152
0.0001403159434267,0.00022468524
0.000150254866223,0.00019453582
0.0001498970799492,0.0001706713
0.0001476411401436,0.00015302784
0.000152605508932,0.00014963355
0.00012096218668820001,0.0001473132
0.0001186949149189,0.00014277262
0.000112554701745,0.00013599722
0.0001164240705051,0.00012826879
0.000105702484078,0.00012202304
0.00010915987906180001,0.00011317314
9.917105472013698e-05,0.00011089251
9.917304462579684e-05,0.00010706137
0.00010353672074009999,0.00010442481
9.449613288357172e-05,0.00010208344
9.829278902035033e-05,9.98905e-05
8.582164899047248e-05,9.792599e-05
8.744911785617315e-05,9.5349176e-05
8.993261072990978e-05,9.3090275e-05
0.00011775074744870001,9.066688e-05
0.0001174749489594,9.526721e-05
0.0001417642544488,9.923579e-05
0.0001438601535947,0.000110361965
0.0001557338346475,0.000121522935
0.0001488769955484,0.00013461315
0.0001496123641259,0.00014093949
0.0001437449100195,0.00014712986
0.0001572284297814,0.00014733525
0.0001567522050669,0.00015002972
0.0001606106741615,0.0001504753
0.0001564355237008,0.00015300223
0.0001571323870176,0.00015442411
0.0001539124852585,0.0001569172
0.0001518266930799,0.00015617925
0.0001517966416735,0.00015505365
0.0001463653784205,0.00015328795
0.0001486621694212,0.00015112181
0.0001445823307357,0.00014942391
0.0001443228183694,0.0001474958
0.0001413982295768,0.00014593893
0.0001389047753264,0.00014382474
0.0001130881347486,0.00014220364
0.0001130509266152,0.00013468807
8.873582646118381e-05,0.00012808104
8.76293388408763e-05,0.000116751726
6.528991982201453e-05,0.00010621359
6.926308157111731e-05,9.259782e-05
7.374409433875539e-05,8.4689425e-05
7.357179956268173e-05,7.802175e-05
5.711707169905873e-05,7.547528e-05
5.654371829021024e-05,7.058135e-05
4.352157544408894e-05,6.9152826e-05
4.393558405087299e-05,6.5215725e-05
4.744704757249148e-05,6.0789178e-05
4.721468381710515e-05,5.698971e-05
4.75946727223675e-05,5.55959e-05
4.7815677488333394e-05,5.4377473e-05
5.056763931097104e-05,5.4964188e-05
4.616391509315215e-05,5.5875724e-05
3.329386186451875e-05,5.568337e-05
3.682758619083981e-05,5.3791224e-05
3.748774966199964e-05,5.2416835e-05
3.748836999602785e-05,5.105496e-05
3.466704350159962e-05,4.932567e-05
3.470751833473267e-05,4.7823698e-05
3.7214642225300236e-05,4.8021448e-05
3.696016607180523e-05,4.808647e-05
4.101882182379034e-05,4.8003225e-05
4.14185967340193e-05,4.847261e-05
3.729522039925994e-05,4.9324615e-05
3.756208197406246e-05,4.963532e-05
3.89730794800855e-05,4.9699618e-05
3.8804958312277274e-05,4.997542e-05
4.581912482849391e-05,4.9679897e-05
4.538456442014574e-05,5.0284107e-05
4.102018998418878e-05,5.131019e-05
4.329838234016525e-05,5.173571e-05
4.26071506165674e-05,5.2332223e-05
4.343512523953967e-05,5.2837397e-05
4.0477000115865676e-05,5.2514024e-05
4.175053746126849e-05,5.1856718e-05
4.3089706787678074e-05,5.1965628e-05
3.947989979434492e-05,5.1946503e-05
4.043483554091233e-05,5.1511455e-05
4.0648686709086596e-05,5.1132185e-05
4.0739576901471944e-05,5.1160878e-05
4.0955558861470166e-05,5.102469e-05
3.712121650700306e-05,5.07436e-05
3.747098776906854e-05,5.041729e-05
3.728036560885882e-05,5.005159e-05
3.321637627702162e-05,4.9617658e-05
3.63387055992419e-05,4.863076e-05
4.371997235383441e-05,4.806894e-05
4.040408810125163e-05,4.8944094e-05
4.027307379414169e-05,4.9265214e-05
3.4654887188334974e-05,4.965566e-05
3.800866258176192e-05,4.9827602e-05
4.205275262506053e-05,5.0085688e-05
4.026486040278994e-05,4.9879043e-05
4.021862992671622e-05,4.9827613e-05
3.928962645780041e-05,4.9819337e-05
3.9375719415239066e-05,5.042211e-05
3.8102033825321994e-05,5.060763e-05
3.778189627199788e-05,5.0086743e-05
3.8960979308621446e-05,4.976845e-05
4.095835019987757e-05,4.9612674e-05
4.086297143596616e-05,4.983397e-05
4.1144548175211994e-05,5.001537e-05
4.2927984582211724e-05,5.041017e-05
4.290475825930598e-05,5.1089508e-05
4.570330261040533e-05,5.1600273e-05
6.18332547314996e-05,5.2231106e-05
6.094960482086823e-05,5.517683e-05
6.076426892214251e-05,5.791624e-05
5.6468580299225206e-05,6.0445716e-05
5.6290232055281015e-05,6.237636e-05
5.8978067968424424e-05,6.389502e-05
9.110277422288912e-05,6.347729e-05
8.760241785779319e-05,6.839076e-05
8.366010195948042e-05,7.281373e-05
8.70989591728348e-05,7.727492e-05
0.0001025024963277,8.24988e-05
0.0001149175404776,9.009648e-05
0.0001184576032377,9.478967e-05
0.0001240644330172,0.00010082498
0.0001232617721456,0.00010863218
0.0001230830720919,0.00011546303
0.00011953176321340001,0.00011933336
0.0001236271324889,0.00012012914
0.0001403066362707,0.00012110694
0.0001406853305012,0.00012460246
0.0001459318266828,0.00012831182
0.0001406418017497,0.00013309105
0.0001196428450841,0.00013726042
0.0001208265231946,0.0001358866
0.00012053282111829999,0.00013167397
0.00012100605759109999,0.00012747454
0.00012119400493380001,0.00012264331
0.0001185872242886,0.00011908868
8.757176790280877e-05,0.00011883536
8.761551828643911e-05,0.00011201813
8.750752624379229e-05,0.00010541722
8.359720742816683e-05,9.895159e-05
6.969155680753212e-05,9.202969e-05
5.9646156097719655e-05,8.346643e-05
5.668816433807481e-05,7.866245e-05
5.251670638069449e-05,7.348335e-05
5.79076483437254e-05,6.784794e-05
7.216375385149603e-05,6.3932064e-05
7.216054800942414e-05,6.437859e-05
6.969429298784801e-05,6.6343084e-05
5.292082672277058e-05,6.834737e-05
5.123807434931356e-05,6.83599e-05
4.639670393866715e-05,6.7265704e-05
4.685005588133372e-05,6.339053e-05
4.6753096985589445e-05,5.9639184e-05
5.473209524986076e-05,5.6352204e-05
5.3246345956994434e-05,5.6634242e-05
4.902333714162774e-05,5.691846e-05
7.174956981806795e-05,5.727165e-05
9.128296577679252e-05,6.097984e-05
0.000101487882256,6.7953355e-05
0.0001133522294808,7.5785385e-05
0.00011548422063879999,8.642761e-05
0.0001283450791299,9.838239e-05
0.0001308188300448,0.000109172324
0.00016880317218,0.0001168514
0.0001688931650471,0.00013059426
0.0001770422139401,0.00014220076
0.0001767265397618,0.00015495984
0.0001726199586369,0.0001647249
0.000177239505056,0.00017262944
0.0001995774359424,0.00017430753
0.0002285449865843,0.00018069496
0.0002280804162736,0.00019165687
0.00023145475175849998,0.00020247063
0.0002551799651807,0.000214187
0.0002628344122233,0.0002295334
0.0002566183107958,0.00024203403
0.0002645111991661,0.00024763026
0.0002656181615768,0.00025455907
0.0002427250388842,0.00026099742
0.0002237822090531,0.00025826765
0.0002126643012325,0.00024998758
0.00020466939378860002,0.00024075022
0.0002119106124194,0.00022878266
0.0002451967366432,0.00021853711
0.0002412263034016,0.00021983677
0.0002043214886851,0.00022398868
0.00020415954564229996,0.00022195958
0.0002054546399676,0.00022104257
0.0002011925348015,0.00021907593
0.0002170832393396,0.00021066256
0.0002155601419952,0.00020664741
0.000215302114381,0.00020903452
0.0001887997397824,0.00021136504
0.00019365927822949998,0.00020760478
0.0002166548676074,0.00020557277
0.00019424827545010004,0.00020571447
0.0002029065058727,0.00020168467
0.0002028788639002,0.00019958707
0.0001934584584943,0.0002021365
0.0002569415258353,0.00020180632
0.0003187132925124,0.00021060959
0.0003226439604244,0.00023546298
0.0003261852690017,0.00025973486
0.00038521811834170004,0.00028510328
0.0003903997291041,0.00032225702
0.0003452821329339,0.00034830588
0.0003555441211165,0.00035271677
0.0003746780936161,0.00035758907
0.0003938994089545,0.00036651507
0.00041469251606460005,0.00036944714
0.0004151553703638,0.0003753717
0.0004213135970019,0.0003886263
0.00041831585088149997,0.00040059592
0.0004271469745171,0.00040836824
0.00042706649533729997,0.00041429573
0.00042407369123930003,0.00041669022
0.0004220888916754,0.0004181938
0.00047563455417120004,0.00041815673
0.0004694908668685,0.0004292937
0.00046701591794139996,0.00043752018
0.0004783997749668,0.00044430172
0.0004276481499075,0.00045353177
0.0003722905484419,0.00045318308
0.0003726404141591,0.00043238583
0.0004143678350992,0.00041371238
0.0003513884427925,0.00040559802
0.00040312936490280004,0.0003834694
0.0004049113903978,0.00037914893
0.00040750461562909994,0.00038594264
0.0003922387668583,0.00039284286
0.0004284558933183,0.00038876332
0.000460051111655,0.00040286075
0.0004649846494431,0.00041452106
0.00045329787560549996,0.00042591116
0.0004533901490735,0.0004337169
0.00043488676573720004,0.00044371263
0.0004428609335372999,0.00044417585
0.00045701183722580003,0.00044104405
0.0004332546597303,0.00044037018
0.0003828538493509,0.000436869
0.0003806756269972,0.0004225294
0.0003886835248024,0.00041123747
0.00039149132880050006,0.00040161735
0.0003775827912791,0.00039081706
0.0003832962832163,0.00038101609
0.00040843821358280005,0.0003808202
0.00039110136301119997,0.000386416
0.00039125906218519994,0.00038727748
0.0003367021989669,0.0003869544
0.0003625541378881,0.00037780902
0.0003511790193386,0.0003729329
0.0003549744434985,0.00036254557
0.0003262250630183,0.00035635682
0.0002630479185488,0.00034404118
0.0002765541941882,0.00032798585
0.0002635232256773,0.0003106729
0.000277908391576,0.00029354656
0.0002870566954152,0.0002800145
0.0002877452229774,0.00027361987
0.0003230530965916,0.00027862866
0.0003232702558493,0.00028808808
0.00038573989481619994,0.0003000632
0.0004431085141343,0.00032168714
0.0004597463696383,0.0003524606
0.0004467605488981,0.00038539
0.0005114840698128,0.00040827904
0.0005890382455133,0.00044271757
0.0005601975932145,0.00047928406
0.0005787433032509,0.0004992308
0.0005973194303202,0.00051935297
0.0006095014597405,0.0005446663
0.000582108813283,0.00056043576
0.0006596426188632,0.00055877265
0.0006494180654349,0.00057598966
0.0006641685278145,0.0005876459
0.0007558797326837,0.000598378
0.0007364530699794,0.0006233982
0.0007287900127816,0.0006475309
0.0007373843168504,0.0006577517
0.000726409208728,0.000670872
0.0007334886919741,0.00067933794
0.0007231226917411,0.0006763195
0.0007730835246622,0.00067407644
0.0007035212142262,0.00068228453
0.0006397924440426,0.0006753139
0.0006496205886365,0.0006588586
0.0006763792946609,0.0006445733
0.0006141116026349,0.000639255
0.0005283405154689,0.0006147116
0.0005295377848106,0.00058379077
0.0005165168232417,0.0005640299
0.0005513619151448,0.0005429719
0.0006172591389106,0.0005254912
0.0006169039218796,0.00052930287
0.0005726165701978,0.00054417946
0.000632746696507,0.00055010675
0.0006043397207166,0.000569474
0.0005434880026276,0.0005775498
0.0005428590582544,0.0005636225
0.0005524963763295,0.00055058725
0.0005819020653208,0.00054742605
0.0005732607256937,0.00054134073
0.0005957542942718,0.00053707254
0.0005552764891372,0.00054606766
0.0005076728385074,0.0005469621
0.0005132356181048,0.00053716515
0.0005286845714638,0.000525032
0.0004982644185533,0.000518392
0.0004935189542668,0.0005029834
0.0004914972268646,0.00049221836
0.000503900259767,0.0004893136
0.0005033816049201,0.00048811646
0.00046760487348120007,0.00048464705
0.0004146278225281,0.00047843723
0.0003355966560593,0.0004623767
0.0003402712384928,0.00043161737
0.0003420304055783,0.00040085326
0.0002856813539456,0.0003724274
0.0002758835467561,0.00033943471
0.0002650780889578,0.0003129939
0.0002684029098531,0.00029859567
0.0002785108923631,0.00028519318
0.0002981224415005,0.00027415584
0.0002964056347782,0.00027725138
0.0002628461744649,0.00028166277
0.0002633553327783,0.0002807209
0.0002628334273658,0.00027885262
0.0002768946005495,0.00027525998
0.0002596811318037,0.00027175897
0.0002625064809894,0.00026512888
0.00024093851739900003,0.00026487553
0.0002503645512545,0.00026000864
0.0002571717936466,0.0002574168
0.0002618927623063,0.00025382312
0.0002705053989012,0.0002546606
0.0002699212440929,0.00025663327
0.0002621974812415,0.0002622677
0.0002710639026985,0.00026438793
0.0002347297529189,0.00026694627
0.0002529079183223,0.00026112708
0.0002845394799592,0.00025750493
0.0002646619685912,0.00026077137
0.0002613536696154,0.000261869
0.0002490857239505,0.0002600732
0.0002564108408529,0.00026204358
0.0002579528131774,0.00026248177
0.0002540486990701,0.0002576363
0.0002532762464404,0.00025574458
0.0002504649639277,0.00025419373
0.0002356731602787,0.00025429236
0.00023590456471140003,0.00024998552
0.0002543682950694,0.00024551098
0.0002547607968663,0.00024572777
0.0002688091287402,0.00024648727
0.0002547678502592,0.00025051893
0.0003733964932267,0.00025416908
0.0003729372404128,0.0002809588
0.0003784284257871,0.00030513803
0.0003753914572924,0.0003301121
0.000368771155658,0.00035032592
0.0003689271946375,0.00037080044
0.0003527908686071,0.00036973562
0.0003192931059113,0.00036555034
0.0003243117008966,0.0003534591
0.0003243569502258,0.0003431045
0.0003193794221665,0.00033477813
0.0002653528612122,0.00032592015
0.0002879530962901,0.00030863454
0.0002907717018501,0.00030190105
0.0003242032439649,0.00029541622
0.0003751555644475,0.00029675526
0.0003703865741286,0.0003092576
0.0003714996124944,0.00033025866
0.00040087366146560006,0.00034603904
0.000398991137835,0.00036669857
0.0003764445118404,0.00038093745
0.0003695549665664,0.00038077094
0.0002766125438722,0.0003796401
0.0002984389402183,0.00035917456
0.0003567957571482,0.000338577
0.0003617735485169,0.00033145127
0.0003539316940144,0.00033141457
0.0003537903203393,0.0003298452
0.000375022495477,0.00034375663
0.0003783835003898,0.0003579266
0.0003900942223613,0.00036256024
0.0004151280704463,0.0003683644
0.0004275993170211,0.00038034745
0.0004456926972383,0.00039465493
0.0004275299684232,0.00040810727
0.00042692698330729995,0.00041675998
0.0004429480655692,0.00042253284
0.00040384868973959996,0.00042761402
0.0004190902594329,0.00042293873
0.0004254181931118,0.00041764876
0.0003727241907145,0.00041764998
0.0003966343783065,0.00040712036
0.0006109949539376,0.000398093
0.0006174882061368,0.0004362795
0.0005922969887949,0.00047281347
0.0005665634001019,0.00050174654
0.0005160551381572,0.00053423847
0.0005117807537452,0.00055134634
0.000511997902898,0.00053414877
0.0005191355960821,0.0005174986
0.0004987839694769,0.0005065939
0.0004964120321302,0.0004957276
0.00048186646711420003,0.0004918047
0.000467181413249,0.000486377
0.000454711011521,0.00047811153
0.0004947108569383,0.00046682675
0.0004868606748187,0.00046713118
0.0004828218861402,0.00046663202
0.0004528664280658,0.0004665321
0.0004665578580596,0.00046298708
0.000453569310169,0.00046436425
0.00044989593689060005,0.00045756658
0.0004506249188508,0.00045115335
0.0004290568563961,0.0004457555
0.00021784552210780004,0.00044110577
0.0002117407990506,0.00038979363
0.0002537345165784,0.00034023912
0.0002514006357026,0.00030277352
0.0002443727850136,0.00026804613
0.0002437208448507,0.00023672044
0.0002557188588113,0.00024154199
0.0002720411599952,0.00024970967
0.0002656952079393,0.00025372865
0.0002680999373021,0.00025684517
0.0002692908406283,0.0002614045
0.0002937356107963,0.00026612787
0.0002904835538178,0.0002737652
0.000207115272035,0.00027774702
0.00021091030728270002,0.0002649711
0.0002143744898741,0.00025222532
0.00023649625366740004,0.00024080288
0.0002135242941649,0.00023084659
0.0002156520645177,0.00021700026
0.0002268624604307,0.00021842864
0.0002249682238497,0.00022146838
0.0002243254874667,0.00022353181
0.0002200770995264,0.00022150768
0.00022344220081150002,0.00022264056
0.0001787529032698,0.00022401677
0.000209304095134,0.00021378856
0.0002184672149075,0.00021059581
0.0002196440352286,0.00020969607
0.00020853959889429997,0.00021018746
0.00019585013622820002,0.00020769691
0.0001954839698004,0.00021028114
0.0002196223012228,0.00020711085
0.00022061875516960004,0.00020762917
0.0001971620055982,0.00020841222
0.000232282600584,0.00020620698
0.0002598747967372,0.00021346397
0.0002658415378534,0.00022636422
0.0002682757429014,0.00023631282
0.0002525397931405,0.00024607798
0.0002587417551965,0.0002561463
0.0002592399853181,0.00026080103
0.0002502176411784,0.00026058848
0.0002492417882638,0.00025760347
0.0002470180643721,0.00025386928
0.0002705568722876,0.00025260964
0.0002694926255704,0.00025524036
0.0002991068284786,0.00025769454
0.0002666920917532,0.00026769505
0.0002542772649617,0.00027098155
0.0002675889304927,0.00027159372
0.000268328034681,0.00027050197
0.0002574626325478,0.00027030538
0.0002591353491279,0.00026281778
0.000232810313987,0.00026121893
0.0002454721028024,0.00025643094
0.0002341319219504,0.00025200614
0.00020341411882100004,0.00024532454
0.000177471249792,0.00023439886
0.0001798146656023,0.00021755452
0.0001769484039872,0.00020634687
0.0001550631581948,0.00019298936
0.0001713392853505,0.00017744895
0.0001672791704792,0.00017138607
0.0001924629321599,0.000169312
0.0001930916939937,0.00017243848
0.00019325213090100004,0.00017630133
0.0001771909280182,0.00018394552
0.0001818541011453,0.00018477508
0.0001526669567513,0.00018718935
0.0001526063855547,0.00017858931
0.0001533678153124,0.0001701729
0.0001412325884771,0.0001621846
0.000150456214334,0.00015476752
0.0001518733476772,0.00014895147
0.0001558810291309,0.00014886995
0.0001546180711414,0.00014971058
0.0001392842683815,0.00015015672
0.0001464225779374,0.00014935032
0.000142692675601,0.000148402
0.0001414580484569,0.00014640916
0.0001340023240703,0.00014354098
0.0001362798090357,0.00013941815
0.0001431284250462,0.00013863873
0.00011914737078469998,0.00013811052
0.0001185185846213,0.00013319032
8.718355512269574e-05,0.00012846064
8.643442537861183e-05,0.00011867556
8.976248150419697e-05,0.00010865076
8.201718925173195e-05,9.8707686e-05
7.307719677928103e-05,9.185009e-05
8.465617757997546e-05,8.391019e-05
8.641532519435989e-05,8.349192e-05
0.00011217602556109998,8.349888e-05
0.00011057502220450002,8.791822e-05
9.975399790607615e-05,9.3338575e-05
0.0001023391403166,9.810519e-05
9.714362662673909e-05,0.00010129357
9.566318298999415e-05,0.000102972
0.00011286822505040002,9.9834186e-05
0.0001057473053969,0.00010054479
0.0001074345660023,0.000101705904
0.00011132457875460001,0.000102764185
0.00010670160232069998,0.000105484345
0.00010067525750969999,0.00010739681
9.022063612831112e-05,0.000105053834
8.887547137800865e-05,0.0001019116
9.351310020480444e-05,9.826914e-05
0.00010417150156669999,9.498142e-05
0.00010493150839380002,9.4705596e-05
0.00010093476442319998,9.572655e-05
0.0001113888621185,9.774658e-05
0.0001130566500529,0.00010202
0.0001149948170225,0.000105724685
0.0001322979305375,0.00010788145
0.0001026969299765,0.00011348205
0.00010677059521829999,0.00011345721
0.0001102516681861,0.00011237718
0.00010646977048480001,0.00011170926
0.00010577202045300001,0.00010992804
0.0001065183376046,0.00010515162
0.0001075893135406,0.000105812534
0.00011093853624260001,0.00010595594
0.0001085879784036,0.000106189895
0.00011148117007989999,0.00010660153
0.0001117614194504,0.0001077169
0.00011055255523570001,0.00010872275
0.0001114438700532,0.000109260814
0.0001179895417876,0.000109379434
0.00011452841720259998,0.00011125416
0.0001166194571919,0.00011186059
0.0001183843300567,0.000112835696
0.0001265075582197,0.000114355214
0.000129108174284,0.000117376185
0.0001345329549998,0.00011971502
0.00011631465891210001,0.00012378342
9.784788496883769e-05,0.00012351248
0.0001059491607661,0.00011897568
0.00010109036885889999,0.000114728275
9.766040149692686e-05,0.00010919615
0.0001012258627226,0.00010238311
0.000101484600367,9.968493e-05
0.0001003414096025,0.00010031138
8.034940807169598e-05,9.9314544e-05
8.13375931704288e-05,9.534283e-05
9.01590294908426e-05,9.216563e-05
8.30356192175395e-05,9.015159e-05
8.487492564452177e-05,8.683524e-05
8.620222933445544e-05,8.4260675e-05
8.477815187668281e-05,8.529233e-05
0.0001047696502979,8.582144e-05
0.00010395104779260002,8.870546e-05
9.110380728019432e-05,9.261125e-05
8.986205486252464e-05,9.369423e-05
8.32709733723032e-05,9.4238196e-05
7.115799604290149e-05,9.3646304e-05
7.495074746097066e-05,8.749216e-05
7.494703580570789e-05,8.242443e-05
7.538506640885703e-05,7.962759e-05
9.114443040295565e-05,7.721251e-05
9.120768071931664e-05,7.873696e-05
9.218490375554835e-05,8.226002e-05
9.103231791235336e-05,8.535174e-05
9.400917689047833e-05,8.8202025e-05
9.993146862183542e-05,9.1427704e-05
9.982281975773226e-05,9.309187e-05
9.695922170198746e-05,9.473119e-05
9.553401423631116e-05,9.563048e-05
9.932492527055162e-05,9.639211e-05
0.00010020155761029999,9.732399e-05
0.00010131094048980002,9.741402e-05
0.0001011199547137,9.776007e-05
8.915581942192705e-05,9.856202e-05
8.854569979948133e-05,9.724346e-05
0.0001013729953351,9.512973e-05
0.0001178686319787,9.537319e-05
0.0001209581866788,9.8825534e-05
0.0001233803712429,0.00010295699
0.0001346296329198,0.00010962355
0.0001363327778647,0.00011857591
0.0001357365886311,0.0001254354
0.0001119225670949,0.00012902993
0.0001118334303153,0.0001268633
0.0001143370736401,0.0001241346
0.00011381434905120002,0.00011998003
0.0001098049043768,0.0001156445
0.000109093502654,0.00011088299
0.0001151484356328,0.0001102811
0.0001139714029351,0.00011095449
0.0001089427482394,0.00011093659
0.0001198577872534,0.00010999005
0.0001167443486458,0.00011202112
0.0001148008201605,0.00011347208
0.0001255751959386,0.000113423856
0.0001254713070874,0.00011583682
0.0001255224448123,0.0001190409
0.00011419591759669998,0.00012024379
0.00010558714934350001,0.00011957185
0.0001015051756388,0.000117416734
0.00010219189343999999,0.0001125642
7.976166962008488e-05,0.000108037086
8.257025056266817e-05,9.93199e-05
9.328579716811896e-05,9.3400406e-05
0.00010562014652400001,9.120076e-05
0.00010566924152840002,9.214241e-05
0.00011664587627679999,9.314385e-05
0.00011586678213120001,0.000100187695
0.00011743365039790002,0.000106455336
0.0001150006809857,0.00011101347
0.000109339794399,0.000112773574
0.0001149381314895,0.00011326835
0.00011978449411140002,0.00011295377
0.0001051735631737,0.000113797745
0.0001131022843669,0.00011134731
0.0001148778388797,0.000111016525
0.0001126996127003,0.000112039685
9.872023031238576e-05,0.00011161479
0.0001027410284156,0.00010752543
0.0001269868904708,0.000106875144
0.0001318503121316,0.000109838395
0.0001330910018391,0.000113509326
0.0001356134558306,0.00011779839
0.0001369482968373,0.000125035
0.0001471244539278,0.00013162654
0.0001477810843672,0.0001357624
0.0001409050251624,0.00013912689
0.0001410870886204,0.00014064355
0.0001294370760899,0.00014160851
0.0001280377931737,0.00013971038
0.0001295797447454,0.00013571026
0.0001475161657272,0.0001320916
0.0001476623894171,0.00013368929
0.0001575099401435,0.00013543591
0.0001503304675183,0.00014140541
0.0001499444200035,0.00014590235
0.0001422773941346,0.00014973532
0.0001429353092807,0.00014845704
0.0001386602427226,0.00014725432
0.0001381678721069,0.00014343062
0.000135170091491,0.00014093576
0.0001110521163185,0.00013798433
9.712241475395629e-05,0.00013137748
9.74851811826428e-05,0.00012187932
9.335402468395737e-05,0.00011355768
9.17731600589024e-05,0.000104930135
8.510005158096019e-05,9.6998956e-05
7.32916773560885e-05,9.226907e-05
7.047466114254664e-05,8.785554e-05
7.699957653999871e-05,8.304736e-05
7.398504944310787e-05,8.021219e-05
7.55432195556078e-05,7.7219825e-05
7.338076692944112e-05,7.569124e-05
5.692075093445446e-05,7.570797e-05
5.715076698732776e-05,7.345324e-05
4.170798206159685e-05,7.0226204e-05
4.225852048109984e-05,6.52653e-05
4.2418945310032725e-05,6.0334816e-05
5.5999664036604813e-05,5.5885088e-05
5.765556703356902e-05,5.5789613e-05
5.322284891013236e-05,5.5899178e-05
5.38049959995967e-05,5.744556e-05
5.276162596648133e-05,5.9077996e-05
5.156147537817117e-05,6.052654e-05
5.318279893815545e-05,5.9883205e-05
6.651477742857503e-05,5.9246682e-05
7.044808981337493e-05,6.123754e-05
7.201642590367097e-05,6.375324e-05
6.382806506868626e-05,6.6708955e-05
7.973607863544086e-05,6.8552465e-05
7.707475180632378e-05,7.279467e-05
7.130133802676313e-05,7.453371e-05
7.11929954246328e-05,7.46626e-05
6.967241017763465e-05,7.454673e-05
6.873071099457746e-05,7.541201e-05
6.613051542036751e-05,7.359636e-05
7.336422240981323e-05,7.1828355e-05
8.689591510901064e-05,7.2173076e-05
8.624968968255231e-05,7.486684e-05
8.636216042780388e-05,7.771265e-05
7.28991724893247e-05,8.077414e-05
6.823673245358508e-05,8.179777e-05
7.053618230245974e-05,8.0790065e-05
7.294835260678158e-05,7.797659e-05
7.606329721254779e-05,7.5712545e-05
9.427565807199922e-05,7.4091586e-05
9.747835073975552e-05,7.786805e-05
9.104916798627206e-05,8.3049265e-05
8.58149704598089e-05,8.666068e-05
8.563198587440226e-05,8.883396e-05
8.752364206026224e-05,9.032812e-05
7.169779570385392e-05,8.908093e-05
7.368608213845524e-05,8.446204e-05
7.511001802447895e-05,8.142817e-05
8.977831123288582e-05,7.956923e-05
9.353772725327518e-05,8.036885e-05
9.345644417347458e-05,8.163982e-05
9.77760647873045e-05,8.551456e-05
9.366824177149566e-05,8.985049e-05
8.058462390116214e-05,9.307214e-05
0.0001159541974404,9.1254355e-05
0.0001168131951146,9.5659634e-05
0.0001165074351004,0.000100243364
0.0001165015429969,0.00010397855
0.00011609479037339999,0.000108418906
0.0001162224422559,0.00011484554
0.00011978862346559999,0.000114886585
0.0001033619415135,0.000115520066
0.00011570194394600001,0.000112794245
0.0001081300636948,0.00011266429
0.00011553015989569999,0.00011104921
0.00012644801785,0.000111005786
0.0001253619326451,0.0001126509
0.0001337858512178,0.000116921285
0.0001351100167598,0.00012069431
0.0001331809555656,0.00012603737
0.000125123800702,0.0001294711
0.0001253607443777,0.00012908001
0.0001255580196288,0.0001288531
0.0001241475575436,0.00012714857
0.0001203777273011,0.00012499382
0.00011960945470760001,0.0001224989
8.49804696130691e-05,0.00012133909
8.464894535128363e-05,0.000113068476
8.496963727049638e-05,0.000104935534
8.51384571188938e-05,9.744613e-05
8.32358811818484e-05,9.10099e-05
8.431201056223117e-05,8.476853e-05
7.787376160402116e-05,8.465498e-05
8.553388251510374e-05,8.341352e-05
7.483711877227122e-05,8.354581e-05
7.337516737632814e-05,8.1711776e-05
6.5619620858119e-05,7.9986086e-05
5.665885721451932e-05,7.684219e-05
6.66671934306707e-05,7.3282805e-05
7.012632197527533e-05,7.022409e-05
7.79859548120697e-05,6.9517286e-05
7.754859687616915e-05,7.032099e-05
7.71422018909165e-05,7.2291616e-05
7.389570471396963e-05,7.560866e-05
8.864104487635146e-05,7.678964e-05
9.143690597079412e-05,7.997452e-05
0.0001045904125934,8.240249e-05
0.0001057703683389,8.73962e-05
0.00010552142958560001,9.2712355e-05
0.0001187834589607,9.8478886e-05
0.000119464310875,0.00010432001
0.0001329348140435,0.00010966383
0.0001338207541031,0.000115418996
0.0001388819555977,0.00012102168
0.0001575094724849,0.00012764105
0.0001528618287897,0.0001356699
0.0001460599854965,0.00014247069
0.0001460444927893,0.000145082
0.0001453900709219,0.00014731496
0.0001421566775601,0.00014830858
0.0001315887440245,0.00014522843
0.0001212516239878,0.00014080598
0.00011727876264230002,0.00013550269
0.0001180199355681,0.00012953006
0.0001123001888707,0.00012404408
0.00011211293929499999,0.00011822189
9.736720151555745e-05,0.000114518116
9.078893900617196e-05,0.0001097519
7.978005546161796e-05,0.00010450296
8.056572848876895e-05,9.717848e-05
8.006040809903468e-05,9.12636e-05
7.013182947138524e-05,8.5609005e-05
7.61731811417853e-05,8.087061e-05
6.287052511987751e-05,7.8429744e-05
6.193613870614572e-05,7.5569e-05
5.267685268801317e-05,7.2497496e-05
4.7467433023220855e-05,6.8139176e-05
4.264622006639423e-05,6.465454e-05
4.31392196864628e-05,5.973471e-05
4.323027056701093e-05,5.690251e-05
4.397965442942118e-05,5.4313514e-05
4.832581711242961e-05,5.3140448e-05
4.834183847178424e-05,5.327433e-05
4.675290452074879e-05,5.4027834e-05
4.3371610393984064e-05,5.4496704e-05
4.294896605089285e-05,5.4515272e-05
4.77188570578486e-05,5.4383116e-05
4.827811451444373e-05,5.43205e-05
5.6157337121180775e-05,5.4303993e-05
5.919084630367123e-05,5.562882e-05
5.677911576313122e-05,5.785319e-05
5.4760815770966956e-05,5.9796796e-05
5.71754073172627e-05,6.0801834e-05
5.372083220953755e-05,6.208328e-05
4.8546028993190504e-05,6.1715444e-05
4.922450444360469e-05,6.0172344e-05
5.08273402211253e-05,5.909098e-05
5.097797776904009e-05,5.851655e-05
3.759068638211833e-05,5.7634963e-05
3.9423015075913417e-05,5.5397566e-05
6.850021806781707e-05,5.4191012e-05
6.882069129664557e-05,5.704868e-05
6.793789519531724e-05,5.9627757e-05
6.347016314598611e-05,6.208647e-05
0.0001050550572887,6.586922e-05
0.00010608379226929999,7.6662844e-05
0.00010546694100299999,8.339064e-05
0.000115951248645,8.997244e-05
0.0001112365129684,9.891987e-05
0.0001678830127436,0.00010752664
0.000163584565404,0.000120512326
0.000166052681543,0.0001323657
0.000166609143384,0.00014481407
0.0001726840606269,0.0001550894
0.0002123322481626,0.00016694996
0.0002346433249333,0.00017656235
0.0002515505268831,0.00019143934
0.0002779171580758,0.0002091394
0.0002874259315274,0.00023152225
0.0002887012278246,0.00025405615
0.0003437545101399,0.00026896253
0.0003464275380181,0.0002903056
0.0003182220300554,0.00030940276
0.0003529366209272,0.00031696903
0.0003536648869074,0.0003289499
0.0003851108331063999,0.00034123324
0.0003433813327303,0.00035007717
0.000349981360852,0.00034943895
0.0003471153685072,0.0003542465
0.0003375323898104,0.00035278508
0.0003491096386878,0.00034958095
0.0002959047214495,0.0003432566
0.0002987107261505,0.0003334033
0.0002925749420554,0.00032274975
0.0002991687574582,0.00031194524
0.0002933874981075,0.00030510803
0.000258213442601,0.0002951732
0.0002821077550241,0.00028735213
0.0002636975852006,0.00028387064
0.00023647329917250002,0.00027807395
0.0002612830146044,0.0002658115
0.0002652977760793,0.0002596452
0.00021282142418239998,0.00026117507
0.0002255493611124,0.0002475696
0.00022674148113590003,0.00023969186
0.00019216792387320003,0.0002373161
0.0001928894505553,0.00022369287
0.0001613511144857,0.00020960762
0.0001620156443385,0.00019832996
0.0001830116510147,0.00018546885
0.0001829583103983,0.00017741822
0.0001820872546411,0.0001760244
0.0001705561911968,0.00017452365
0.0001659804301735,0.00017605255
0.0001608904693673,0.00017628285
0.0001625158160215,0.00017158079
0.0001554066322691,0.00016746661
0.000165985662211,0.00016218408
0.0001591322768482,0.00016144096
0.00011246206191350001,0.00016013658
0.000116147900228,0.00014946834
0.0001246140574488,0.00013959307
9.460381596174534e-05,0.00013314259
8.99727833876898e-05,0.00011902394
8.805983476055062e-05,0.00010596231
7.045318002658267e-05,0.000101086145
6.947335303179373e-05,9.2477676e-05
7.946494146730833e-05,8.279606e-05
7.806235531793173e-05,8.020043e-05
7.808429543683414e-05,7.817869e-05
7.816178405343744e-05,7.6612545e-05
4.9509244330222e-05,7.791353e-05
4.920380496160857e-05,7.4602314e-05
6.064660249581778e-05,6.969857e-05
6.266689760556638e-05,6.694237e-05
6.37804959866471e-05,6.452415e-05
6.22893384317431e-05,6.2423685e-05
6.379764144155115e-05,6.430625e-05
6.71927507858522e-05,6.6484594e-05
8.463598890743246e-05,6.751101e-05
8.65888092803635e-05,7.111612e-05
8.700109673866565e-05,7.4932526e-05
9.01937092915942e-05,7.912493e-05
0.00010952438582440001,8.3713276e-05
0.0001114112650569,9.136515e-05
0.00011065864047019998,9.647118e-05
0.00010994837765999999,0.0001010647
0.0001104547656909,0.00010534578
0.0001092741003115,0.00010899156
0.00010184523857109998,0.00010890901
0.000129835339098,0.00010698891
0.0001316055208494,0.00011101353
0.0001325234200508,0.00011546798
0.0001326090532502,0.00011996514
0.0001329547639827,0.00012461665
0.0001211036040696,0.0001304956
0.00011849106573710001,0.00012856838
0.0001182267852463,0.00012577095
0.0001222571080674,0.0001228226
0.00012191253374519998,0.00012082484
0.0001225164688814,0.00011885491
9.41940427198269e-05,0.00011918619
9.597921827569671e-05,0.000114119226
9.712701654743005e-05,0.00010954083
9.15045488095356e-05,0.00010462074
6.791710347796024e-05,9.888605e-05
6.083138382453534e-05,8.898174e-05
7.388261147491399e-05,8.298808e-05
7.648481104763062e-05,7.911251e-05
7.763285612263399e-05,7.565946e-05
8.39876046758792e-05,7.350487e-05
8.289353490806829e-05,7.624305e-05
0.0001219962611419,7.9929785e-05
0.00012177794859439998,8.896699e-05
0.0001223019714133,9.7555465e-05
0.0001252530395249,0.00010606427
0.0001307524883421,0.00011397143
0.0001312981585306,0.00012298724
0.0001416551067023,0.00012492147
0.0001490900334343,0.00012905222
0.0001490140499858,0.0001346029
