NDX_SET_True_test,NDX_SET_22_pred
7.326121700163391e-05,8.399677e-05
7.481194055834604e-05,8.521816e-05
6.573307509337931e-05,7.858637e-05
7.835077202950426e-05,7.7018056e-05
8.009966804672885e-05,8.9976376e-05
8.097786079082789e-05,8.535037e-05
7.012013242983192e-05,8.4018706e-05
7.895137419007348e-05,7.926867e-05
8.48063957119681e-05,9.002744e-05
8.66141041302931e-05,8.689135e-05
9.21328510426102e-05,8.300404e-05
9.20075688109207e-05,8.442176e-05
9.830978848977279e-05,8.180431e-05
9.636771162574669e-05,8.381387e-05
9.641576903140222e-05,8.349432e-05
0.0001001325781076,8.168132e-05
0.0001036896628707,8.684758e-05
0.00010167062543909999,8.717501e-05
0.0001017112527513,9.072476e-05
9.590140522801137e-05,8.790457e-05
9.325272073591888e-05,8.5910724e-05
9.503744018648433e-05,8.315544e-05
9.254452457159932e-05,8.210411e-05
9.003492823901247e-05,8.37549e-05
8.708429978682104e-05,7.998156e-05
7.608304481397559e-05,7.63377e-05
7.056004334718594e-05,7.250237e-05
6.0885587602594e-05,6.768122e-05
6.137808261304922e-05,6.227396e-05
5.209193027161504e-05,5.8845162e-05
4.5487952605402465e-05,5.449222e-05
4.426856261817051e-05,5.0671835e-05
3.5941418920602994e-05,4.811064e-05
3.6305335004405576e-05,4.5126315e-05
2.944321163578996e-05,4.304735e-05
2.9989172706273392e-05,4.1052503e-05
2.9730851940366477e-05,3.987157e-05
2.597293847557011e-05,3.876429e-05
2.5714540998682516e-05,3.7685983e-05
2.322579613665924e-05,3.8160113e-05
2.3212961011381527e-05,3.7522863e-05
2.4433612551109802e-05,3.658086e-05
2.2506955203069885e-05,3.7545942e-05
2.0700406636493315e-05,3.6551097e-05
1.834086700116318e-05,3.6161255e-05
2.522172606539885e-05,3.659394e-05
2.7578582692093645e-05,4.16396e-05
2.6789827826021966e-05,4.337482e-05
2.6479247030479526e-05,4.103162e-05
3.037102469621842e-05,3.9262603e-05
3.0643349752405644e-05,3.9479444e-05
3.076270423319142e-05,4.015415e-05
3.182114800308272e-05,3.938967e-05
3.274129220379834e-05,3.8708138e-05
3.280754608627759e-05,3.851768e-05
3.535713635737922e-05,3.7994083e-05
3.52280109562539e-05,3.852674e-05
3.4236416436322995e-05,3.820353e-05
3.553060890017051e-05,3.7969385e-05
3.5720247201583426e-05,3.811656e-05
3.2406094312997016e-05,3.8056183e-05
3.1696709021147325e-05,3.76804e-05
3.342471266418739e-05,3.7435057e-05
2.950242131550016e-05,3.795923e-05
3.296246197742202e-05,3.7575952e-05
3.18067566507414e-05,3.915133e-05
3.777275646820142e-05,3.8381782e-05
3.656069848914059e-05,4.1349318e-05
3.439922921978188e-05,4.5153327e-05
3.400933375278173e-05,4.2904816e-05
3.478813700233215e-05,4.111071e-05
3.1967490105592795e-05,4.0349e-05
3.2301726249074965e-05,3.984625e-05
3.4923392368252354e-05,3.9672464e-05
3.6293512700165146e-05,4.0339575e-05
3.4765820648816714e-05,4.111413e-05
3.66442956590386e-05,3.99535e-05
3.395501668376556e-05,4.0117935e-05
3.455843776005619e-05,3.9275947e-05
3.454892782894146e-05,3.895656e-05
3.323936310693103e-05,3.8527214e-05
3.805606371278724e-05,3.8082413e-05
6.0544704196989805e-05,4.0892908e-05
6.851364781581735e-05,6.596513e-05
6.670976574372005e-05,6.597061e-05
6.64825366859823e-05,5.989537e-05
7.677788377242308e-05,5.66947e-05
8.424703152783466e-05,7.308249e-05
9.472284714449059e-05,7.434226e-05
8.879284242511303e-05,8.578707e-05
8.968461994155991e-05,7.994727e-05
9.180394192243698e-05,7.7520206e-05
9.48809760275484e-05,7.8533776e-05
9.377053058748345e-05,7.943064e-05
9.438137418957125e-05,7.7330704e-05
9.249254718197677e-05,7.757131e-05
9.000127226862649e-05,7.65145e-05
8.98981958460006e-05,7.428046e-05
8.97695714484953e-05,7.28891e-05
9.565200067010416e-05,7.26452e-05
0.0001138393526129,7.829526e-05
0.0001832673265389,0.000104331695
0.0002125973745843,0.0002614968
0.00020900032504699996,0.0003270923
0.0002904317774949,0.0002558752
0.0002840631414234,0.00054853474
0.0003938112106941,0.00040733477
0.00043366981004520005,0.00049570977
0.0004950780065355,0.00058013963
0.0005262797948849,0.000591629
0.0005146323432556,0.0006612096
0.000696373371989,0.00061328174
0.0008452708316071998,0.0012073669
0.0009063409379312001,0.0011318203
0.0012311893501505,0.0012638445
0.0017215057743164997,0.0023678404
0.0023283449207324,0.0025150022
0.0025761466223709,0.0030373917
0.0026103988581385,0.0030373917
0.0026466621183618,0.0030373917
0.0026761721399147,0.0026362778
0.0026820624886535,0.0026376317
0.002994108514471,0.0023117696
0.0029249055229181,0.0024852257
0.0030633581182656997,0.00234554
0.0031106705605973,0.0024079776
0.0030865668403888,0.0025103616
0.0030864317045224,0.00244622
0.0030324497261187,0.0023782223
0.0030211342979927,0.0024950989
0.0029477843096284,0.0023759704
0.0031590138837205,0.0023141971
0.0031521798666505,0.0024812699
0.0029896337878913,0.0023970504
0.00283957717873,0.0023178046
0.0027800844343662,0.002215106
0.0025041007237662,0.0021325315
0.002023548671001,0.002083949
0.0014183454969135,0.0018995669
0.0011697077312917,0.0016488017
0.0011554237900737,0.0014091139
0.0012079109629793,0.0012390015
0.0011964879956023,0.0012154707
0.0011912594938273,0.0011106031
0.0008647164314837,0.0010093501
0.0008646234853218,0.00088508363
0.0007199761322969,0.0007886839
0.0007040421664604,0.0007289428
0.0006249577262851,0.0006866323
0.0006850502958455,0.0006047943
0.0006307432255045,0.00064435357
0.0006026686044162,0.0005814523
0.0006010294130659,0.00053266017
0.0003536503823055,0.0004994348
0.0003556407236547,0.000432475
0.0003368141768659,0.00038342393
0.0003647081770726,0.0003405422
0.0003720659730858,0.00035144566
0.0003224954220215,0.00034720573
0.0003130086154582,0.0003145025
0.0003216645339272,0.00028783013
0.0003232222659415,0.00028154452
0.0003149875040431,0.0002713831
0.0002381406079015,0.00027048695
0.0002182340359434,0.00025888302
0.0002132840405109,0.00023000492
0.00020916835783530002,0.0002113861
0.00021042402875359997,0.00019401395
0.00019206563717870002,0.00018487207
0.0001592919031249,0.00017690138
0.0001589317104068,0.00015898998
9.720587774869812e-05,0.0001467354
0.00010193867827980001,0.00012499622
0.0001124833889706,0.00011596229
0.0001128309927264,0.00011535334
0.0001105290631264,0.00010500906
0.0001117791613689,9.7010445e-05
0.0002381006371246,9.507431e-05
0.0002112616547567,0.00033786806
0.000202574350943,0.0002726811
0.0002075547048207,0.00024092398
0.0002070133449023,0.00023398557
0.00019462083003290003,0.00021005032
0.00019364466082610004,0.00019150609
0.000185669690298,0.00017931848
0.0001742466843494,0.00017603644
0.0001988220511047,0.00016622941
0.00019894520639380001,0.00020030301
0.0002324159579593,0.00019121151
0.00023447062561359998,0.0002483341
0.00024234027183929997,0.00023401555
0.0002458093984692,0.00024198995
0.0002458348674332,0.00023460777
0.0002658913340381,0.00022305684
0.0002658211575792,0.00025191557
0.0002589409391388,0.00024776993
0.0002593139629189,0.0002442318
0.0002596808203035,0.0002353333
0.0002826972182457,0.00022843806
0.0001564681264038,0.00026840923
0.0001558188072406,0.0002288659
0.0001583425675103,0.0001948569
0.0001502539559995,0.00017976566
0.0001768670920478,0.00015808614
0.0001864323196676,0.00018596968
0.000185818516501,0.00018705161
0.0002203695004037,0.00017267467
0.00022462735096009996,0.00022989268
0.0002104502846605,0.00022730205
0.0002191166113215,0.00022606092
0.0001888577071253,0.00023277065
0.0001855075822757,0.00021617294
0.0001822535035674,0.0001960131
0.00018348441036,0.00019528136
0.0001830988929222,0.00018945533
0.000163050397942,0.00017562101
0.0001610639782127,0.00016049731
0.000164885777077,0.00015655346
0.0001657646009535,0.0001613019
0.0001818896866849,0.00015569157
0.0001801064545559,0.00018195878
0.0001796248014456,0.00020207227
0.0001795247709377,0.00018221041
0.0001773203658938,0.00017028853
0.0001792391266811,0.00016688392
0.0001559497135996,0.00016346057
0.0001521589274955,0.00015860138
0.0001528852424246,0.00015490557
0.00011473005904760001,0.00014547711
0.0001102032242001,0.00012944706
0.00011129592185100002,0.000117934454
0.00010477030375299998,0.00012503222
0.00010133650744059999,0.00011386294
0.000101935335781,0.00010293559
9.663334512821456e-05,9.762918e-05
9.2983529787357e-05,9.806945e-05
0.0002373785418859,9.289234e-05
0.0002472524816352,0.00031763595
0.0003479227884529,0.00029865903
0.0003757750000657,0.00052508403
0.00039544417896199995,0.0005246225
0.0003808205827383,0.0005163411
0.0003686917601882,0.0004483443
0.0003765353398616,0.0004234307
0.0003895253057483,0.00040049473
0.00039540318032899995,0.0004058434
0.0003991051672385,0.00040400884
0.000397052984581,0.0003972138
0.0004090359684828,0.00036889533
0.00044689412159449997,0.0003765464
0.00045022600526749995,0.0004517087
0.00047904226915909995,0.0004186232
0.0004882049347749999,0.0004394367
0.0004841967759464,0.00044542237
0.0004893020977366,0.00042565892
0.000500788647504,0.00041587697
0.0005243732654034,0.00042019485
0.000553300129671,0.0004767131
0.00042235772282800003,0.0004936565
0.00042899232467569996,0.00048093047
0.0003243971963104,0.00045918173
0.000296991828307,0.0003966024
0.0003081215226018,0.00036161774
0.0003068210350932,0.00037619175
0.0002997848538965,0.00033073788
0.0002956696917537,0.00030830957
0.0002840195678977,0.00028987485
0.0002946017098908,0.00026937964
0.0002889287766829,0.00028332623
0.0002883028117309,0.00026366187
0.0002707445961224,0.00025115933
0.0002321957437359,0.00023740044
0.0002445735930087,0.00021923381
0.0002171689883744,0.00022906809
0.0002664663744262,0.0002149301
0.0002817479068821,0.00029889488
0.0003052883134801,0.00029941413
0.0002941665550291,0.0003442762
0.0002801801142731,0.00031025792
0.0003305893847562,0.00030621537
0.0003394835890818,0.00039052303
0.0003230290357951,0.00040071254
0.000346656365907,0.00035990725
0.000351500854216,0.00038279765
0.0003442121141609,0.0003899929
0.0003443154591676,0.00039214446
0.0003430207922121,0.00036580156
0.000340857786639,0.000345097
0.0003396084235867,0.0003264364
0.0003228770578565,0.00031194167
0.0003247226313223,0.00030246293
0.0003266450231424,0.00029292525
0.000326486803803,0.00028930398
0.0003341494964278,0.00027911284
0.0003188379913574,0.00028555983
0.0003187160825797,0.00027787982
0.0002493376051982,0.00027460113
0.0002393868851357,0.00025172124
0.0002120304865003,0.00024462375
0.0002118640779537,0.0002221207
0.0001981751945361,0.00020505372
0.00011793679431190002,0.00019100899
9.562765712572524e-05,0.00016397951
0.00011899386767120002,0.00013852699
9.51791047129619e-05,0.00015880931
8.288750877200062e-05,0.00013368826
5.8674144090004645e-05,0.00011514518
6.0495502664591784e-05,9.904767e-05
5.681043214012585e-05,9.069872e-05
5.5930856640669887e-05,8.051902e-05
5.607060018744702e-05,7.369333e-05
5.525169465055834e-05,6.7418834e-05
5.339398406553253e-05,6.489563e-05
5.360451509880328e-05,6.0218106e-05
5.3675679857688975e-05,6.0624705e-05
4.835496242243074e-05,5.81905e-05
4.801328410278187e-05,5.9817758e-05
4.6460567882332195e-05,5.5745862e-05
4.594231627027574e-05,5.2749805e-05
5.2174147106509664e-05,5.0991213e-05
5.3233904317578974e-05,6.772958e-05
6.207492101423588e-05,6.618813e-05
8.669638815121772e-05,8.11562e-05
9.186405914090309e-05,0.000111243404
0.0001042457738278,0.00010918727
8.115021157759299e-05,0.00012848216
8.194043500053161e-05,0.000108112006
8.349491726124138e-05,9.914197e-05
8.578380283401838e-05,9.677807e-05
9.130527325731766e-05,9.741926e-05
0.0001102054733779,0.00010398983
0.0001110791066393,0.00012790144
0.0001115609516553,0.00012126052
0.00011112346677769999,0.00011540707
0.0001113238022292,0.00011405233
0.0001494553108107,0.00010777641
0.0001504925128863,0.00017299794
0.0001690156550895,0.00016101058
0.0001935008081359,0.00019880537
0.0002014940596279,0.00022371349
0.0002029583093023,0.0002214177
0.00019480539911730002,0.00020946424
0.0001924538181795,0.00020583456
0.0001831000630497,0.00019474716
0.00015892384527,0.00018812151
0.0001543043543483,0.00017471983
0.0001422630364372,0.0001651249
0.0001421519429824,0.00015517317
0.0001425486873034,0.00014704841
0.0001428751663101,0.00014076219
0.0001420117102821,0.00013799686
0.0001354468919455,0.00013491514
0.0001477944646567,0.00013064165
0.00014633289579,0.00016001737
0.0001483192049863,0.00015137004
0.0001992877369652,0.00014783759
0.0002022086472896,0.00020669558
0.00019675438726710003,0.00020012821
0.00020788885282870003,0.00021781874
0.00022365267767189998,0.00022753084
0.00020873631744689999,0.0002614693
0.00021700222600989997,0.00026140947
0.000245482530201,0.00025177945
0.0003226921766622,0.0002800421
0.0003226911328207,0.00033219397
0.0003518465928051,0.00031655957
0.0003532250579577,0.00033106198
0.0003602399448066,0.00033386587
0.0003622608651836,0.00033202916
0.0003635894161497,0.00033537188
0.0003991071894768001,0.00033251895
0.00039971878682220003,0.0003642108
0.0004132687723734,0.0003618472
0.00041204714066990007,0.0003673021
0.0003912699108824,0.00036578072
0.0003911704867274999,0.00036952618
0.0004004475277897,0.00035929494
0.0003479732776633,0.0003600515
0.0003461185378086,0.00034254076
0.0003217928402152,0.00033165666
0.0003227871250391,0.00031895857
0.0002989302772656,0.00031383813
0.0002904479286406,0.00030333086
0.0002740203521691,0.0002884098
0.0002452803173655,0.00027244008
0.000164911658869,0.00025735053
0.0001662857699118,0.00022786266
0.0001403159434267,0.00020460848
0.000150254866223,0.00018527175
0.0001498970799492,0.0001783722
0.0001476411401436,0.00017105749
0.000152605508932,0.00015747863
0.00012096218668820001,0.00015602435
0.0001186949149189,0.00014595821
0.000112554701745,0.00013765981
0.0001164240705051,0.00013560429
0.000105702484078,0.0001320527
0.00010915987906180001,0.00012283881
9.917105472013698e-05,0.00011811936
9.917304462579684e-05,0.000112372574
0.00010353672074009999,0.00010828889
9.449613288357172e-05,0.00010809809
9.829278902035033e-05,0.00010432346
8.582164899047248e-05,0.000114978364
8.744911785617315e-05,0.00010591342
8.993261072990978e-05,0.00010180591
0.00011775074744870001,9.934015e-05
0.0001174749489594,0.0001264371
0.0001417642544488,0.00011935219
0.0001438601535947,0.00014865033
0.0001557338346475,0.00014550744
0.0001488769955484,0.00015886246
0.0001496123641259,0.00015587012
0.0001437449100195,0.00015521841
0.0001572284297814,0.00014859134
0.0001567522050669,0.00015949567
0.0001606106741615,0.00015874305
0.0001564355237008,0.00016507598
0.0001571323870176,0.00015910032
0.0001539124852585,0.0001560271
0.0001518266930799,0.00015407
0.0001517966416735,0.00015010047
0.0001463653784205,0.00014805148
0.0001486621694212,0.00014362301
0.0001445823307357,0.00014691488
0.0001443228183694,0.00015207563
0.0001413982295768,0.00014583759
0.0001389047753264,0.00013937088
0.0001130881347486,0.000133862
0.0001130509266152,0.00012794779
8.873582646118381e-05,0.00011959035
8.76293388408763e-05,0.00011063749
6.528991982201453e-05,0.00010537638
6.926308157111731e-05,9.444888e-05
7.374409433875539e-05,9.019966e-05
7.357179956268173e-05,8.809785e-05
5.711707169905873e-05,8.268837e-05
5.654371829021024e-05,7.736662e-05
4.352157544408894e-05,7.0565184e-05
4.393558405087299e-05,6.548416e-05
4.744704757249148e-05,6.0971382e-05
4.721468381710515e-05,6.186641e-05
4.75946727223675e-05,5.851204e-05
4.7815677488333394e-05,5.6514247e-05
5.056763931097104e-05,5.4238095e-05
4.616391509315215e-05,5.6226207e-05
3.329386186451875e-05,5.4447777e-05
3.682758619083981e-05,5.121561e-05
3.748774966199964e-05,5.193055e-05
3.748836999602785e-05,5.092523e-05
3.466704350159962e-05,4.9010774e-05
3.470751833473267e-05,4.760088e-05
3.7214642225300236e-05,4.5754598e-05
3.696016607180523e-05,4.7724632e-05
4.101882182379034e-05,4.9965463e-05
4.14185967340193e-05,5.3502634e-05
3.729522039925994e-05,5.511668e-05
3.756208197406246e-05,5.3341708e-05
3.89730794800855e-05,5.1676816e-05
3.8804958312277274e-05,5.2685926e-05
4.581912482849391e-05,4.9455954e-05
4.538456442014574e-05,5.534227e-05
4.102018998418878e-05,5.2825075e-05
4.329838234016525e-05,5.0008803e-05
4.26071506165674e-05,5.1045987e-05
4.343512523953967e-05,4.863046e-05
4.0477000115865676e-05,4.832363e-05
4.175053746126849e-05,4.6282497e-05
4.3089706787678074e-05,4.604111e-05
3.947989979434492e-05,4.642618e-05
4.043483554091233e-05,4.4058892e-05
4.0648686709086596e-05,4.431472e-05
4.0739576901471944e-05,4.3588865e-05
4.0955558861470166e-05,4.3184376e-05
3.712121650700306e-05,4.195511e-05
3.747098776906854e-05,4.0536586e-05
3.728036560885882e-05,4.2181528e-05
3.321637627702162e-05,4.3860884e-05
3.63387055992419e-05,4.2385484e-05
4.371997235383441e-05,4.2731757e-05
4.040408810125163e-05,4.45295e-05
4.027307379414169e-05,4.334617e-05
3.4654887188334974e-05,4.25319e-05
3.800866258176192e-05,4.289207e-05
4.205275262506053e-05,4.276277e-05
4.026486040278994e-05,4.3271048e-05
4.021862992671622e-05,4.2984884e-05
3.928962645780041e-05,4.229154e-05
3.9375719415239066e-05,4.186807e-05
3.8102033825321994e-05,4.1041276e-05
3.778189627199788e-05,4.0460814e-05
3.8960979308621446e-05,4.0462066e-05
4.095835019987757e-05,4.0838808e-05
4.086297143596616e-05,4.27853e-05
4.1144548175211994e-05,4.220521e-05
4.2927984582211724e-05,4.2508873e-05
4.290475825930598e-05,4.227879e-05
4.570330261040533e-05,4.1750387e-05
6.18332547314996e-05,4.5857927e-05
6.094960482086823e-05,6.325977e-05
6.076426892214251e-05,6.0463877e-05
5.6468580299225206e-05,5.9441933e-05
5.6290232055281015e-05,5.7841786e-05
5.8978067968424424e-05,5.5437846e-05
9.110277422288912e-05,5.8234196e-05
8.760241785779319e-05,9.631991e-05
8.366010195948042e-05,9.172867e-05
8.70989591728348e-05,9.016339e-05
0.0001025024963277,8.666318e-05
0.0001149175404776,0.00011298643
0.0001184576032377,0.00011329117
0.0001240644330172,0.00011139235
0.0001232617721456,0.000111802176
0.0001230830720919,0.00011428589
0.00011953176321340001,0.00011765803
0.0001236271324889,0.00011563483
0.0001403066362707,0.0001135439
0.0001406853305012,0.0001201845
0.0001459318266828,0.00012031117
0.0001406418017497,0.00012222269
0.0001196428450841,0.000121314115
0.0001208265231946,0.00011561226
0.00012053282111829999,0.00011094274
0.00012100605759109999,0.00011146922
0.00012119400493380001,0.00010852861
0.0001185872242886,0.00010527488
8.757176790280877e-05,0.00010186888
8.761551828643911e-05,9.414007e-05
8.750752624379229e-05,8.646257e-05
8.359720742816683e-05,8.141677e-05
6.969155680753212e-05,7.6098804e-05
5.9646156097719655e-05,7.078197e-05
5.668816433807481e-05,6.567122e-05
5.251670638069449e-05,6.0064292e-05
5.79076483437254e-05,5.578028e-05
7.216375385149603e-05,5.554159e-05
7.216054800942414e-05,6.394387e-05
6.969429298784801e-05,6.178074e-05
5.292082672277058e-05,6.114744e-05
5.123807434931356e-05,5.7437024e-05
4.639670393866715e-05,5.4374796e-05
4.685005588133372e-05,5.14821e-05
4.6753096985589445e-05,5.005481e-05
5.473209524986076e-05,4.817218e-05
5.3246345956994434e-05,5.300048e-05
4.902333714162774e-05,5.3274143e-05
7.174956981806795e-05,5.09112e-05
9.128296577679252e-05,6.790196e-05
0.000101487882256,7.7420875e-05
0.0001133522294808,9.519329e-05
0.00011548422063879999,0.000113557435
0.0001283450791299,0.00011009373
0.0001308188300448,0.00013196531
0.00016880317218,0.00012818928
0.0001688931650471,0.00015104534
0.0001770422139401,0.00015006331
0.0001767265397618,0.00016980193
0.0001726199586369,0.00016692697
0.000177239505056,0.00018111526
0.0001995774359424,0.00018604916
0.0002285449865843,0.00019252267
0.0002280804162736,0.00023961923
0.00023145475175849998,0.00023258437
0.0002551799651807,0.0002387648
0.0002628344122233,0.00024339906
0.0002566183107958,0.0002411849
0.0002645111991661,0.00023579558
0.0002656181615768,0.00023689066
0.0002427250388842,0.00023709692
0.0002237822090531,0.00022779046
0.0002126643012325,0.00021825059
0.00020466939378860002,0.0002103962
0.0002119106124194,0.00019908066
0.0002451967366432,0.00020270678
0.0002412263034016,0.00024862878
0.0002043214886851,0.00023670075
0.00020415954564229996,0.0002314241
0.0002054546399676,0.00021395646
0.0002011925348015,0.00020447624
0.0002170832393396,0.00019346188
0.0002155601419952,0.00022196474
0.000215302114381,0.00021108729
0.0001887997397824,0.00024043517
0.00019365927822949998,0.00023327225
0.0002166548676074,0.00023385558
0.00019424827545010004,0.00027450616
0.0002029065058727,0.00024482305
0.0002028788639002,0.0002748478
0.0001934584584943,0.00024819796
0.0002569415258353,0.00024353222
0.0003187132925124,0.00025679014
0.0003226439604244,0.0002860867
0.0003261852690017,0.00028278344
0.00038521811834170004,0.00028197694
0.0003903997291041,0.0003928632
0.0003452821329339,0.0003821834
0.0003555441211165,0.00037245607
0.0003746780936161,0.0003586217
0.0003938994089545,0.00035746093
0.00041469251606460005,0.00038486774
0.0004151553703638,0.00043363476
0.0004213135970019,0.00041326138
0.00041831585088149997,0.00041081794
0.0004271469745171,0.00039657488
0.00042706649533729997,0.00043350382
0.00042407369123930003,0.0004305857
0.0004220888916754,0.00042241308
0.00047563455417120004,0.0004470651
0.0004694908668685,0.00046384017
0.00046701591794139996,0.00044897062
0.0004783997749668,0.00043270556
0.0004276481499075,0.00044310102
0.0003722905484419,0.00042677828
0.0003726404141591,0.0004123027
0.0004143678350992,0.00039965758
0.0003513884427925,0.00045439982
0.00040312936490280004,0.00042188185
0.0004049113903978,0.00042651696
0.00040750461562909994,0.00041951364
0.0003922387668583,0.0004315454
0.0004284558933183,0.0004366772
0.000460051111655,0.00043966656
0.0004649846494431,0.0004580242
0.00045329787560549996,0.00044791415
0.0004533901490735,0.00044177086
0.00043488676573720004,0.0004297198
0.0004428609335372999,0.00041980675
0.00045701183722580003,0.00042121878
0.0004332546597303,0.00041985445
0.0003828538493509,0.00040293153
0.0003806756269972,0.00038291063
0.0003886835248024,0.00036796345
0.00039149132880050006,0.0003609926
0.0003775827912791,0.00036309316
0.0003832962832163,0.00034664042
0.00040843821358280005,0.00034280066
0.00039110136301119997,0.00036341156
0.00039125906218519994,0.0003782785
0.0003367021989669,0.00036397262
0.0003625541378881,0.00035534956
0.0003511790193386,0.00037220604
0.0003549744434985,0.0003557938
0.0003262250630183,0.0003462293
0.0002630479185488,0.00035647562
0.0002765541941882,0.00032162014
0.0002635232256773,0.00030535832
0.000277908391576,0.0002986682
0.0002870566954152,0.00030780974
0.0002877452229774,0.00033478343
0.0003230530965916,0.00031547365
0.0003232702558493,0.00039065987
0.00038573989481619994,0.00036564685
0.0004431085141343,0.00038617832
0.0004597463696383,0.0005092798
0.0004467605488981,0.0004937817
0.0005114840698128,0.00046945922
0.0005890382455133,0.00049373094
0.0005601975932145,0.00065060187
0.0005787433032509,0.00063983275
0.0005973194303202,0.0007186534
0.0006095014597405,0.0006838493
0.000582108813283,0.00071895146
0.0006596426188632,0.0006795729
0.0006494180654349,0.00068355567
0.0006641685278145,0.00067662174
0.0007558797326837,0.0006659724
0.0007364530699794,0.00079631805
0.0007287900127816,0.0007665476
0.0007373843168504,0.0007425817
0.000726409208728,0.00072249264
0.0007334886919741,0.00073379505
0.0007231226917411,0.0007133613
0.0007730835246622,0.0007009825
0.0007035212142262,0.0007076323
0.0006397924440426,0.00068079587
0.0006496205886365,0.00064641255
0.0006763792946609,0.00063255173
0.0006141116026349,0.0006478616
0.0005283405154689,0.0006130579
0.0005295377848106,0.0005658458
0.0005165168232417,0.00053264195
0.0005513619151448,0.000537423
0.0006172591389106,0.00057096215
0.0006169039218796,0.00065298233
0.0005726165701978,0.0006275725
0.000632746696507,0.00060825626
0.0006043397207166,0.00066825264
0.0005434880026276,0.0006409374
0.0005428590582544,0.0006144688
0.0005524963763295,0.0005866427
0.0005819020653208,0.0005670605
0.0005732607256937,0.00056976103
0.0005957542942718,0.00056123524
0.0005552764891372,0.0005908362
0.0005076728385074,0.0005694783
0.0005132356181048,0.0005522398
0.0005286845714638,0.00052610674
0.0004982644185533,0.0005147017
0.0004935189542668,0.00049105345
0.0004914972268646,0.00047763082
0.000503900259767,0.00045583514
0.0005033816049201,0.00046742233
0.00046760487348120007,0.00046026794
0.0004146278225281,0.00043873055
0.0003355966560593,0.00040878903
0.0003402712384928,0.00037786344
0.0003420304055783,0.00035444467
0.0002856813539456,0.00035410927
0.0002758835467561,0.00032850928
0.0002650780889578,0.00030570372
0.0002684029098531,0.00029630805
0.0002785108923631,0.00028178727
0.0002981224415005,0.0002845213
0.0002964056347782,0.0003047046
0.0002628461744649,0.00029898685
0.0002633553327783,0.00028980136
0.0002628334273658,0.0002768834
0.0002768946005495,0.00026752043
0.0002596811318037,0.00027472808
0.0002625064809894,0.00026501657
0.00024093851739900003,0.0002614104
0.0002503645512545,0.0002499955
0.0002571717936466,0.00024864517
0.0002618927623063,0.00025490046
0.0002705053989012,0.0002529622
0.0002699212440929,0.00025592995
0.0002621974812415,0.00025277172
0.0002710639026985,0.00024759167
0.0002347297529189,0.0002511682
0.0002529079183223,0.00023903813
0.0002845394799592,0.00024781682
0.0002646619685912,0.00027222306
0.0002613536696154,0.00026499605
0.0002490857239505,0.0002581697
0.0002564108408529,0.00025320612
0.0002579528131774,0.0002889712
0.0002540486990701,0.00028548052
0.0002532762464404,0.00028264886
0.0002504649639277,0.00027675368
0.0002356731602787,0.0002683259
0.00023590456471140003,0.0002658568
0.0002543682950694,0.00025936868
0.0002547607968663,0.00025982838
0.0002688091287402,0.00025588388
0.0002547678502592,0.00025984098
0.0003733964932267,0.00025625512
0.0003729372404128,0.00032970312
0.0003784284257871,0.00034239836
0.0003753914572924,0.00036000457
0.000368771155658,0.0003656615
0.0003689271946375,0.00036605302
0.0003527908686071,0.00036844166
0.0003192931059113,0.0003701857
0.0003243117008966,0.0003603883
0.0003243569502258,0.00035645306
0.0003193794221665,0.00034698928
0.0002653528612122,0.00033631286
0.0002879530962901,0.00032202678
0.0002907717018501,0.00032650723
0.0003242032439649,0.00032479892
0.0003751555644475,0.00032724073
0.0003703865741286,0.00034546838
0.0003714996124944,0.0003496765
0.00040087366146560006,0.0003548779
0.000398991137835,0.00038670193
0.0003764445118404,0.00039314086
0.0003695549665664,0.00039367913
0.0002766125438722,0.00038645358
0.0002984389402183,0.00036278993
0.0003567957571482,0.00036266592
0.0003617735485169,0.00036855176
0.0003539316940144,0.0003667667
0.0003537903203393,0.0003638182
0.000375022495477,0.00036140636
0.0003783835003898,0.0003657516
0.0003900942223613,0.00036707954
0.0004151280704463,0.00037193802
0.0004275993170211,0.00038654802
0.0004456926972383,0.00039908345
0.0004275299684232,0.0004111058
0.00042692698330729995,0.00041479702
0.0004429480655692,0.00041625084
0.00040384868973959996,0.00043175102
0.0004190902594329,0.0004290271
0.0004254181931118,0.00042469968
0.0003727241907145,0.00042156648
0.0003966343783065,0.0004066923
0.0006109949539376,0.0004076407
0.0006174882061368,0.00046022376
0.0005922969887949,0.00049002824
0.0005665634001019,0.0005087067
0.0005160551381572,0.00051468087
0.0005117807537452,0.00051071454
0.000511997902898,0.0005024242
0.0005191355960821,0.00049518986
0.0004987839694769,0.0004929263
0.0004964120321302,0.00048442875
0.00048186646711420003,0.0004765359
0.000467181413249,0.00046788377
0.000454711011521,0.00046087432
0.0004947108569383,0.0004510432
0.0004868606748187,0.0004550356
0.0004828218861402,0.00045269707
0.0004528664280658,0.00044995084
0.0004665578580596,0.00044611434
0.000453569310169,0.00044730518
0.00044989593689060005,0.0004417852
0.0004506249188508,0.00043572224
0.0004290568563961,0.00043229994
0.00021784552210780004,0.0004237671
0.0002117407990506,0.0003750471
0.0002537345165784,0.00033778723
0.0002514006357026,0.000327482
0.0002443727850136,0.00031301103
0.0002437208448507,0.00030214468
0.0002557188588113,0.00029032826
0.0002720411599952,0.00028438595
0.0002656952079393,0.000292789
0.0002680999373021,0.00029012043
0.0002692908406283,0.00029336306
0.0002937356107963,0.00029602952
0.0002904835538178,0.00030176318
0.000207115272035,0.00030329856
0.00021091030728270002,0.00028703
0.0002143744898741,0.0002736785
0.00023649625366740004,0.000268871
0.0002135242941649,0.00026937667
0.0002156520645177,0.00026137
0.0002268624604307,0.00025567602
0.0002249682238497,0.00025427432
0.0002243254874667,0.0002513643
0.0002200770995264,0.0002483325
0.00022344220081150002,0.0002440942
0.0001787529032698,0.0002448521
0.000209304095134,0.00023470027
0.0002184672149075,0.00023626808
0.0002196440352286,0.0002378588
0.00020853959889429997,0.0002378547
0.00019585013622820002,0.00023285621
0.0001954839698004,0.00023041895
0.0002196223012228,0.00021798821
0.00022061875516960004,0.00022560782
0.0001971620055982,0.0002288709
0.000232282600584,0.0002321022
0.0002598747967372,0.00024275937
0.0002658415378534,0.00025664095
0.0002682757429014,0.0002662577
0.0002525397931405,0.00027241174
0.0002587417551965,0.0002779406
0.0002592399853181,0.00027253546
0.0002502176411784,0.00027918635
0.0002492417882638,0.00027634436
0.0002470180643721,0.0002728439
0.0002705568722876,0.0002675722
0.0002694926255704,0.00027672594
0.0002991068284786,0.00027203214
0.0002666920917532,0.00029469866
0.0002542772649617,0.0002836569
0.0002675889304927,0.00027550478
0.000268328034681,0.0002801287
0.0002574626325478,0.00028238303
0.0002591353491279,0.00027574215
0.000232810313987,0.00026975686
0.0002454721028024,0.00025960716
0.0002341319219504,0.00025542252
0.00020341411882100004,0.00024770846
0.000177471249792,0.00023780401
0.0001798146656023,0.00022578216
0.0001769484039872,0.00021777149
0.0001550631581948,0.00021488054
0.0001713392853505,0.00020028334
0.0001672791704792,0.00019610606
0.0001924629321599,0.00019026495
0.0001930916939937,0.00019857901
0.00019325213090100004,0.00020127032
0.0001771909280182,0.00019997067
0.0001818541011453,0.00019709294
0.0001526669567513,0.00019789163
0.0001526063855547,0.00018910537
0.0001533678153124,0.00017948727
0.0001412325884771,0.00017480944
0.000150456214334,0.00016917536
0.0001518733476772,0.00016620535
0.0001558810291309,0.00016291278
0.0001546180711414,0.00016084706
0.0001392842683815,0.00015824381
0.0001464225779374,0.00015195562
0.000142692675601,0.00015060822
0.0001414580484569,0.00014655046
0.0001340023240703,0.00013498611
0.0001362798090357,0.00014144994
0.0001431284250462,0.00013947273
0.00011914737078469998,0.00013991781
0.0001185185846213,0.00013284117
8.718355512269574e-05,0.00012342622
8.643442537861183e-05,0.000115608935
8.976248150419697e-05,0.00010611991
8.201718925173195e-05,0.00010067706
7.307719677928103e-05,9.386021e-05
8.465617757997546e-05,8.7152235e-05
8.641532519435989e-05,8.747822e-05
0.00011217602556109998,8.51877e-05
0.00011057502220450002,9.290179e-05
9.975399790607615e-05,9.497028e-05
0.0001023391403166,9.4931944e-05
9.714362662673909e-05,9.744533e-05
9.566318298999415e-05,9.629329e-05
0.00011286822505040002,9.427306e-05
0.0001057473053969,9.8625234e-05
0.0001074345660023,0.00010065208
0.00011132457875460001,0.00010124696
0.00010670160232069998,0.000103855855
0.00010067525750969999,0.000102406404
9.022063612831112e-05,0.00010134139
8.887547137800865e-05,9.613548e-05
9.351310020480444e-05,9.291253e-05
0.00010417150156669999,9.075962e-05
0.00010493150839380002,9.245467e-05
0.00010093476442319998,9.129058e-05
0.0001113888621185,9.49041e-05
0.0001130566500529,9.809272e-05
0.0001149948170225,9.9853416e-05
0.0001322979305375,0.00010303402
0.0001026969299765,0.00011039995
0.00010677059521829999,0.00010686484
0.0001102516681861,0.00010702825
0.00010646977048480001,0.000104958104
0.00010577202045300001,0.00010258902
0.0001065183376046,0.00010093322
0.0001075893135406,9.9704e-05
0.00011093853624260001,0.00010204246
0.0001085879784036,0.00010150257
0.00011148117007989999,9.958043e-05
0.0001117614194504,0.00010097715
0.00011055255523570001,0.000101998
0.0001114438700532,0.00010201449
0.0001179895417876,0.000101199425
0.00011452841720259998,0.00010304338
0.0001166194571919,0.00010415978
0.0001183843300567,0.000107500986
0.0001265075582197,0.000108215056
0.000129108174284,0.00011171671
0.0001345329549998,0.00011706379
0.00011631465891210001,0.00012191899
9.784788496883769e-05,0.00011738129
0.0001059491607661,0.00011326685
0.00010109036885889999,0.00010923003
9.766040149692686e-05,0.00010417082
0.0001012258627226,9.876468e-05
0.000101484600367,9.807015e-05
0.0001003414096025,9.596789e-05
8.034940807169598e-05,9.356953e-05
8.13375931704288e-05,8.643179e-05
9.01590294908426e-05,8.301562e-05
8.30356192175395e-05,8.274473e-05
8.487492564452177e-05,7.926295e-05
8.620222933445544e-05,7.702197e-05
8.477815187668281e-05,7.5672855e-05
0.0001047696502979,7.4436415e-05
0.00010395104779260002,8.5420215e-05
9.110380728019432e-05,8.763682e-05
8.986205486252464e-05,8.556052e-05
8.32709733723032e-05,8.420835e-05
7.115799604290149e-05,8.1734026e-05
7.495074746097066e-05,7.771596e-05
7.494703580570789e-05,7.703932e-05
7.538506640885703e-05,7.3685354e-05
9.114443040295565e-05,7.200921e-05
9.120768071931664e-05,8.051914e-05
9.218490375554835e-05,8.0232465e-05
9.103231791235336e-05,8.2624945e-05
9.400917689047833e-05,8.183336e-05
9.993146862183542e-05,8.387436e-05
9.982281975773226e-05,8.715395e-05
9.695922170198746e-05,8.771205e-05
9.553401423631116e-05,8.9113186e-05
9.932492527055162e-05,8.828012e-05
0.00010020155761029999,9.066922e-05
0.00010131094048980002,9.218689e-05
0.0001011199547137,9.4292736e-05
8.915581942192705e-05,9.350569e-05
8.854569979948133e-05,7.0616145e-05
0.0001013729953351,8.745307e-05
0.0001178686319787,8.962861e-05
0.0001209581866788,7.938282e-05
0.0001233803712429,8.487377e-05
0.0001346296329198,9.403805e-05
0.0001363327778647,0.00011202535
0.0001357365886311,0.00011514229
0.0001119225670949,0.000116577976
0.0001118334303153,0.00011222551
0.0001143370736401,0.00010824698
0.00011381434905120002,0.00010721462
0.0001098049043768,0.00010594938
0.000109093502654,0.00010315994
0.0001151484356328,0.00010108353
0.0001139714029351,0.00010227805
0.0001089427482394,7.9176454e-05
0.0001198577872534,0.00010117135
0.0001167443486458,0.00010503644
0.0001148008201605,0.00010474503
0.0001255751959386,0.000103462546
0.0001254713070874,0.00010783791
0.0001255224448123,0.00011289298
0.00011419591759669998,0.00011326844
0.00010558714934350001,0.000110242654
0.0001015051756388,0.00010910498
0.00010219189343999999,0.00010355567
7.976166962008488e-05,9.948686e-05
8.257025056266817e-05,9.182934e-05
9.328579716811896e-05,8.679645e-05
0.00010562014652400001,8.812427e-05
0.00010566924152840002,9.053073e-05
0.00011664587627679999,9.240895e-05
0.00011586678213120001,9.5998e-05
0.00011743365039790002,9.791223e-05
0.0001150006809857,0.0001002077
0.000109339794399,0.00010075748
0.0001149381314895,9.989707e-05
0.00011978449411140002,0.000101548525
0.0001051735631737,0.00010359217
0.0001131022843669,0.00010089495
0.0001148778388797,0.00010343872
0.0001126996127003,0.000103953644
9.872023031238576e-05,0.00010487801
0.0001027410284156,0.00010000081
0.0001269868904708,9.828006e-05
0.0001318503121316,0.00010667847
0.0001330910018391,0.00011423119
0.0001356134558306,0.000116775715
0.0001369482968373,0.000119292294
0.0001471244539278,0.00012203278
0.0001477810843672,0.00012638017
0.0001409050251624,0.00012960266
0.0001410870886204,0.00012992133
0.0001294370760899,0.00012938782
0.0001280377931737,0.00012680181
0.0001295797447454,0.00012405397
0.0001475161657272,0.0001228922
0.0001476623894171,0.00012629184
0.0001575099401435,0.00012947588
0.0001503304675183,0.00013399313
0.0001499444200035,0.0001347352
0.0001422773941346,0.00013490583
0.0001429353092807,0.00013321215
0.0001386602427226,0.00013180844
0.0001381678721069,0.00012995185
0.000135170091491,0.00012795595
0.0001110521163185,0.00012574907
9.712241475395629e-05,0.00011816129
9.74851811826428e-05,0.0001090429
9.335402468395737e-05,0.000102412574
9.17731600589024e-05,9.662636e-05
8.510005158096019e-05,9.0115405e-05
7.32916773560885e-05,8.694362e-05
7.047466114254664e-05,8.0861966e-05
7.699957653999871e-05,7.607491e-05
7.398504944310787e-05,7.410616e-05
7.55432195556078e-05,7.156527e-05
7.338076692944112e-05,7.011664e-05
5.692075093445446e-05,6.880993e-05
5.715076698732776e-05,6.525109e-05
4.170798206159685e-05,6.23063e-05
4.225852048109984e-05,5.8295438e-05
4.2418945310032725e-05,5.467506e-05
5.5999664036604813e-05,5.2536496e-05
5.765556703356902e-05,5.4082277e-05
5.322284891013236e-05,5.452418e-05
5.38049959995967e-05,5.3966054e-05
5.276162596648133e-05,5.329152e-05
5.156147537817117e-05,5.3160762e-05
5.318279893815545e-05,5.2648054e-05
6.651477742857503e-05,5.1910352e-05
7.044808981337493e-05,5.708084e-05
7.201642590367097e-05,5.953649e-05
6.382806506868626e-05,6.0368875e-05
7.973607863544086e-05,6.0067872e-05
7.707475180632378e-05,6.412541e-05
7.130133802676313e-05,6.676846e-05
7.11929954246328e-05,6.562824e-05
6.967241017763465e-05,6.528397e-05
6.873071099457746e-05,6.468134e-05
6.613051542036751e-05,6.392074e-05
7.336422240981323e-05,6.3275314e-05
8.689591510901064e-05,6.490956e-05
8.624968968255231e-05,6.8801404e-05
8.636216042780388e-05,7.1179566e-05
7.28991724893247e-05,7.234914e-05
6.823673245358508e-05,7.039037e-05
7.053618230245974e-05,6.830596e-05
7.294835260678158e-05,6.75279e-05
7.606329721254779e-05,6.6898625e-05
9.427565807199922e-05,6.7767236e-05
9.747835073975552e-05,7.378724e-05
9.104916798627206e-05,7.779354e-05
8.58149704598089e-05,7.9549194e-05
8.563198587440226e-05,7.866917e-05
8.752364206026224e-05,7.8570694e-05
7.169779570385392e-05,7.854915e-05
7.368608213845524e-05,7.41599e-05
7.511001802447895e-05,7.1041075e-05
8.977831123288582e-05,7.019783e-05
9.353772725327518e-05,7.593323e-05
9.345644417347458e-05,7.771293e-05
9.77760647873045e-05,6.4048494e-05
9.366824177149566e-05,8.28966e-05
8.058462390116214e-05,8.276381e-05
0.0001159541974404,8.123004e-05
0.0001168131951146,8.890178e-05
0.0001165074351004,9.410767e-05
0.0001165015429969,9.7108874e-05
0.00011609479037339999,9.802748e-05
0.0001162224422559,0.00010090519
0.00011978862346559999,9.83293e-05
0.0001033619415135,0.00010307228
0.00011570194394600001,0.00010124811
0.0001081300636948,0.000106623294
0.00011553015989569999,0.00010355277
0.00012644801785,0.00010330515
0.0001253619326451,0.00010993888
0.0001337858512178,0.00011131096
0.0001351100167598,0.00011285635
0.0001331809555656,0.00011720402
0.000125123800702,0.0001182841
0.0001253607443777,0.0001200942
0.0001255580196288,0.00011725302
0.0001241475575436,0.00011503773
0.0001203777273011,0.000112680864
0.00011960945470760001,0.0001108862
8.49804696130691e-05,0.00010895899
8.464894535128363e-05,0.00010064913
8.496963727049638e-05,9.4318806e-05
8.51384571188938e-05,8.833391e-05
8.32358811818484e-05,8.467765e-05
8.431201056223117e-05,8.083234e-05
7.787376160402116e-05,8.112315e-05
8.553388251510374e-05,0.0012703204
7.483711877227122e-05,8.063882e-05
7.337516737632814e-05,7.6538854e-05
6.5619620858119e-05,7.370491e-05
5.665885721451932e-05,6.9720794e-05
6.66671934306707e-05,6.798156e-05
7.012632197527533e-05,6.583167e-05
7.79859548120697e-05,7.0120645e-05
7.754859687616915e-05,7.515775e-05
7.71422018909165e-05,7.310053e-05
7.389570471396963e-05,7.585206e-05
8.864104487635146e-05,7.47916e-05
9.143690597079412e-05,8.3989886e-05
0.0001045904125934,8.112761e-05
0.0001057703683389,8.4201354e-05
0.00010552142958560001,8.6380736e-05
0.0001187834589607,8.9466885e-05
0.000119464310875,9.411322e-05
0.0001329348140435,9.8176664e-05
0.0001338207541031,0.00010937705
0.0001388819555977,0.00011443338
0.0001575094724849,0.00011751139
0.0001528618287897,0.0001226393
0.0001460599854965,0.00012818252
0.0001460444927893,0.00012942689
0.0001453900709219,0.00012999635
0.0001421566775601,0.00012960346
0.0001315887440245,0.00012846912
0.0001212516239878,0.00012475639
0.00011727876264230002,0.00011961353
0.0001180199355681,0.000114280374
0.0001123001888707,8.749989e-05
0.00011211293929499999,0.00010694685
9.736720151555745e-05,0.00010318131
9.078893900617196e-05,9.743874e-05
7.978005546161796e-05,9.159018e-05
8.056572848876895e-05,8.620239e-05
8.006040809903468e-05,8.126328e-05
7.013182947138524e-05,7.7405784e-05
7.61731811417853e-05,7.434156e-05
6.287052511987751e-05,7.429914e-05
6.193613870614572e-05,6.976438e-05
5.267685268801317e-05,6.5989276e-05
4.7467433023220855e-05,6.0994167e-05
4.264622006639423e-05,5.8397974e-05
4.31392196864628e-05,5.530385e-05
4.323027056701093e-05,5.343777e-05
4.397965442942118e-05,5.1602066e-05
4.832581711242961e-05,5.0307815e-05
4.834183847178424e-05,5.0121413e-05
4.675290452074879e-05,4.977006e-05
4.3371610393984064e-05,4.9268416e-05
4.294896605089285e-05,4.8772454e-05
4.77188570578486e-05,4.822722e-05
4.827811451444373e-05,4.9622282e-05
5.6157337121180775e-05,5.0119485e-05
5.919084630367123e-05,5.3331943e-05
5.677911576313122e-05,5.403249e-05
5.4760815770966956e-05,5.416056e-05
5.71754073172627e-05,5.3860087e-05
5.372083220953755e-05,5.497052e-05
4.8546028993190504e-05,5.420378e-05
4.922450444360469e-05,5.301841e-05
5.08273402211253e-05,5.215372e-05
5.097797776904009e-05,5.1682942e-05
3.759068638211833e-05,5.1195897e-05
3.9423015075913417e-05,4.8387654e-05
6.850021806781707e-05,4.688219e-05
6.882069129664557e-05,5.415725e-05
6.793789519531724e-05,5.5051565e-05
6.347016314598611e-05,5.711704e-05
0.0001050550572887,4.8523143e-05
0.00010608379226929999,7.302916e-05
0.00010546694100299999,7.9732636e-05
0.000115951248645,8.683335e-05
0.0001112365129684,9.231567e-05
0.0001678830127436,9.485301e-05
0.000163584565404,0.0001324579
0.000166052681543,0.0001423827
0.000166609143384,0.0001448917
0.0001726840606269,0.00014617345
0.0002123322481626,0.00015522154
0.0002346433249333,0.00017341494
0.0002515505268831,0.0002033774
0.0002779171580758,0.00023565737
0.0002874259315274,0.00027998028
0.0002887012278246,0.00027291034
0.0003437545101399,0.0002780633
0.0003464275380181,0.0002974204
0.0003182220300554,0.00029816906
0.0003529366209272,0.0002912002
0.0003536648869074,0.0003022992
0.0003851108331063999,0.00030115162
0.0003433813327303,0.000315309
0.000349981360852,0.00030752027
0.0003471153685072,0.00030454047
0.0003375323898104,0.00030014565
0.0003491096386878,0.0002931171
0.0002959047214495,0.00030040427
0.0002987107261505,0.0002851707
0.0002925749420554,0.00027877535
0.0002991687574582,0.00026666457
0.0002933874981075,0.00026565575
0.000258213442601,0.0002578606
0.0002821077550241,0.00024508176
0.0002636975852006,0.00026617228
0.00023647329917250002,0.00025424463
0.0002612830146044,0.00023802655
0.0002652977760793,0.0002544941
0.00021282142418239998,0.0002474358
0.0002255493611124,0.00022952407
0.00022674148113590003,0.00022293453
0.00019216792387320003,0.00021461328
0.0001928894505553,0.00019964347
0.0001613511144857,0.00019047424
0.0001620156443385,0.0001743176
0.0001830116510147,0.00016417632
0.0001829583103983,0.00016590703
0.0001820872546411,0.0001630905
0.0001705561911968,0.00015955498
0.0001659804301735,0.00015425391
0.0001608904693673,0.0001489777
0.0001625158160215,0.00014418302
0.0001554066322691,0.00014306218
0.000165985662211,0.00013835458
0.0001591322768482,0.00014539303
0.00011246206191350001,0.00014153418
0.000116147900228,0.00012830913
0.0001246140574488,0.00011959534
9.460381596174534e-05,0.00012045029
8.99727833876898e-05,0.00011014135
8.805983476055062e-05,0.000100034675
7.045318002658267e-05,9.247359e-05
6.947335303179373e-05,8.265216e-05
7.946494146730833e-05,7.559172e-05
7.806235531793173e-05,7.88437e-05
7.808429543683414e-05,7.4586176e-05
7.816178405343744e-05,7.140219e-05
4.9509244330222e-05,6.9359594e-05
4.920380496160857e-05,6.269864e-05
6.064660249581778e-05,5.798075e-05
6.266689760556638e-05,6.321555e-05
6.37804959866471e-05,6.1096216e-05
6.22893384317431e-05,5.9645583e-05
6.379764144155115e-05,5.8732367e-05
6.71927507858522e-05,5.804067e-05
8.463598890743246e-05,6.0839542e-05
8.65888092803635e-05,8.000465e-05
8.700109673866565e-05,7.874856e-05
9.01937092915942e-05,7.990714e-05
0.00010952438582440001,8.063248e-05
0.0001114112650569,9.056131e-05
0.00011065864047019998,9.4659954e-05
0.00010994837765999999,9.5721196e-05
0.0001104547656909,9.667271e-05
0.0001092741003115,9.766538e-05
0.00010184523857109998,9.7909004e-05
0.000129835339098,9.813805e-05
0.0001316055208494,0.00011702742
0.0001325234200508,0.00011798745
0.0001326090532502,0.00011865481
0.0001329547639827,0.00011918374
0.0001211036040696,0.00011894685
0.00011849106573710001,0.00011538448
0.0001182267852463,0.000111726134
0.0001222571080674,0.00010877456
0.00012191253374519998,0.00011078572
0.0001225164688814,0.000109220106
9.41940427198269e-05,0.00010838616
9.597921827569671e-05,0.00010016444
9.712701654743005e-05,9.526147e-05
9.15045488095356e-05,9.21354e-05
6.791710347796024e-05,8.780515e-05
6.083138382453534e-05,8.283828e-05
7.388261147491399e-05,7.606204e-05
7.648481104763062e-05,7.425288e-05
7.763285612263399e-05,7.429935e-05
8.39876046758792e-05,7.209516e-05
8.289353490806829e-05,7.280729e-05
0.0001219962611419,7.364535e-05
0.00012177794859439998,0.00011108564
0.0001223019714133,0.00011370515
0.0001252530395249,0.00011390489
0.0001307524883421,0.00011459759
0.0001312981585306,0.00011707255
0.0001416551067023,0.00011854468
0.0001490900334343,0.00012860209
0.0001490140499858,0.00013828755
