RTY_SET_True_test,RTY_SET_5_pred
0.0002343582338474,0.00022010448
0.00023399890379559998,0.00022473303
0.0002106996375175,0.00022172289
0.0002048203164699,0.00021587255
0.00021119882900830003,0.00020580667
0.000196375607849,0.00020052957
0.0002075278673792,0.00019254045
0.00020279156981229998,0.00019275665
0.0001955717855649,0.00018809455
0.0001646609240766,0.00018298211
0.0001671579957486,0.00017044677
0.0001456734652034,0.00016303487
0.0001412501492386,0.0001514666
0.0001401516282169,0.00014105534
0.0001368024730666,0.00013213948
0.0001495427679416,0.0001264577
0.00011766550939139998,0.00013131934
0.00011664048179339998,0.00012367687
0.0001170569261577,0.00012040328
0.0001078121651296,0.00011708447
0.00010949101100449999,0.000109365974
0.0001129714272313,0.000111565336
0.00010623634618599998,0.00011194965
0.0001055575926195,0.000107118365
9.30757546416048e-05,0.00010348918
0.000104009439127,9.809122e-05
9.923548215595056e-05,0.000102645536
9.427043847915232e-05,9.815021e-05
9.50543667169964e-05,9.386243e-05
9.492392194329864e-05,9.322311e-05
0.0001030977967852,9.2254944e-05
0.0001034619110892,9.224873e-05
0.00010747562588580001,9.15923e-05
0.00010461790799829998,9.336003e-05
0.00010740310719399999,9.3944596e-05
0.0001070366505316,9.4830764e-05
0.00010686727469109999,9.412149e-05
9.429488627812886e-05,9.327316e-05
9.240632706974836e-05,8.9552785e-05
8.719511563637002e-05,8.6394226e-05
8.241057934080621e-05,8.285797e-05
8.318204763787686e-05,7.868767e-05
6.887991506707779e-05,7.582434e-05
7.400687824323945e-05,7.268903e-05
7.33889894879345e-05,7.230787e-05
6.970771895758067e-05,7.029374e-05
7.329399051732354e-05,6.80285e-05
6.173639761593881e-05,6.792813e-05
6.010769712238173e-05,6.5745386e-05
6.015068466721321e-05,6.358607e-05
4.293673101864588e-05,6.218988e-05
4.4451810826700085e-05,5.9274746e-05
3.648909046408679e-05,5.759962e-05
3.644761896418301e-05,5.5690427e-05
3.06355917316727e-05,5.4375094e-05
3.034365366191889e-05,5.317486e-05
2.727077176933211e-05,5.2460266e-05
2.8763060274976937e-05,5.2192285e-05
2.8868490511548404e-05,5.245369e-05
4.416205929736389e-05,5.1864445e-05
4.291758350820337e-05,5.4705382e-05
4.132232828629465e-05,5.4560176e-05
4.35878387524226e-05,5.460502e-05
4.878553975035932e-05,5.538879e-05
4.617341325982632e-05,5.7833266e-05
3.931910106838851e-05,5.7733447e-05
3.917427410635524e-05,5.6722263e-05
4.431038417499303e-05,5.5671928e-05
4.124246366231133e-05,5.5940593e-05
4.121515327099989e-05,5.54385e-05
4.12340234313513e-05,5.4638334e-05
4.160563701277655e-05,5.4266384e-05
4.269308591557165e-05,5.4254055e-05
4.236217158477906e-05,5.448419e-05
4.247855071967515e-05,5.4340795e-05
4.216137407338265e-05,5.4102995e-05
4.147658239554236e-05,5.3888918e-05
4.134267182567228e-05,5.3663283e-05
4.00639115086102e-05,5.344988e-05
3.855193441266168e-05,5.3208867e-05
3.867699650254179e-05,5.2940395e-05
2.505970002343577e-05,5.277792e-05
2.5790512016694758e-05,5.230138e-05
2.507435509439469e-05,5.184615e-05
2.2909052586062028e-05,5.1151306e-05
1.8083661419051496e-05,5.0666153e-05
1.7270391128636453e-05,5.0253e-05
1.6269558225548986e-05,4.984304e-05
1.6421692964656578e-05,4.975597e-05
1.1181193626615518e-05,4.939189e-05
1.178055546834404e-05,4.892946e-05
1.3495796219099644e-05,4.895272e-05
1.3742661700411268e-05,4.8833237e-05
1.2236946151235492e-05,4.871636e-05
1.7088337461957107e-05,4.854996e-05
1.665031250935765e-05,4.9092156e-05
1.991150615650777e-05,4.924779e-05
1.9988022781210243e-05,5.0163304e-05
1.993044852787156e-05,5.0180646e-05
2.7996452525491147e-05,4.998598e-05
3.2612593912938725e-05,5.311186e-05
3.639034005259304e-05,5.6286935e-05
3.707876050569835e-05,5.546726e-05
3.517988089152417e-05,5.6214427e-05
5.181817721855432e-05,5.5172455e-05
5.843538013015352e-05,6.605058e-05
6.873465656897858e-05,6.502446e-05
7.713550460084994e-05,6.672774e-05
7.755382071424176e-05,6.9755966e-05
8.369272912777797e-05,7.117864e-05
8.542591679246612e-05,7.810107e-05
8.682398362671124e-05,7.7949815e-05
8.733512939254232e-05,7.756561e-05
8.578603584634835e-05,7.71376e-05
8.622246389965047e-05,7.618472e-05
8.610116932033825e-05,7.606452e-05
8.141559200621025e-05,7.550142e-05
8.065448118727287e-05,7.367647e-05
8.174925607143338e-05,7.197666e-05
0.00011988495525469999,7.361682e-05
0.0001663547648834,0.00010339074
0.000162064323216,0.00017668561
0.0002032430494893,0.00018700985
0.0002032545920279,0.00027731416
0.0002483322326036,0.00028047516
0.0002612628596996,0.0002836231
0.0002913120039819,0.00031199193
0.0003263496877149,0.0003200468
0.00032491799535,0.0004019154
0.000660490832708,0.00041276522
0.0007255721832261,0.0011735684
0.0008509994383177,0.0010328465
0.0013091071905261,0.0013548018
0.001668585310239,0.002491202
0.002450184089477,0.002310807
0.0027694391482679,0.0030329272
0.0031041299105615,0.0030329272
0.0034482934853183006,0.0030329272
0.0034650004789093,0.0030329272
0.0034719195258052,0.0030329272
0.0040084071328134,0.0030329272
0.0040108428812329,0.0030329272
0.0042140795286127,0.0030329272
0.0042445051339094,0.0030329272
0.0042533303404198,0.0030329272
0.0042515913989131,0.0030329272
0.0043537477885861,0.0030329272
0.0043741217188291,0.0030329272
0.0043362799798474,0.0030329272
0.0046716488892703,0.0030329272
0.004668354250889,0.0030329272
0.004434486043794,0.0030329272
0.0044773103347283,0.0030329272
0.0043763667747803,0.0030329272
0.003928364170499,0.0030329272
0.0036519686637356,0.0030329272
0.0028738994368068,0.0030329272
0.0026187755594861,0.0030043905
0.0023055544552748,0.0026782537
0.0019985232457866,0.0023351258
0.0019820030369633,0.002056466
0.0019749999850115,0.0018116357
0.0014385451588695,0.0016753805
0.0014453096516559,0.0014694199
0.0011986878789949,0.0013719406
0.0012328496234687,0.0012241022
0.0012627355053398,0.001175648
0.0013450719512777,0.0011529913
0.0011978391571761,0.0012019872
0.0011645379058029,0.0011165014
0.0011674594673704,0.0010621214
0.0007950698037627,0.0010306436
0.0008268115231432,0.000911007
0.0007210840613011,0.0008495438
0.0006724630937247,0.0007567951
0.000695138810776,0.0007425694
0.0006836968766998,0.00074296497
0.0006067388147812,0.0006829817
0.0007320031453751,0.00062542764
0.0006906796680538,0.00072720886
0.0006964402739237,0.00071057316
0.0006603482657199,0.00069489167
0.0006586925099802,0.0006481878
0.000678739776906,0.000618582
0.0006994703226619,0.0006146838
0.0006907565236753,0.00062496174
0.0006905739091642,0.0006394681
0.0006241795362011,0.0006198212
0.0005410104781344,0.00058880245
0.000470031276895,0.0005427139
0.000470835085529,0.0005049224
0.0005106047687283,0.00045950167
0.0005032249578026,0.00047623695
0.0005314276708622,0.0004596838
0.000538002354473,0.00047024668
0.0008231569761231,0.00050338474
0.0007800369409490002,0.0008989867
0.0007380767068139,0.0008450008
0.000748404482996,0.00080426055
0.0007662549554483999,0.0007771741
0.0006360527592978,0.000773408
0.0006172945425622,0.00069155736
0.0005919849470107,0.0006355001
0.0005907240668821,0.0005879929
0.0006502776953626,0.0005471053
0.0006419800726245,0.00059965084
0.0006403269890419,0.00058386195
0.0006415558840258,0.00060597487
0.0006458305997296,0.0006140718
0.000648842266448,0.00059701374
0.0006478058795389,0.0005848608
0.0006372719841372,0.00056543096
0.0006496397540113,0.00055029435
0.0006148723774231,0.00056332897
0.0006212076908678,0.0005437336
0.0006054609160763,0.0005543945
0.0005673703210501,0.0005416383
0.0002870359692241,0.0005297748
0.0003156705245792,0.0004494421
0.0003070276970418,0.00042207143
0.0002966339358847,0.0003665753
0.000272374205155,0.00031642808
0.000277899599419,0.00027685924
0.000273691752047,0.00026880027
0.0002711932772825,0.00025415252
0.0002830679014863,0.00024280329
0.0002268519208996,0.00025269773
0.0002213722658482,0.00023749466
0.0002106221501943,0.00022829986
0.0001723067661056,0.0002225899
0.0001707077457953,0.0001980119
0.0001761925220309,0.00018361314
0.0001766723551852,0.00017837649
0.0001851479507673,0.00016722723
0.0001720965564544,0.00017029287
0.0001730722761245,0.00016262101
0.0001623938505367,0.00016343797
0.0001503694226142,0.00015657915
0.0001443581703004,0.00014951425
0.0001360936100256,0.00013828349
9.166435822322022e-05,0.0001296205
8.823678710512423e-05,0.00011066707
9.524173575789696e-05,9.601869e-05
9.425284952908136e-05,9.19475e-05
9.077961539605082e-05,8.3907544e-05
9.482944216083001e-05,7.9922946e-05
9.754805419509646e-05,8.23506e-05
8.570701895066805e-05,8.334892e-05
8.628588286748751e-05,7.9130165e-05
7.988814479882413e-05,7.937315e-05
6.874955461007805e-05,7.535022e-05
7.41885378207462e-05,7.11132e-05
7.131910155931791e-05,7.2691604e-05
6.253437570523992e-05,7.0869944e-05
0.00010587470268340002,6.703489e-05
9.603206980556494e-05,0.00011821787
0.0001113303383025,0.000111449735
0.00011654948012370002,0.0001363719
0.00012038739041719999,0.00013308207
0.0001161906182269,0.00014048672
0.0001506102989772,0.00013398967
0.0001487051517789,0.00015825802
0.0001523829482168,0.0001483461
0.0001534631148471,0.00014572976
0.0001463351510468,0.00014624851
0.0001913762739271,0.00014283806
0.0001934064978727,0.0002124218
0.00022450149832119998,0.00020133254
0.0002222914304088,0.0002651074
0.0002380234754105,0.00024511883
0.0002630024943352,0.00024685243
0.0002631756227785,0.00026186867
0.0002620161270381,0.000256246
0.000267131024347,0.00024788652
0.0002662939734195,0.00024980784
0.000299301879192,0.00024334245
0.0002558337517672,0.0002673928
0.000270702370483,0.00025408145
0.0002566319678289,0.00025940972
0.000245675562231,0.00024877928
0.00024144429690910004,0.00023556413
0.0002464427845561,0.00022304221
0.00021831054530150002,0.00022142344
0.00022081791442360002,0.00021439744
0.0002176875995635,0.00020580537
0.0002260554030873,0.00019850525
0.0002256971867542,0.0002043965
0.0001872285296728,0.00019755724
0.0001899157397811,0.00019119744
0.0001547832495046,0.0001871787
0.0001856131510392,0.0001686934
0.0001770665169854,0.00018695614
0.00019215778363760002,0.00018089742
0.0001966248342584,0.00022992014
0.0002072563451864,0.0002164732
0.0002102702377484,0.0002282206
0.00024045701168590001,0.00022727459
0.000205746647723,0.00025265678
0.00023376801762490002,0.0002319698
0.0002224390766167,0.00024972355
0.0002734647206537,0.00024265959
0.0002847084284103,0.0002894393
0.0002845803068542,0.00028843083
0.0002940969789737,0.0002772627
0.0003014088761034,0.00029040323
0.0003160261048395,0.00029800448
0.000314699824152,0.0003085569
0.0003181249055671,0.00029579792
0.0003188107182234,0.00030045534
0.0003129150615232,0.00029307598
0.0003138907537644,0.00028343513
0.0003223290200443,0.00028543948
0.0002962859267779,0.0002914107
0.0002891138855086,0.000280035
0.0002777349349494,0.00026765012
0.0002731996228865,0.00027651893
0.000264054829585,0.00026245054
0.0002489812698179,0.00024697062
0.00022879512219300003,0.00023405609
0.00023155677825120003,0.0002354557
0.0002053100113021,0.00022145237
0.0002102307212837,0.00020925268
0.0001581135801605,0.00020191183
0.0001512592874418,0.00018137576
0.0001514859920916,0.00016566209
0.0001498451975927,0.00014923776
0.0001397106688147,0.00015648238
0.0001254830120984,0.00014252405
0.0001286695579924,0.00013514327
0.00011673247008779999,0.0001279136
0.00011714208416110002,0.00011679741
0.0001168347564808,0.00011143647
0.00011039119241569999,0.000107194835
0.00010430103688840001,0.000102175785
0.0001196564239444,9.7929274e-05
0.0001221270377781,0.00011904141
9.132352265834952e-05,0.00011720068
0.0001049880818364,0.00010682441
0.00011110494827140001,0.00011742217
0.0001640686258891,0.00011981326
0.0001612251471141,0.00018467833
0.000160728419093,0.0001831122
0.0001590773681279,0.00017386953
0.0001561152128398,0.00016589747
0.0001611859384325,0.00016919679
0.0001666175001443,0.00016627235
0.000183851698805,0.0001722111
0.0001735346163672,0.00018787385
0.000170067096785,0.00018221293
0.0001741298203768,0.00017221009
0.0001740740536124,0.0001754788
0.0001751515931242,0.00017244603
0.0001783630100486,0.0001670374
0.0001990282645691,0.00016860668
0.0001978797959149,0.0001997827
0.0002094336608435,0.00019306311
0.0002092692927134,0.00021457883
0.00020964250606500003,0.00022930825
0.0002078327735785,0.00021972744
0.00020291741270069997,0.00020748316
0.0001978088237152,0.00020923816
0.0001630823791451,0.0002015478
0.0001540538674951,0.00019935117
0.0001574768449997,0.00017729336
0.0001570101198775,0.00016877103
0.0001501109324474,0.0001563266
0.0001488345793443,0.00014546869
0.0001428622342552,0.000144997
0.0001412972517339,0.00014413304
0.0001544387089535,0.00015283194
0.0001579391638398,0.00015471962
0.000155990590531,0.00015603958
0.0001731678419219,0.0001588552
0.0002378544461348,0.00016639674
0.0002335663619137,0.00023586927
0.0002525812456975,0.0002325201
0.0002742204562576,0.00025576938
0.0002686221074114,0.00028122775
0.0002846602179989,0.0002863395
0.000299940399731,0.0003181444
0.0003006652779974,0.0003157273
0.0003066152549632,0.00030581513
0.0003163258826326,0.00030471932
0.0003197700558371,0.0003055418
0.0003209155825803,0.00030831847
0.0003153360275272,0.00029470734
0.0003297917195088,0.0002919022
0.0003314994420379,0.00030155582
0.0003667612421552,0.00030087566
0.0003656760776567,0.00032473903
0.000354130085278,0.0003276477
0.0003924987158021,0.00033102537
0.0004097844138042,0.0003736073
0.00042996536469519996,0.0004057636
0.0004255198619299,0.00041046104
0.00039390204364519993,0.0004094128
0.0004072592851799,0.00042983887
0.0003739670462261,0.0004193229
0.0003613598475107,0.00039809308
0.0003536563213757,0.00037999437
0.0003180666757235,0.00036005917
0.0003125898068482,0.0003393345
0.0003147305954026,0.00033151853
0.0002999346173624,0.00031654074
0.0002874737540845,0.00030139976
0.0002656643761868,0.0002885492
0.0002695035577191,0.00027283342
0.0002711229194432,0.00026155714
0.0002569073183824,0.00024942757
0.0002611735016622,0.00023815896
0.00023589384084710002,0.0002416322
0.0002594782769093,0.00024706317
0.0002551376031071,0.00025074545
0.0002112344517821,0.00024483283
0.0001934177916412,0.00023385255
0.0001680907763401,0.00021679369
0.0001522233840105,0.00019617863
0.0001190313950103,0.00017393408
0.0001147634480385,0.00015047118
0.0001085011007422,0.0001409479
0.0001064042170014,0.00012384081
0.0001060909633925,0.00012182667
0.0001050281758763,0.00011338137
9.927817150291698e-05,0.000106963824
0.0001263748531112,0.000103793886
0.0001265202745947,0.00013200428
0.0001698344508276,0.00013034599
0.0001842864805182,0.00018297305
0.0002074717359008,0.00018331624
0.0002058699818093,0.00020473795
0.00020706389793860003,0.00020368469
0.0002032314226887,0.00021105676
0.00018982640734260003,0.0002108629
0.0001639229205129,0.00020058312
0.0001650470003214,0.00018397195
0.0001570959851235,0.00017204556
0.0001732534257208,0.00016808345
0.0001787957675402,0.00016755873
0.0001788439284164,0.00016522023
0.0001826901566124,0.00016569252
0.0001736040947666,0.00016710744
0.0001760091309896,0.00016492674
0.0001688467575245,0.00016789408
0.0001758428298552,0.00016228722
0.0001791310110543,0.00016204566
0.0001752064779364,0.00016122477
0.0001487309016907,0.00016394272
0.000151429934103,0.00015922065
0.0001105636743004,0.00015383725
9.75543932832268e-05,0.00013918834
7.015712110259459e-05,0.00012303455
7.776201572136534e-05,0.000104162784
9.903404945891136e-05,0.00010032228
0.00011406507341009999,0.00011375056
0.00011271165935239999,0.00011525358
0.0001121248040639,0.00011173621
0.00011611614262199998,0.00011103378
0.00011314001431250001,0.0001133658
9.601085486174519e-05,0.00011120659
9.236874772505306e-05,0.00010763201
9.231343580986717e-05,0.00010406487
8.900898670956434e-05,9.7458396e-05
9.38436955959674e-05,9.1940536e-05
9.917127263567963e-05,9.5155476e-05
0.00010251084764009999,0.000104381055
9.78958780706222e-05,0.000109439854
0.00011797764530469999,0.000112069254
0.00011503797952589998,0.00011763443
0.0001255607748561,0.000114187
0.0001313218441135,0.00013254739
0.0001287292930037,0.0001468986
0.0001311738101028,0.00014416355
0.0001363070633275,0.00014967567
0.0001731295028908,0.00015909791
0.0001648414303079,0.00017308205
0.000156263032513,0.00017134176
0.0001578106557724,0.00017972989
0.0001588573524047,0.00017003268
0.000156779049223,0.00016339884
0.0001699690002016,0.00016496808
0.0001711701226204,0.00016345076
0.0001701535317214,0.00016090277
0.00017054380295,0.00016257283
0.0001695420064678,0.00016324614
0.0001693429785977,0.00016027373
0.0001768576772342,0.0001664089
0.000174560866506,0.0001680617
0.000173422419106,0.00016430461
0.0001504159730176,0.0001646375
0.0001516722856561,0.00015549647
0.0001380413911869,0.00014910006
0.0001338043628026,0.00014132842
0.0001372802528216,0.00013908277
0.0001402397029042,0.00013813295
0.0001380798614824,0.00014298577
9.900276968422736e-05,0.00014307308
9.853110935383848e-05,0.00013766215
0.00010524651592500002,0.00012669749
0.00010773263283250002,0.000120704106
0.00010707498503520001,0.00011252704
0.00011011150494980001,0.00010552016
0.0001300249220685,0.00011198736
0.0001281679233884,0.00012519551
0.0001275179032048,0.00012601391
0.0001279995941317,0.00012385969
0.0001280082962454,0.00012257292
0.0001256711135504,0.0001214258
0.0001127098729844,0.00012130861
0.0001174013046918,0.0001196202
0.0001158634862676,0.000124228
0.00011951140133710002,0.00011759187
0.0001198268171065,0.00012129432
0.000127298977301,0.000116111725
0.0001282018015413,0.00012784994
0.000124456108388,0.00012477669
0.00011762276051049999,0.00012119196
0.0001428191178858,0.000115424096
0.0001373552531211,0.0001459897
0.0001315212167481,0.00013741494
0.0001293136100481,0.0001344291
0.0001262279246697,0.00013390293
0.0001342733226719,0.00013113672
0.0001520497502348,0.00012924727
0.00011875917129029998,0.00015314667
0.00012047144572630002,0.0001398669
0.000133969830448,0.00013748664
0.0001371419271442,0.00013621611
0.0001374984793172,0.00014011259
0.0001360871692874,0.00013217337
0.0001451860737025,0.00013331558
0.0001415841266273,0.00013691839
0.0001427112382596,0.00013839117
0.0001403197700215,0.00013805008
0.000139148097076,0.0001340505
0.0001389325796125,0.00013052546
0.0001345271927307,0.00013121088
0.0001344543286221,0.00012865475
0.0001347887311894,0.00012433143
0.00010652962584209998,0.000121524296
0.0001065226178082,0.000112446316
9.865156961068092e-05,0.000104702216
8.851034664975783e-05,9.792039e-05
9.02918139218258e-05,9.0785485e-05
9.746874780261545e-05,8.825756e-05
8.911287948676409e-05,0.00010485099
8.921632173930269e-05,0.00010575943
0.00011044342661189998,9.516431e-05
9.669648487241216e-05,0.000110705856
0.0001017251276763,0.000100310426
0.000100651944313,0.00010163908
0.00010426499620370001,9.750625e-05
9.235146750106482e-05,9.884549e-05
9.463246773250313e-05,9.240044e-05
0.00010988421208889998,9.3114824e-05
0.0001092735865767,0.000107314634
0.00010896884525150001,0.00010323682
0.0001035399108648,0.0001000727
0.000102712323579,0.00010071213
0.00011143386934019998,9.763797e-05
0.0001135614080961,0.00010592205
0.0001171786501021,0.000107175656
0.0001186642090276,0.000111834706
0.0001182956770082,0.00011255492
0.00011528801743020001,0.000110824985
0.0001723915955412,0.000107085354
0.0001567879533674,0.00017466667
0.0001547738094509,0.00016134749
0.0001739723156987,0.00017575848
0.00019084131621350002,0.00020262582
0.0002046819556671,0.00020693298
0.0002222576542118,0.00022689531
0.0002509657333291,0.00022129806
0.0002520552762037,0.00023031408
0.0002676722860574,0.0002261862
0.0002630115149065,0.00025794836
0.0002512511654962,0.00025046075
0.0002512122887501,0.00025564735
0.0002702904861784,0.00025119557
0.000277907039547,0.00024911895
0.0002874436686808,0.0002673065
0.0002842316364759,0.000259467
0.0003290258007449,0.00027094412
0.0003302074663777,0.00029344618
0.0003338145312598,0.00028770126
0.00033827004725,0.00028723598
0.0003393194380712,0.0002887921
0.0002792576749822,0.000293657
0.0002791534527957,0.00027623546
0.0002656853825323,0.00026310582
0.0002504319326515,0.000249943
0.0002096601089964,0.00023890156
0.0002492122034662,0.00021642688
0.00022397066367979999,0.00025636365
0.0001995670164555,0.00023139268
0.00019412163453030003,0.00021981765
0.0001839240325919,0.00020316761
0.0001864535307037,0.00019157685
0.000184194316105,0.00018383446
0.0001832985925599,0.00017869641
0.000202246740377,0.0001718259
0.0002015195643169,0.00020988015
0.00020316137558410002,0.00021326204
0.0002074150261794,0.00022194796
0.00019161905998679997,0.00022799613
0.00019060078508190001,0.00021989684
0.000188498549805,0.00021504275
0.0001953806537797,0.0002097383
0.00022288963588609997,0.00022432982
0.0002775415909816,0.00021802609
0.0002879250006158,0.00024503868
0.0002891758922147,0.00024629876
0.0002929256082679,0.0002553022
0.0002984042706749,0.00027598854
0.0002486841571378,0.00027155064
0.0002647348308289,0.00025451923
0.0002787760211424,0.00025132642
0.0002863586183463,0.0002531748
0.0002829319008019,0.00025965009
0.000280465459277,0.0002584311
0.0003162125630649,0.00025684838
0.0003165831466093,0.0002731837
0.0003033039794677,0.00027316413
0.0002971874910427,0.00028790743
0.0002943979270105,0.00028468194
0.0002983553695293,0.00028596702
0.0003005104554237,0.00028968946
0.0003169146237956,0.0002890419
0.0003140708861436,0.00029130746
0.0003231277488188,0.00028357762
0.000317983279101,0.00029562254
0.0002709813461981,0.00029879468
0.000270158583896,0.00028682835
0.0002933022427319,0.00028011476
0.000287449997129,0.0002947298
0.0003134272256062,0.00027686544
0.0003099607053029,0.00028335847
0.0003021301893678,0.0002782495
0.0002948453667634,0.0002851842
0.000298435264346,0.0002915043
0.00033966082125,0.000283851
0.0003508859341706,0.00029951378
0.0003172801433937,0.0003021686
0.0003208789572259,0.0002943113
0.0002999714832911,0.0002934142
0.0003124043816025,0.00028528462
0.0003077524681725,0.00028954935
0.0002941767647137,0.00028058977
0.0002606944847251,0.00027104994
0.0002662958113215,0.00025625277
0.00028588053071,0.00026137783
0.0002712113863611,0.0002663092
0.0002517334559811,0.0002640646
0.0002440441926066,0.0002541337
0.0002625927171474,0.00023813156
0.0002493061099062,0.00025532523
0.0002482867794463,0.00025360985
0.0002187534144035,0.0002404873
0.0002204098430991,0.00023047037
0.0002112384628482,0.00022324095
0.00021269392921590002,0.00021076256
0.00020666482575879997,0.0002066365
0.000165284612282,0.00020199726
0.0001739777711611,0.00018858982
0.0001704690484527,0.00018518748
0.0001874723219116,0.00017198203
0.0002064282190233,0.00018595619
0.00019484076079,0.00019922864
0.0002290510696845,0.0001956858
0.00022895252736899996,0.00022981732
0.0002497805029877,0.00022727673
0.000246008969832,0.00023651273
0.0002362276864146,0.00025494775
0.0002372195694257,0.0002502767
0.0002733566790404,0.00024400598
0.0003325454391909,0.0002521818
0.000311182796579,0.00030625152
0.0003616623595796,0.00031482053
0.0003622342505802,0.0003600645
0.0003751607390423,0.00036383377
0.00038829639975300007,0.00037663913
0.00044304871409770006,0.00037440532
0.00042975150603549993,0.00038939045
0.00048103711490840004,0.00039506025
0.0005228176680196,0.00041155308
0.0005049686378946,0.00044930843
0.0005049509687958,0.0004568049
0.0004951184316204,0.0004587874
0.0004779924423641,0.00045856877
0.0004982678146805,0.00045927434
0.0004838183454543,0.0004529674
0.0005158400948322,0.0004475599
0.0005007932730267,0.00045124092
0.0004791116792802,0.0004533924
0.00049212588945,0.00044777206
0.0004876434110923001,0.000445402
0.00044866323635380005,0.00044353266
0.0003989056456471,0.00042957507
0.00040414451535230006,0.0004082141
0.0003677950435737,0.00039711935
0.0004036593228991,0.00038236126
0.0004961169941657,0.00038400316
0.0004815332405555,0.0004342809
0.0004367496408298,0.0004417248
0.0005270054563152,0.00043678744
0.00047944154034789993,0.0004925662
0.0004521192289143999,0.00048399044
0.0004499783640923,0.00045990653
0.0004581371588572,0.00044791217
0.0004928444895955,0.00044298623
0.0004874200054211,0.0004438546
0.00047675579036030003,0.00044753854
0.0004562844529372,0.00045393282
0.0004244115562242,0.0004508526
0.0004286539979552,0.00043813116
0.00043283596023809993,0.000424827
0.0004104716456123,0.0004153252
0.00044085005686,0.00040461385
0.00044006585054520004,0.00040575664
0.0004432386487191,0.0004052932
0.0004314089112083,0.00041264002
0.0004060567593649,0.00040846
0.0003718510658019,0.00040017095
0.0002834144085414,0.0003863241
0.0002837836469742,0.0003539975
0.0003219040254466,0.00032735197
0.0002372550896483,0.00032320604
0.0002282269171452,0.00029683122
0.000228763907149,0.00027623898
0.00022909632494710002,0.00026921908
0.0002239099496028,0.0002594211
0.0001990166728724,0.00024849523
0.0002037907146901,0.00024065966
0.00019071379846770001,0.00023645251
0.00018884973866899998,0.00022769057
0.00018973375149509996,0.00021937561
0.0001836094089886,0.00021300431
0.0001797414900669,0.0002089646
0.0001795877843591,0.00020369227
0.0001482944452586,0.0001995956
0.0001630434708046,0.00018898919
0.0001748870940702,0.00018748382
0.0001751429199919,0.00019043958
0.0001834425064839,0.00018936099
0.0001815332715279,0.00019292036
0.0001645642898901,0.00019489732
0.0001870869451816,0.00017445828
0.000138706827602,0.00018074173
0.0001615627110404,0.00016695734
0.0001864454297525,0.00017105135
0.0001695636648911,0.00019463833
0.000170620715675,0.00019282126
0.0001723679249219,0.00018993375
0.0002063528454432,0.00017922201
0.00020493006807960004,0.00020978735
0.0002133633316106,0.00021426765
0.00021340694812390002,0.00022316314
0.00021700993619520003,0.00022784842
0.00021399899350119998,0.00023340237
0.0002148121950652,0.00023328782
0.0002406926404766,0.00022497446
0.0002440326381041,0.00023995653
0.0002470813546173,0.00023550617
0.0002312042699664,0.00023976497
0.0002911548802309,0.00023782882
0.0002855646223955,0.00027100838
0.0002845782128704,0.00027695324
0.0002865113879903,0.00028203
0.0002700454997182,0.00028756727
0.0002735246489758,0.00028650614
0.0002491524838652,0.00028502484
0.00023904880663,0.00027824397
0.0002555127916739,0.00027313098
0.0002564331160568,0.00027429496
0.0002568248091136,0.00027374033
0.0002602976840269,0.00027040782
0.0002719684715356,0.0002732227
0.0002632374212439,0.00028174993
0.000301917898468,0.00028065278
0.0003684703613175,0.0002889059
0.0003691779919018,0.00031255945
0.0003680682086698,0.00032917073
0.0003720227787768,0.00034056118
0.0003673290899407,0.0003573815
0.0003504959859708,0.00036100522
0.0003421843489467,0.00035384484
0.0003135778214599,0.0003463082
0.000334635389851,0.00033429495
0.0003853527035877,0.0003350179
0.00038841471126910005,0.0003437763
0.00039192415704739997,0.00035063186
0.0003930959374209,0.00036088467
0.000411957685873,0.00036998696
0.0003975417307727,0.0003784847
0.00040699711833610007,0.00037714737
0.00040470583067370007,0.00037949326
0.0003989298804314,0.00037882588
0.0003566134963629,0.00037660624
0.0003420304132442,0.00036471093
0.0003422250724064,0.00035147427
0.0003621496539148,0.00034065195
0.0002922241673438,0.00034522443
0.0002953060244651,0.00032620996
0.0002950157039546,0.0003142646
0.0002652005761858,0.0003056791
0.0003032310328792,0.0002916554
0.0004384787418458001,0.00029350267
0.00043858896572610006,0.00033309095
0.0004168452378148,0.00035827668
0.0003971303400679,0.0003747158
0.0003685837100713,0.0003837692
0.0003655924611103,0.00038515718
0.0003555209464309,0.00037349298
0.0003545530396452,0.00036077824
0.0003348920301762,0.00035186042
0.0003345945962412,0.00034003853
0.0003087013456488,0.00033027105
0.0003293615292528,0.00031867242
0.0003292767652715,0.00032259143
0.0003436125240037,0.0003187901
0.0003432437724171,0.00032262306
0.0003440801378722,0.00032411792
0.000323702382488,0.0003270471
0.0003339813593627,0.00032850634
0.0003296560290302,0.00032951165
0.0003305866504012,0.0003265397
0.0003362826727564,0.00032385762
0.0003032331726464,0.0003248362
0.0001698600456344,0.00031739264
0.0001706020710811,0.00027896906
0.0001853480317754,0.0002493526
0.0001815894997259,0.00023291705
0.0001649038202513,0.0002154805
0.0001633290641723,0.000201249
0.0001781385072355,0.00019736952
0.000179585613421,0.0001983538
0.0001781356911341,0.00019971094
0.0001786655575513,0.00019876318
0.0001852662491134,0.00020008598
0.00019771328206069996,0.00020464457
0.0001975140797842,0.0002085
0.0001673061636305,0.00021065804
0.0001771247308724,0.00020481487
0.0001785824527667,0.00020065994
0.0001642618776733,0.00019902815
0.0001528814510947,0.00019326975
0.0001617900366017,0.00018424855
0.0001656470607334,0.00018229283
0.0001700349106395,0.00018033931
0.000165647356512,0.00018045914
0.0001627744292664,0.00017899288
0.0001745410686564,0.00017736174
0.0001556023253815,0.00018196387
0.0001642185261223,0.00017845891
0.0001618355264186,0.00017746289
0.0001608580740694,0.00017552832
0.000145746302239,0.0001730979
0.0001408642351682,0.00016551765
0.0001390264515538,0.00015938128
0.0001515056648743,0.00015259378
0.0001612264415156,0.00015478222
0.0001327213135433,0.00016044227
0.0001423596278422,0.00015611152
0.0001504499398283,0.0001568454
0.0001558599240707,0.00015824648
0.0001535312690771,0.00016257622
0.0001447429724517,0.00016013675
0.0001577592412595,0.00016204761
0.0001483643715555,0.00016622603
0.0001467106872871,0.00016241221
0.0001363571695774,0.00015942285
0.0001392959023285,0.00015275415
0.0001444452793942,0.00014931386
0.0001315467041393,0.00014832613
0.000171091687149,0.00014168996
0.0001623574382407,0.00016252871
0.0001609575847634,0.00016429
0.0001632308413701,0.00016519378
0.0001636116976165,0.000167671
0.0001632112746135,0.0001683141
0.0001632428628751,0.00016495177
0.0001503132445472,0.00016154804
0.0001421508261306,0.00015612275
0.0001457600081664,0.00015135779
0.0001391848220994,0.00015076139
0.0001311710192223,0.00014741084
0.0001447135176968,0.00014100374
0.0001730964863691,0.00015205289
0.0001624847848876,0.0001717915
0.0001711024446915,0.00017622401
0.0001791049742642,0.00018158191
0.0001908603664729,0.00019166911
0.0002099778529802,0.00019689368
0.0002183465316648,0.00021361475
0.0002361084679101,0.00022001528
0.0002608361449314,0.00023002725
0.0002154677086282,0.0002531012
0.00022219485547860004,0.00024798108
0.0002298590847822,0.00024443195
0.0002262213926559,0.00024227667
0.00023456149874940004,0.00023694568
0.000234634749964,0.00023320694
0.0002555111390206,0.00023391687
0.0002556158093971,0.00024087627
0.0002567927930955,0.00024276221
0.0002503517625949,0.0002493862
0.0002481447880731,0.0002490188
0.0002552814855534,0.00024797666
0.00022961805396450003,0.00024647868
0.0002034140624708,0.00023571306
0.0002036982702545,0.00022323159
0.0001853652007168,0.00021263087
0.0001824990341488,0.0001999321
0.0001678565797945,0.00018891094
0.000148531159988,0.00017731916
0.0001384084212249,0.00016432385
0.0001151787496921,0.00015257424
9.087670569897456e-05,0.00013726165
0.0001191928486765,0.00012004202
0.000115658910227,0.00011794558
0.0001125553715549,0.000114482486
0.0001164375521557,0.00011193831
0.0001077136051265,0.000111898196
0.0001262693941917,0.00011111883
0.00010684666796939998,0.000116736184
0.00011085508608209998,0.00011314799
0.000127336566815,0.00011246613
0.0001259955841068,0.00011844422
0.0001254097524412,0.00011994566
0.0001194945140898,0.000119941455
0.0001183161055075,0.00012116248
0.0001159979558102,0.00012053516
0.00011730697705219999,0.000117285126
0.00012188743839579999,0.000115598086
0.0001398498357974,0.00011765057
0.0001405454302436,0.00012278586
0.0001419706098053,0.00012749038
0.0001465444981978,0.0001368221
0.0001473203688544,0.0001390731
0.0001524907739109,0.00013836232
0.0001265723556765,0.00014099214
0.0001269960116182,0.00013555713
0.00012103611194559999,0.00013114701
0.00012091617207610001,0.00012556299
0.00012586116063,0.00012239248
0.0001551556221355,0.00011908835
0.0001639189654535,0.00012987816
0.0001839440944462,0.00014008013
0.0001675476478004,0.00015433705
0.0001694750200045,0.00016724902
0.0001746301755341,0.00017095245
0.0001730895872532,0.00016597252
0.0001738870636088,0.00017150263
0.0001842312388183,0.00017102498
0.0001779645245105,0.00017480688
0.0001752203143935,0.0001696467
0.0001543290474821,0.00016866344
0.0001533417247279,0.0001699462
0.0001563369002629,0.00016372453
0.0001601942377336,0.00015994761
0.0001593985884392,0.00015936294
0.000160833123797,0.00015622121
0.0001586378027907,0.00015817325
0.0001588077551175,0.00015668888
0.000158228287577,0.0001567411
0.0001541127769866,0.0001550462
0.0001597901474173,0.00015211443
0.0001246735227604,0.0001536186
0.00011957682117120002,0.00014687353
0.0001059359070484,0.00013676037
0.0001000578862619,0.00012797775
0.00010149042805419999,0.00011663108
9.824563486674454e-05,0.00010981444
0.00010428368711949999,0.00010410979
0.0001047780858754,0.000103605715
9.909732027152958e-05,0.00010306424
9.823338465646328e-05,0.00010063601
9.852664636173686e-05,9.9726654e-05
9.780384166736632e-05,0.00010118653
9.710887089565729e-05,9.94772e-05
9.299038155990887e-05,9.627941e-05
8.312293319450989e-05,9.441038e-05
9.491662922695088e-05,8.91352e-05
9.281350267244838e-05,9.023511e-05
9.513938512868504e-05,9.146113e-05
9.333093617232764e-05,9.091477e-05
0.0001044284031436,8.8588786e-05
0.00010524838243499999,9.282482e-05
9.535823076249467e-05,9.303797e-05
8.272798420717887e-05,9.151968e-05
8.037115188595872e-05,8.8288194e-05
7.376661891859813e-05,8.4718704e-05
7.105405016699336e-05,8.016244e-05
6.73472944223995e-05,7.567775e-05
6.525668811023084e-05,7.219274e-05
6.58393131420714e-05,7.053546e-05
6.754753055742599e-05,7.040951e-05
6.611333914161385e-05,7.022283e-05
6.881237518783024e-05,6.969545e-05
6.320098393108547e-05,6.953107e-05
6.170531941421632e-05,6.8114976e-05
6.890025726456968e-05,6.747815e-05
7.307296945956016e-05,6.795961e-05
7.475503083737548e-05,6.916064e-05
6.778804089493567e-05,6.934651e-05
7.466058773224733e-05,6.8822366e-05
7.397453958468731e-05,7.098007e-05
7.16566925708217e-05,7.067482e-05
6.723954759176032e-05,6.9995476e-05
8.338440021321008e-05,6.842444e-05
8.272878961782728e-05,7.227061e-05
8.507765920701894e-05,7.304366e-05
8.226210747022412e-05,7.461931e-05
7.886084919217522e-05,7.535643e-05
7.809555983801278e-05,7.479645e-05
7.952393895908541e-05,7.358599e-05
8.990536027524628e-05,7.3063486e-05
8.721468590634048e-05,7.6001306e-05
8.338323625509894e-05,7.6838325e-05
8.068010168255446e-05,7.660895e-05
8.053267014818107e-05,7.593105e-05
8.927290762894997e-05,7.519057e-05
8.932928788332979e-05,7.700723e-05
8.403846213507845e-05,7.714304e-05
8.469793188065403e-05,7.664236e-05
8.864221579928877e-05,7.7352124e-05
8.880653389408965e-05,7.821162e-05
7.727199330362628e-05,7.811693e-05
8.234352797442179e-05,7.591578e-05
8.967126469806544e-05,7.6502576e-05
8.452412276209725e-05,7.848948e-05
6.877014581591304e-05,7.76365e-05
7.451101029583658e-05,7.576935e-05
7.523585893325901e-05,7.38391e-05
8.31474793580492e-05,7.212745e-05
8.251999505416042e-05,7.244858e-05
9.91334696139663e-05,7.212844e-05
9.889406776137428e-05,7.8682024e-05
0.0001044275569979,8.1999264e-05
0.0001079365585402,8.678347e-05
0.0001220540811247,9.006602e-05
0.0001280166498019,0.00010009285
0.0001294168614158,0.000107230895
0.0001222025635539,0.00011613378
0.0001273420013683,0.00011610436
0.0001335231411635,0.00011544881
0.0001301065778059,0.00012388453
0.000127157665534,0.00011822789
0.0001268864689024,0.00012132167
0.0001334976538521,0.000118856704
0.0001286639986799,0.00011884022
0.0001536113132496,0.000118338925
0.0001826269356356,0.00012594536
0.0001893001227159,0.00014222758
0.0001837504681053,0.00015513072
0.0001850086782777,0.00016169713
0.0001853161453284,0.00016947542
0.0001923349042058,0.00017445571
0.000175621553003,0.00017490583
0.0002923913599383,0.00016848443
0.000276348941902,0.00021879186
0.0002798562243046,0.00023118728
0.0002702874245421,0.0002462139
0.0002639904540836,0.00025271194
0.0002713945571757,0.00025553384
0.0002703811593724,0.00025402254
0.0002656789235687,0.00025096015
0.0002601198468006,0.00024699164
0.0002614741460901,0.00024300058
0.000258396873248,0.00024064803
0.0002537625722351,0.00023751156
0.0002731487624991,0.00023305848
0.000272162474665,0.0002396398
0.0002538209529079,0.00024088583
0.0002241458786262,0.00023907641
0.000217583280585,0.00022904614
0.0002177194113602,0.00021932366
0.0002135463997986,0.00020973606
0.00020709103831269998,0.00020079121
0.00023715100444480003,0.00019353282
0.0002545852037928,0.00020380357
0.0001433063495523,0.00021595343
0.0001447928926705,0.00019321844
0.0001418514225581,0.00017631636
0.000160755355036,0.00016427787
0.0001671545477379,0.00016003866
0.0001558306073173,0.00015472643
0.0001569803835109,0.00015493031
0.0001568110948256,0.0001556235
0.0001587237615121,0.00015495512
0.0001754777126139,0.00015181662
0.000181947952247,0.00015744152
0.00022446075036709997,0.00016248331
0.00019861096229910002,0.00018290647
0.0001986567153992,0.00018429392
0.00019646370975160001,0.00018734405
0.0002036768699076,0.00019106177
0.0002024152445077,0.00019311844
0.0002059508523092,0.00018976809
0.0002062923464257,0.00019059572
0.0002125694949413,0.00019052943
0.0001774291891719,0.00019348913
0.0001623485537221,0.00018567669
0.0001617530558677,0.00017467405
0.0001781420189744,0.00016642782
0.0001703767263455,0.00016755341
0.0001474067542133,0.00016092478
0.0001436805854304,0.00015372157
0.0001437111522678,0.00014866158
0.0001561892053272,0.00014371834
0.0001575070742663,0.00014151327
0.0001756237783163,0.00014133536
0.0001660290540523,0.0001516631
0.0001604707251869,0.00015459301
0.0001250427180508,0.00015508465
0.0001279279626145,0.00014646168
0.0001269122841305,0.0001387055
0.0001255916383363,0.00013074136
0.0001266783409022,0.00012628632
0.0001377996112823,0.00012381803
0.0002089828123471,0.00012814393
0.0002317269966577,0.00015527091
0.00024408458927,0.00018445695
0.0002549495098137,0.0002117881
0.0002642468504868,0.00022357292
0.0002596241559517,0.00023643438
0.000245294023224,0.00023878731
0.0002450033852641,0.00023234103
0.0002438198536865,0.0002270552
0.0002468589027308,0.00022522552
0.0002503524414962,0.00022731125
0.00023788970057009998,0.00022465433
0.0002396425065162,0.00022603726
0.0002177651148004,0.0002251031
0.0002138286576127,0.00021654744
0.000213747058473,0.00020952159
0.0002075738915584,0.00020299204
0.00020496006844900004,0.00019777041
0.0002100688630594,0.00019109221
0.000199848427752,0.00018957735
0.0001907700305575,0.00018577116
0.0001967626876667,0.00018076322
0.00012187802560929999,0.00018330777
0.00010097592372,0.00016153076
8.220082716480665e-05,0.00013855539
8.43201308756444e-05,0.00011753878
7.652960088270449e-05,0.000109476445
8.447854269580165e-05,9.3885035e-05
8.093495783619557e-05,8.765903e-05
8.136632231587606e-05,8.454263e-05
9.726534096138846e-05,8.282591e-05
9.177902334286793e-05,9.060103e-05
9.416330551381441e-05,9.1448994e-05
0.0001077851142677,9.1901595e-05
0.00010571251018530002,9.74028e-05
0.00010993114379310001,9.941079e-05
0.00010454077526589999,0.00010102415
0.0001046380397493,0.00010193194
0.00010419697583,0.00010192312
0.0001303731056762,0.00010090539
0.000127695483349,0.00011159228
0.0001423824879347,0.00011388432
0.0001484290148321,0.00012241356
0.000131578049367,0.00012892115
0.0001341689312852,0.00012864853
0.0001316589038539,0.00012812053
0.0001309254961662,0.00012669861
0.000123135352427,0.00012487611
0.0001371419579464,0.00012340304
0.0001277941515013,0.00013068534
0.0001289770628582,0.00012519424
0.0001350879182673,0.0001230854
0.000122053857579,0.00012593681
0.0001359075904192,0.00012418207
0.0001313431790778,0.00012676266
0.0001325065399372,0.00012484507
0.0001362659801793,0.00012990591
0.0001379440281396,0.00013021412
0.0001372004598566,0.00013336285
0.0001369455882856,0.00013115944
0.0001401680282774,0.00012983782
0.00011579761833099998,0.0001320302
0.0001132643815434,0.00012478008
0.00010250087069660001,0.00011800413
9.950333233118958e-05,0.00011364982
0.00010298255099460001,0.000108857785
0.0001007337044438,0.000102441125
0.0001007177691248,9.86671e-05
0.0001011341657427,9.687554e-05
9.902755419502512e-05,9.5867355e-05
9.450034447326902e-05,9.538058e-05
9.774879235571185e-05,9.542094e-05
9.705317832429249e-05,9.4015944e-05
0.0001017274243988,9.1725604e-05
0.00010166208765210002,9.292394e-05
8.818370588254402e-05,9.5230665e-05
8.871570369588256e-05,9.276029e-05
7.987667502355335e-05,8.9303576e-05
8.368120991375131e-05,8.518682e-05
7.918471576654026e-05,8.5587366e-05
8.392143721417472e-05,8.200358e-05
8.35305399988241e-05,8.142893e-05
8.003393422194806e-05,8.053896e-05
8.933997040441898e-05,7.9320234e-05
9.249964564610262e-05,8.362106e-05
9.783096655074788e-05,8.482473e-05
9.901979594995594e-05,8.753992e-05
9.565598716081092e-05,9.048311e-05
9.528375300562957e-05,9.0951966e-05
9.603193865777847e-05,9.021372e-05
9.626515954344553e-05,8.966449e-05
9.159797668418149e-05,8.926274e-05
7.831526816821662e-05,8.7240085e-05
8.007218828372638e-05,8.265056e-05
8.071697420081464e-05,8.1592756e-05
7.277905487930671e-05,7.946194e-05
6.92986717534751e-05,7.592942e-05
6.862067873448507e-05,7.259124e-05
6.726946051108487e-05,7.041063e-05
6.112918702068075e-05,6.8322785e-05
5.288292006324192e-05,6.678448e-05
5.616767288003365e-05,6.393142e-05
0.0001005789242731,6.450647e-05
0.00010332249847079998,8.442105e-05
0.00011242266499240001,9.147678e-05
0.0001418025036339,0.000103382234
0.0001487519840007,0.00013586099
0.0001629354177981,0.0001414801
0.0001630044143153,0.00014969813
0.0001694215873772,0.00015342608
0.000170493221174,0.00016450415
0.0001988779632481,0.00016765307
0.0002005357462652,0.00017586128
0.0002061690642473,0.00018423393
0.0002172133456562,0.00019497203
0.00021207812982449998,0.00019803035
0.00021096248935559996,0.00020033149
0.000260654535133,0.00020022439
0.0003241206178302,0.00021596861
0.0003760933621666,0.00024990708
0.0003812414734745,0.00028939536
0.00038884572529759994,0.00031353894
0.0004116848967886,0.00033187572
0.00040656291515490006,0.00035921516
0.0003599636334475,0.0003616497
0.0003700456903796,0.000349782
0.0003610772577799,0.00034780864
0.0003527770927764,0.00033752396
0.0003438022855825,0.00033792618
0.0003272765490271,0.00032537556
0.0003282102855353,0.00031797303
0.0003304961812301,0.00030869182
0.0003318218157932,0.0003054635
0.0003462526199118,0.00029994803
0.0003430580229676,0.00031694127
0.0003384719738308,0.00031343914
0.0003287525220848,0.00030985626
0.0003311777049945,0.00030439923
0.0003336310104968,0.000301798
0.000323110712576,0.00029883083
0.0002597014512876,0.0003010262
0.00021057133174660003,0.00028049402
0.0002225390413838,0.0002539053
0.0002135469333711,0.00023743625
0.00019007516613369998,0.00021946033
0.00019012571802029998,0.00019895066
0.0001925445973078,0.0001878935
0.00020284813942430003,0.00018626168
0.00020246539844279997,0.00019318676
0.0001712012442803,0.0001910399
0.000170085906016,0.0001839815
0.0001794570251127,0.00017612836
0.0001816130034094,0.00017941277
0.0001733564185375,0.00017569205
0.0001707504696874,0.00016990984
0.0001332639774347,0.00016698775
0.0001347907738922,0.00015630538
0.0001351431172524,0.00014657446
0.0001338314200474,0.00013945923
0.0001412719251776,0.00013288426
0.0001388076470325,0.00013326481
9.886370834648197e-05,0.0001307214
0.0001067802368597,0.00012001383
0.0001084945067588,0.00011690617
9.06809977901284e-05,0.00011169966
9.056190577436366e-05,0.00010192225
9.309206931361428e-05,9.455269e-05
0.00010762291744739999,9.241498e-05
0.00010317290423060002,9.922227e-05
7.966320362451124e-05,9.9333854e-05
8.888664957115927e-05,9.378189e-05
8.80304909179419e-05,9.5708674e-05
8.854717486804213e-05,9.256589e-05
8.347680140589017e-05,8.9485235e-05
7.659204216055052e-05,8.789694e-05
7.847651960306725e-05,8.504967e-05
7.873690404488207e-05,8.2648316e-05
7.386145968283009e-05,8.0555794e-05
8.326278795979286e-05,7.792565e-05
8.188339901260071e-05,8.126074e-05
8.202452916242505e-05,8.073444e-05
8.437990185808948e-05,8.0010715e-05
8.590273085593775e-05,8.148041e-05
8.385517281029892e-05,8.245326e-05
8.984970888828449e-05,8.236794e-05
0.0002118788004056,8.841245e-05
0.0002147181658512,0.00016539078
0.0002151634345491,0.00016704165
0.0002169605111931,0.00018060586
0.0002221153397761,0.00019821853
0.00022778210054040003,0.00021073053
0.0002386843685966,0.00020785216
0.0002391279155479,0.00021214408
0.0002383874934998,0.00021692849
0.0002400696403685,0.00021137197
0.00022874123638329998,0.00021795754
0.0002367530244408,0.00021186603
0.00024298631140659996,0.00022505457
0.0002474830762967,0.0002287106
0.0002523201928643,0.00022698166
0.0002417381811592,0.00022242269
0.0002413496969601,0.00021982586
0.0002418913538904,0.00022062703
0.00023582484330460002,0.00021811467
0.00023429256306239997,0.00021864787
0.0002455990195763,0.00021423776
0.0002316477659288,0.00022177838
0.000106920403637,0.00021455158
0.0001048079168295,0.00018089403
0.0001054346029352,0.00015245227
0.00010821383852309998,0.00012980397
8.944383191419452e-05,0.00012094158
8.504787658558862e-05,9.7803684e-05
8.047470897400513e-05,9.436586e-05
0.000156743171516,9.2668866e-05
0.0001570827475155,0.00020281448
0.0001603353199368,0.0001171299
0.0001602546682083,0.0001345889
0.0001581741274351,0.00013823324
0.0001550778005158,0.00015277916
0.0001567612212774,0.00015163158
0.0001513307504087,0.00015584561
0.0001520718238878,0.00014603262
