RTY_LSTM_True_test,RTY_LSTM_11_pred
0.0001441317061766,0.000121689285
0.0001407504439827,0.00012558082
0.0001394173845442,0.00012812534
0.0001392621456138,0.00012958325
0.0001419683753888,0.0001305905
0.0001387895610766,0.00013176036
0.0001741761778933,0.00013209858
0.0001598087713447,0.00013829656
0.0001598208998149,0.00014140605
0.0001438765970399,0.00014394659
0.0001455728046585,0.00014322124
0.0001452912523753,0.00014258204
0.0001453758114824,0.00014177513
0.00010749881106749999,0.00014101119
0.0001013940704732,0.00013413363
0.0001028374904323,0.0001270764
0.0001070254871075,0.00012117991
0.0001002772107391,0.00011683369
9.94523011204017e-05,0.00011204833
9.44917411255409e-05,0.00010818473
9.883894109644078e-05,0.000104423234
8.688657651955602e-05,0.0001021083
8.199890793797079e-05,9.87499e-05
9.499074403132196e-05,9.5457755e-05
9.8225839351e-05,9.444431e-05
9.823299213701548e-05,9.456326e-05
9.725880915430919e-05,9.476562e-05
9.634620713771452e-05,9.484118e-05
6.0496723068140246e-05,9.4793475e-05
6.552298610741919e-05,9.0544316e-05
6.551302809300277e-05,8.753928e-05
6.167718170837162e-05,8.505116e-05
6.050281327157387e-05,8.2476654e-05
6.217119452573046e-05,8.025938e-05
6.388513975835145e-05,7.8552184e-05
5.926789361818049e-05,7.7079174e-05
5.923296028679495e-05,7.532984e-05
5.716853028953676e-05,7.3917145e-05
5.220878750211998e-05,7.2625524e-05
5.196719572640025e-05,7.11477e-05
5.3372973506427994e-05,7.0369126e-05
6.036129954018368e-05,6.976628e-05
6.076897030494668e-05,6.995363e-05
6.290106664621429e-05,7.020948e-05
6.545369601752554e-05,7.0665476e-05
5.5506024388290006e-05,7.1307244e-05
5.27643727911426e-05,7.082745e-05
6.258193589052543e-05,7.024349e-05
6.397566443020795e-05,7.0743685e-05
9.90093163355092e-05,7.135556e-05
0.0001055392770171,7.589795e-05
0.0001003741906862,8.0715996e-05
0.0001216017605433,8.4201725e-05
0.0001271028590015,9.030989e-05
0.0001307827986059,9.660252e-05
0.0001362416432321,0.000102820224
0.0001652702918992,0.000109226785
0.0001652954758704,0.00011984962
0.0001871542167322,0.00012897012
0.0001929137201901,0.00014033905
0.0001933062679488,0.0001510867
0.0001967881193417,0.00015989268
0.0001947309057694,0.00016762098
0.0002190490648571,0.00017335314
0.0002200417360733,0.0001819586
0.0002204610058126,0.00018929955
0.00022692799324000002,0.00019521145
0.0002389850295977,0.00020091223
0.00023669056386149998,0.00020758905
0.0002343582338474,0.00021271312
0.00023399890379559998,0.00021632887
0.0002106996375175,0.0002189364
0.0002048203164699,0.00021647866
0.00021119882900830003,0.0002124437
0.000196375607849,0.00020962392
0.0002075278673792,0.00020430767
0.00020279156981229998,0.00020167253
0.0001955717855649,0.00019877701
0.0001646609240766,0.00019518283
0.0001671579957486,0.00018668866
0.0001456734652034,0.00017976439
0.0001412501492386,0.00017030917
0.0001401516282169,0.0001615099
0.0001368024730666,0.00015413729
0.0001495427679416,0.00014761862
0.00011766550939139998,0.00014438729
0.00011664048179339998,0.00013707383
0.0001170569261577,0.0001307923
0.0001078121651296,0.00012580548
0.00010949101100449999,0.00012049134
0.0001129714272313,0.00011669618
0.00010623634618599998,0.000114141236
0.0001055575926195,0.000111330024
9.30757546416048e-05,0.00010899695
0.000104009439127,0.0001054377
9.923548215595056e-05,0.00010401441
9.427043847915232e-05,0.00010215485
9.50543667169964e-05,0.00010032529
9.492392194329864e-05,9.893417e-05
0.0001030977967852,9.775386e-05
0.0001034619110892,9.8015e-05
0.00010747562588580001,9.831245e-05
0.00010461790799829998,9.9184006e-05
0.00010740310719399999,9.967462e-05
0.0001070366505316,0.0001005545
0.00010686727469109999,0.00010140161
9.429488627812886e-05,0.00010201187
9.240632706974836e-05,0.000100815625
8.719511563637002e-05,9.953237e-05
8.241057934080621e-05,9.767965e-05
8.318204763787686e-05,9.542669e-05
6.887991506707779e-05,9.349407e-05
7.400687824323945e-05,9.015725e-05
7.33889894879345e-05,8.784759e-05
6.970771895758067e-05,8.585919e-05
7.329399051732354e-05,8.375729e-05
6.173639761593881e-05,8.240942e-05
6.010769712238173e-05,8.010349e-05
6.015068466721321e-05,7.817487e-05
4.293673101864588e-05,7.658849e-05
4.4451810826700085e-05,7.362023e-05
3.648909046408679e-05,7.134106e-05
3.644761896418301e-05,6.8645015e-05
3.06355917316727e-05,6.653699e-05
3.034365366191889e-05,6.411508e-05
2.727077176933211e-05,6.2056715e-05
2.8763060274976937e-05,6.008789e-05
2.8868490511548404e-05,5.854578e-05
4.416205929736389e-05,5.7413352e-05
4.291758350820337e-05,5.794213e-05
4.132232828629465e-05,5.8290596e-05
4.35878387524226e-05,5.8681628e-05
4.878553975035932e-05,5.924534e-05
4.617341325982632e-05,6.032903e-05
3.931910106838851e-05,6.1023642e-05
3.917427410635524e-05,6.1081875e-05
4.431038417499303e-05,6.113715e-05
4.124246366231133e-05,6.167821e-05
4.121515327099989e-05,6.178121e-05
4.12340234313513e-05,6.1847604e-05
4.160563701277655e-05,6.170851e-05
4.269308591557165e-05,6.1627565e-05
4.236217158477906e-05,6.16735e-05
4.247855071967515e-05,6.164962e-05
4.216137407338265e-05,6.159434e-05
4.147658239554236e-05,6.156568e-05
4.134267182567228e-05,6.155763e-05
4.00639115086102e-05,6.1537685e-05
3.855193441266168e-05,6.134103e-05
3.867699650254179e-05,6.107181e-05
2.505970002343577e-05,6.085486e-05
2.5790512016694758e-05,5.9384918e-05
2.507435509439469e-05,5.8224974e-05
2.2909052586062028e-05,5.71436e-05
1.8083661419051496e-05,5.602349e-05
1.7270391128636453e-05,5.4622233e-05
1.6269558225548986e-05,5.3361895e-05
1.6421692964656578e-05,5.2211995e-05
1.1181193626615518e-05,5.1257844e-05
1.178055546834404e-05,4.9990536e-05
1.3495796219099644e-05,4.902665e-05
1.3742661700411268e-05,4.8392107e-05
1.2236946151235492e-05,4.8035865e-05
1.7088337461957107e-05,4.7596634e-05
1.665031250935765e-05,4.7694597e-05
1.991150615650777e-05,4.7761947e-05
1.9988022781210243e-05,4.818158e-05
1.993044852787156e-05,4.8552123e-05
2.7996452525491147e-05,4.8882623e-05
3.2612593912938725e-05,4.9912927e-05
3.639034005259304e-05,5.1257273e-05
3.707876050569835e-05,5.27394e-05
3.517988089152417e-05,5.403887e-05
5.181817721855432e-05,5.4963544e-05
5.843538013015352e-05,5.7339974e-05
6.873465656897858e-05,5.990062e-05
7.713550460084994e-05,6.315512e-05
7.755382071424176e-05,6.681133e-05
8.369272912777797e-05,7.006003e-05
8.542591679246612e-05,7.35769e-05
8.682398362671124e-05,7.670307e-05
8.733512939254232e-05,7.949949e-05
8.578603584634835e-05,8.195204e-05
8.622246389965047e-05,8.385108e-05
8.610116932033825e-05,8.5515036e-05
8.141559200621025e-05,8.6614076e-05
8.065448118727287e-05,8.682094e-05
8.174925607143338e-05,8.670102e-05
0.00011988495525469999,8.656547e-05
0.0001663547648834,9.150047e-05
0.000162064323216,0.00010320068
0.0002032430494893,0.00011306654
0.0002032545920279,0.00012905237
0.0002483322326036,0.00014369577
0.0002612628596996,0.0001648972
0.0002913120039819,0.00018604424
0.0003263496877149,0.00020977439
0.00032491799535,0.00023637565
0.000660490832708,0.00025863174
0.0007255721832261,0.00032953327
0.0008509994383177,0.00040354166
0.0013091071905261,0.00048843113
0.001668585310239,0.0006233923
0.002450184089477,0.00078888517
0.0027694391482679,0.0010344838
0.0031041299105615,0.0013014432
0.0034482934853183006,0.0015931367
0.0034650004789093,0.0019097017
0.0034719195258052,0.002200519
0.0040084071328134,0.0024682572
0.0040108428812329,0.0027877304
0.0042140795286127,0.003081075
0.0042445051339094,0.0033810139
0.0042533303404198,0.0036332472
0.0042515913989131,0.0038343195
0.0043537477885861,0.003963278
0.0043741217188291,0.0040791226
0.0043362799798474,0.0041731764
0.0046716488892703,0.004234876
0.004668354250889,0.00436436
0.004434486043794,0.0044994256
0.0044773103347283,0.004541289
0.0043763667747803,0.0045494
0.003928364170499,0.004509294
0.0036519686637356,0.0043659206
0.0028738994368068,0.0041437405
0.0026187755594861,0.003752433
0.0023055544552748,0.003340928
0.0019985232457866,0.0029569801
0.0019820030369633,0.0026037518
0.0019749999850115,0.0023133038
0.0014385451588695,0.0021025857
0.0014453096516559,0.0018633483
0.0011986878789949,0.0016666448
0.0012328496234687,0.0014751568
0.0012627355053398,0.001338015
0.0013450719512777,0.0012489614
0.0011978391571761,0.0012136925
0.0011645379058029,0.0011762748
0.0011674594673704,0.0011443996
0.0007950698037627,0.0011207901
0.0008268115231432,0.0010332532
0.0007210840613011,0.0009554446
0.0006724630937247,0.0008752044
0.000695138810776,0.00080192625
0.0006836968766998,0.0007499849
0.0006067388147812,0.0007116755
0.0007320031453751,0.00067339634
0.0006906796680538,0.0006683283
0.0006964402739237,0.00066267874
0.0006603482657199,0.0006615873
0.0006586925099802,0.00065591856
0.000678739776906,0.0006505124
0.0006994703226619,0.00064899254
0.0006907565236753,0.0006520375
0.0006905739091642,0.0006540493
0.0006241795362011,0.0006560061
0.0005410104781344,0.00064606644
0.000470031276895,0.00062138744
0.000470835085529,0.00058342435
0.0005106047687283,0.0005489344
0.0005032249578026,0.00052715826
0.0005314276708622,0.0005103654
0.000538002354473,0.00050407805
0.0008231569761231,0.0005033503
0.0007800369409490002,0.0005520368
0.0007380767068139,0.0005948415
0.000748404482996,0.00062781427
0.0007662549554483999,0.0006567801
0.0006360527592978,0.0006813329
0.0006172945425622,0.00067587016
0.0005919849470107,0.00066100596
0.0005907240668821,0.0006395497
0.0006502776953626,0.00062010344
0.0006419800726245,0.00061480684
0.0006403269890419,0.000611831
0.0006415558840258,0.00060980854
0.0006458305997296,0.0006107099
0.000648842266448,0.0006132906
0.0006478058795389,0.00061585696
0.0006372719841372,0.00061735365
0.0006496397540113,0.00061704207
0.0006148723774231,0.00061856036
0.0006212076908678,0.0006138827
0.0006054609160763,0.0006102359
0.0005673703210501,0.00060363184
0.0002870359692241,0.00059089746
0.0003156705245792,0.00052754226
0.0003070276970418,0.0004733348
0.0002966339358847,0.00042514567
0.000272374205155,0.00038423485
0.000277899599419,0.0003476614
0.000273691752047,0.0003200957
0.0002711932772825,0.0002987357
0.0002830679014863,0.00028344375
0.0002268519208996,0.00027547643
0.0002213722658482,0.00026074745
0.0002106221501943,0.000247464
0.0001723067661056,0.00023595827
0.0001707077457953,0.00021924646
0.0001761925220309,0.0002048111
0.0001766723551852,0.0001938421
0.0001851479507673,0.00018533271
0.0001720965564544,0.00018028858
0.0001730722761245,0.00017457733
0.0001623938505367,0.00017059293
0.0001503694226142,0.00016576875
0.0001443581703004,0.00016028468
0.0001360936100256,0.00015471612
9.166435822322022e-05,0.00014875857
8.823678710512423e-05,0.00013711806
9.524173575789696e-05,0.00012682007
9.425284952908136e-05,0.00011909387
9.077961539605082e-05,0.00011257522
9.482944216083001e-05,0.00010673665
9.754805419509646e-05,0.0001026767
8.570701895066805e-05,9.982818e-05
8.628588286748751e-05,9.632127e-05
7.988814479882413e-05,9.380257e-05
6.874955461007805e-05,9.1166105e-05
7.41885378207462e-05,8.7929424e-05
7.131910155931791e-05,8.639416e-05
6.253437570523992e-05,8.477948e-05
0.00010587470268340002,8.234681e-05
9.603206980556494e-05,8.533871e-05
0.0001113303383025,8.674203e-05
0.00011654948012370002,9.010276e-05
0.00012038739041719999,9.391154e-05
0.0001161906182269,9.811112e-05
0.0001506102989772,0.00010125631
0.0001487051517789,0.00010978572
0.0001523829482168,0.00011715426
0.0001534631148471,0.00012401078
0.0001463351510468,0.00012986739
0.0001913762739271,0.00013335545
0.0001934064978727,0.00014351103
0.00022450149832119998,0.00015293556
0.0002222914304088,0.00016641927
0.0002380234754105,0.00017775
0.0002630024943352,0.00019008349
0.0002631756227785,0.00020496057
0.0002620161270381,0.00021780809
0.000267131024347,0.00022823457
0.0002662939734195,0.00023727147
0.000299301879192,0.00024373837
0.0002558337517672,0.00025415648
0.000270702370483,0.00025480153
0.0002566319678289,0.00025685132
0.000245675562231,0.00025540317
0.00024144429690910004,0.0002514796
0.0002464427845561,0.00024680028
0.00021831054530150002,0.00024341894
0.00022081791442360002,0.0002354686
0.0002176875995635,0.00022894485
0.0002260554030873,0.00022290197
0.0002256971867542,0.00021958291
0.0001872285296728,0.00021705696
0.0001899157397811,0.00020853954
0.0001547832495046,0.00020153042
0.0001856131510392,0.00018948651
0.0001770665169854,0.00018450795
0.00019215778363760002,0.00017927076
0.0001966248342584,0.00017785605
0.0002072563451864,0.00017825849
0.0002102702377484,0.00018106162
0.00024045701168590001,0.0001845777
0.000205746647723,0.00019345024
0.00023376801762490002,0.00019550195
0.0002224390766167,0.00020215005
0.0002734647206537,0.00020575571
0.0002847084284103,0.00021770092
0.0002845803068542,0.0002303998
0.0002940969789737,0.00024142102
0.0003014088761034,0.00025243027
0.0003160261048395,0.00026278847
0.000314699824152,0.00027367548
0.0003181249055671,0.00028221242
0.0003188107182234,0.00028935078
0.0003129150615232,0.00029485888
0.0003138907537644,0.00029766382
0.0003223290200443,0.0002994794
0.0002962859267779,0.00030193685
0.0002891138855086,0.0002991111
0.0002777349349494,0.00029476092
0.0002731996228865,0.00028847076
0.000264054829585,0.0002819099
0.0002489812698179,0.00027447595
0.00022879512219300003,0.0002654189
0.00023155677825120003,0.00025406858
0.0002053100113021,0.00024486645
0.0002102307212837,0.00023263926
0.0001581135801605,0.00022329441
0.0001512592874418,0.00020660597
0.0001514859920916,0.00019138498
0.0001498451975927,0.00017877432
0.0001397106688147,0.00016836693
0.0001254830120984,0.00015843805
0.0001286695579924,0.0001483244
0.00011673247008779999,0.00014079107
0.00011714208416110002,0.000133232
0.0001168347564808,0.00012723298
0.00011039119241569999,0.00012270558
0.00010430103688840001,0.00011819975
0.0001196564239444,0.000114195835
0.0001221270377781,0.00011326067
9.132352265834952e-05,0.00011306271
0.0001049880818364,0.00010861866
0.00011110494827140001,0.00010688037
0.0001640686258891,0.00010652575
0.0001612251471141,0.00011481647
0.000160728419093,0.00012208444
0.0001590773681279,0.00012855564
0.0001561152128398,0.00013400624
0.0001611859384325,0.0001381856
0.0001666175001443,0.00014244013
0.000183851698805,0.00014673977
0.0001735346163672,0.00015330504
0.000170067096785,0.00015695134
0.0001741298203768,0.00015885435
0.0001740740536124,0.0001607077
0.0001751515931242,0.00016186589
0.0001783630100486,0.00016298107
0.0001990282645691,0.00016441825
0.0001978797959149,0.00016933681
0.0002094336608435,0.00017351749
0.0002092692927134,0.00017916031
0.00020964250606500003,0.00018400518
0.0002078327735785,0.00018814126
0.00020291741270069997,0.0001912578
0.0001978088237152,0.0001927373
0.0001630823791451,0.00019258121
0.0001540538674951,0.00018566393
0.0001574768449997,0.00017743105
0.0001570101198775,0.00017063884
0.0001501109324474,0.00016472534
0.0001488345793443,0.00015873343
0.0001428622342552,0.00015356856
0.0001412972517339,0.00014847312
0.0001544387089535,0.00014422354
0.0001579391638398,0.00014316525
0.000155990590531,0.00014334492
0.0001731678419219,0.0001436225
0.0002378544461348,0.00014735443
0.0002335663619137,0.00016243692
0.0002525812456975,0.00017562567
0.0002742204562576,0.00019086644
0.0002686221074114,0.00020822478
0.0002846602179989,0.00022236712
0.000299940399731,0.00023703645
0.0003006652779974,0.00025165672
0.0003066152549632,0.00026319755
0.0003163258826326,0.0002727469
0.0003197700558371,0.0002815228
0.0003209155825803,0.0002888419
0.0003153360275272,0.00029463178
0.0003297917195088,0.00029798452
0.0003314994420379,0.00030276834
0.0003667612421552,0.00030684762
0.0003656760776567,0.00031648416
0.000354130085278,0.00032493845
0.0003924987158021,0.00033004794
0.0004097844138042,0.00034084852
0.00042996536469519996,0.00035341558
0.0004255198619299,0.00036796185
0.00039390204364519993,0.0003796741
0.0004072592851799,0.00038337673
0.0003739670462261,0.00038744183
0.0003613598475107,0.00038375112
0.0003536563213757,0.00037689848
0.0003180666757235,0.0003682494
0.0003125898068482,0.000353848
0.0003147305954026,0.00034025466
0.0002999346173624,0.00032904246
0.0002874737540845,0.00031745108
0.0002656643761868,0.00030578498
0.0002695035577191,0.00029247615
0.0002711229194432,0.00028240326
0.0002569073183824,0.0002747048
0.0002611735016622,0.00026650715
0.00023589384084710002,0.0002608416
0.0002594782769093,0.00025195093
0.0002551376031071,0.00024905716
0.0002112344517821,0.00024648177
0.0001934177916412,0.00023671416
0.0001680907763401,0.00022489189
0.0001522233840105,0.00021005189
0.0001190313950103,0.00019468291
0.0001147634480385,0.0001763717
0.0001085011007422,0.00016047843
0.0001064042170014,0.00014663655
0.0001060909633925,0.00013503399
0.0001050281758763,0.00012589646
9.927817150291698e-05,0.00011825676
0.0001263748531112,0.00011163228
0.0001265202745947,0.00011085985
0.0001698344508276,0.00011108817
0.0001842864805182,0.000119319
0.0002074717359008,0.0001298291
0.0002058699818093,0.00014391972
0.00020706389793860003,0.0001565237
0.0002032314226887,0.00016758354
0.00018982640734260003,0.00017604763
0.0001639229205129,0.00018011249
0.0001650470003214,0.00017771154
0.0001570959851235,0.00017449618
0.0001732534257208,0.00016934336
0.0001787957675402,0.00016734948
0.0001788439284164,0.00016657152
0.0001826901566124,0.00016613367
0.0001736040947666,0.00016665524
0.0001760091309896,0.00016586366
0.0001688467575245,0.00016578558
0.0001758428298552,0.0001645865
0.0001791310110543,0.00016488756
0.0001752064779364,0.00016585106
0.0001487309016907,0.00016593581
0.000151429934103,0.00016123086
0.0001105636743004,0.00015730393
9.75543932832268e-05,0.00014708855
7.015712110259459e-05,0.00013634042
7.776201572136534e-05,0.00012376271
9.903404945891136e-05,0.00011428223
0.00011406507341009999,0.00010899214
0.00011271165935239999,0.00010677268
0.0001121248040639,0.00010496724
0.00011611614262199998,0.000103779494
0.00011314001431250001,0.000103937295
9.601085486174519e-05,0.00010435722
9.236874772505306e-05,0.0001025396
9.231343580986717e-05,0.00010102011
8.900898670956434e-05,9.978272e-05
9.38436955959674e-05,9.8463315e-05
9.917127263567963e-05,9.766193e-05
0.00010251084764009999,9.737328e-05
9.78958780706222e-05,9.742351e-05
0.00011797764530469999,9.691862e-05
0.00011503797952589998,9.947019e-05
0.0001255607748561,0.00010135098
0.0001313218441135,0.00010481005
0.0001287292930037,0.0001090832
0.0001311738101028,0.000112427486
0.0001363070633275,0.00011566373
0.0001731295028908,0.00011923404
0.0001648414303079,0.00012840307
0.000156263032513,0.00013494128
0.0001578106557724,0.00013897792
0.0001588573524047,0.00014235506
0.000156779049223,0.00014500441
0.0001699690002016,0.00014661074
0.0001711701226204,0.00014998362
0.0001701535317214,0.0001529485
0.00017054380295,0.00015516278
0.0001695420064678,0.00015690456
0.0001693429785977,0.00015800374
0.0001768576772342,0.00015864403
0.000174560866506,0.00016055984
0.000173422419106,0.00016180628
0.0001504159730176,0.0001625602
0.0001516722856561,0.00015897783
0.0001380413911869,0.00015582149
0.0001338043628026,0.0001505993
0.0001372802528216,0.00014535176
0.0001402397029042,0.00014143693
0.0001380798614824,0.00013869708
9.900276968422736e-05,0.00013621169
9.853110935383848e-05,0.00012819072
0.00010524651592500002,0.00012124297
0.00010773263283250002,0.00011639135
0.00010707498503520001,0.00011286693
0.00011011150494980001,0.00011017006
0.0001300249220685,0.0001084611
0.0001281679233884,0.00011032822
0.0001275179032048,0.00011197755
0.0001279995941317,0.000113556925
0.0001280082962454,0.00011521313
0.0001256711135504,0.00011684791
0.0001127098729844,0.000118173106
0.0001174013046918,0.00011706633
0.0001158634862676,0.00011661389
0.00011951140133710002,0.00011578765
0.0001198268171065,0.00011552504
0.000127298977301,0.000115259674
0.0001282018015413,0.0001160642
0.000124456108388,0.00011702151
0.00011762276051049999,0.000117354575
0.0001428191178858,0.00011662014
0.0001373552531211,0.000120087665
0.0001315212167481,0.00012230198
0.0001293136100481,0.0001233339
0.0001262279246697,0.00012372187
0.0001342733226719,0.00012343582
0.0001520497502348,0.00012438509
0.00011875917129029998,0.00012814564
0.00012047144572630002,0.00012585218
0.000133969830448,0.00012401937
0.0001371419271442,0.000124499
0.0001374984793172,0.00012547846
0.0001360871692874,0.000126273
0.0001451860737025,0.0001268515
0.0001415841266273,0.00012892918
0.0001427112382596,0.00013017941
0.0001403197700215,0.000131449
0.000139148097076,0.00013204476
0.0001389325796125,0.00013222752
0.0001345271927307,0.00013247848
0.0001344543286221,0.00013180797
0.0001347887311894,0.0001310164
0.00010652962584209998,0.00013033091
0.0001065226178082,0.00012522524
9.865156961068092e-05,0.00012073923
8.851034664975783e-05,0.000115674644
9.02918139218258e-05,0.0001101037
9.746874780261545e-05,0.000105684565
8.911287948676409e-05,0.000102925274
8.921632173930269e-05,9.9625104e-05
0.00011044342661189998,9.695138e-05
9.669648487241216e-05,9.768033e-05
0.0001017251276763,9.661589e-05
0.000100651944313,9.6630734e-05
0.00010426499620370001,9.694991e-05
9.235146750106482e-05,9.7804674e-05
9.463246773250313e-05,9.702634e-05
0.00010988421208889998,9.675241e-05
0.0001092735865767,9.861018e-05
0.00010896884525150001,0.00010002051
0.0001035399108648,0.00010124602
0.000102712323579,0.0001014721
0.00011143386934019998,0.00010132827
0.0001135614080961,0.00010262017
0.0001171786501021,0.00010400886
0.0001186642090276,0.000105790066
0.0001182956770082,0.00010754328
0.00011528801743020001,0.00010906379
0.0001723915955412,0.00010981216
0.0001567879533674,0.000119758675
0.0001547738094509,0.00012600745
0.0001739723156987,0.00013112513
0.00019084131621350002,0.00013882351
0.0002046819556671,0.00014849662
0.0002222576542118,0.0001593032
0.0002509657333291,0.00017172721
0.0002520552762037,0.00018753453
0.0002676722860574,0.0002013811
0.0002630115149065,0.00021581787
0.0002512511654962,0.00022685394
0.0002512122887501,0.00023343133
0.0002702904861784,0.00023772656
0.000277907039547,0.00024353027
0.0002874436686808,0.00024929128
0.0002842316364759,0.00025563512
0.0003290258007449,0.000260283
0.0003302074663777,0.00027206907
0.0003338145312598,0.0002828685
0.00033827004725,0.0002928525
0.0003393194380712,0.0003019233
0.0002792576749822,0.00030937837
0.0002791534527957,0.0003041348
0.0002656853825323,0.00029762086
0.0002504319326515,0.0002883353
0.0002096601089964,0.0002769075
0.0002492122034662,0.00025924033
0.00022397066367979999,0.0002511476
0.0001995670164555,0.00024035497
0.00019412163453030003,0.00022738132
0.0001839240325919,0.00021584421
0.0001864535307037,0.00020471521
0.000184194316105,0.0001961476
0.0001832985925599,0.00018948512
0.000202246740377,0.00018416552
0.0002015195643169,0.00018369949
0.00020316137558410002,0.0001839982
0.0002074150261794,0.00018531614
0.00019161905998679997,0.0001873837
0.00019060078508190001,0.00018670778
0.000188498549805,0.00018589885
0.0001953806537797,0.00018464403
0.00022288963588609997,0.00018465739
0.0002775415909816,0.00018960658
0.0002879250006158,0.00020415556
0.0002891758922147,0.00021963766
0.0002929256082679,0.00023391799
0.0002984042706749,0.00024713128
0.0002486841571378,0.00025923445
0.0002647348308289,0.00025957823
0.0002787760211424,0.0002604475
0.0002863586183463,0.0002625253
0.0002829319008019,0.0002651734
0.000280465459277,0.00026646792
0.0003162125630649,0.00026697855
0.0003165831466093,0.00027388617
0.0003033039794677,0.00028050484
0.0002971874910427,0.00028406744
0.0002943979270105,0.000285757
0.0002983553695293,0.00028609482
0.0003005104554237,0.00028661915
0.0003169146237956,0.00028708938
0.0003140708861436,0.00029024304
0.0003231277488188,0.0002926062
0.000317983279101,0.00029633666
0.0002709813461981,0.00029880935
0.000270158583896,0.000292167
0.0002933022427319,0.00028534085
0.000287449997129,0.0002832254
0.0003134272256062,0.00028051226
0.0003099607053029,0.00028311953
0.0003021301893678,0.00028544117
0.0002948453667634,0.00028649086
0.000298435264346,0.00028615518
0.00033966082125,0.0002864498
0.0003508859341706,0.000293983
0.0003172801433937,0.00030313595
0.0003208789572259,0.0003054368
0.0002999714832911,0.00030734148
0.0003124043816025,0.00030458183
0.0003077524681725,0.00030366323
0.0002941767647137,0.00030170506
0.0002606944847251,0.0002973849
0.0002662958113215,0.00028719244
0.00028588053071,0.00027901476
0.0002712113863611,0.0002757836
0.0002517334559811,0.00027084112
0.0002440441926066,0.00026326862
0.0002625927171474,0.00025573658
0.0002493061099062,0.0002527924
0.0002482867794463,0.0002485718
0.0002187534144035,0.00024502957
0.0002204098430991,0.0002369313
0.0002112384628482,0.00023017604
0.00021269392921590002,0.00022285809
0.00020666482575879997,0.00021697674
0.000165284612282,0.0002111161
0.0001739777711611,0.00019903126
0.0001704690484527,0.00019021718
0.0001874723219116,0.00018242415
0.0002064282190233,0.00017901795
0.00019484076079,0.00018029066
0.0002290510696845,0.00018017877
0.00022895252736899996,0.00018687351
0.0002497805029877,0.00019335901
0.000246008969832,0.00020323081
0.0002362276864146,0.00021150855
0.0002372195694257,0.00021686421
0.0002733566790404,0.000221043
0.0003325454391909,0.00023049947
0.000311182796579,0.0002491809
0.0003616623595796,0.00026219423
0.0003622342505802,0.0002820154
0.0003751607390423,0.00029947108
0.00038829639975300007,0.0003162467
0.00044304871409770006,0.0003322618
0.00042975150603549993,0.00035490867
0.00048103711490840004,0.00037194433
0.0005228176680196,0.00039456703
0.0005049686378946,0.00042115618
0.0005049509687958,0.00044082198
0.0004951184316204,0.00045603453
0.0004779924423641,0.00046582782
0.0004982678146805,0.00046871268
0.0004838183454543,0.00047281318
0.0005158400948322,0.0004726629
0.0005007932730267,0.00047752142
0.0004791116792802,0.00047897987
0.00049212588945,0.00047652982
0.0004876434110923001,0.00047599117
0.00044866323635380005,0.0004744323
0.0003989056456471,0.00046597418
0.00040414451535230006,0.00044872702
0.0003677950435737,0.00043362385
0.0004036593228991,0.00041410144
0.0004961169941657,0.00040379044
0.0004815332405555,0.0004132266
0.0004367496408298,0.00042186203
0.0005270054563152,0.00042324554
0.00047944154034789993,0.0004407465
0.0004521192289143999,0.00044869687
0.0004499783640923,0.0004494715
0.0004581371588572,0.00044809034
0.0004928444895955,0.0004470511
0.0004874200054211,0.00045177533
0.00047675579036030003,0.0004558242
0.0004562844529372,0.00045737534
0.0004244115562242,0.00045435625
0.0004286539979552,0.00044569248
0.00043283596023809993,0.00043829269
0.0004104716456123,0.0004315996
0.00044085005686,0.00042223098
0.00044006585054520004,0.00041996257
0.0004432386487191,0.0004190304
0.0004314089112083,0.00041974802
0.0004060567593649,0.00041868494
0.0003718510658019,0.000413271
0.0002834144085414,0.0004018003
0.0002837836469742,0.00037487104
0.0003219040254466,0.00035021905
0.0002372550896483,0.0003357282
0.0002282269171452,0.00030930922
0.000228763907149,0.0002856464
0.00022909632494710002,0.00026619012
0.0002239099496028,0.00025092493
0.0001990166728724,0.00023839093
0.0002037907146901,0.00022462508
0.00019071379846770001,0.00021478753
0.00018884973866899998,0.00020503205
0.00018973375149509996,0.00019759445
0.0001836094089886,0.00019194683
0.0001797414900669,0.00018632592
0.0001795877843591,0.00018177852
0.0001482944452586,0.0001781852
0.0001630434708046,0.00016991151
0.0001748870940702,0.0001653818
0.0001751429199919,0.00016389182
0.0001834425064839,0.00016324034
0.0001815332715279,0.00016448104
0.0001645642898901,0.00016563052
0.0001870869451816,0.00016378626
0.000138706827602,0.00016619574
0.0001615627110404,0.00015987415
0.0001864454297525,0.00015806244
0.0001695636648911,0.00016097921
0.000170620715675,0.00016086754
0.0001723679249219,0.00016083165
0.0002063528454432,0.00016108446
0.00020493006807960004,0.0001675106
0.0002133633316106,0.00017325627
0.00021340694812390002,0.00017999981
0.00021700993619520003,0.0001859181
0.00021399899350119998,0.00019151406
0.0002148121950652,0.00019562326
0.0002406926404766,0.00019876468
0.0002440326381041,0.00020572526
0.0002470813546173,0.0002123106
0.0002312042699664,0.00021832567
0.0002911548802309,0.00022032634
0.0002855646223955,0.00023254126
0.0002845782128704,0.00024261881
0.0002865113879903,0.00025104635
0.0002700454997182,0.00025827426
0.0002735246489758,0.00026086275
0.0002491524838652,0.0002626124
0.00023904880663,0.00025884982
0.0002555127916739,0.0002527385
0.0002564331160568,0.0002499228
0.0002568248091136,0.00024769764
0.0002602976840269,0.0002461754
0.0002719684715356,0.0002456935
0.0002632374212439,0.0002479124
0.000301917898468,0.00024876374
0.0003684703613175,0.00025682972
0.0003691779919018,0.00027631712
0.0003680682086698,0.00029471444
0.0003720227787768,0.00031078438
0.0003673290899407,0.0003247845
0.0003504959859708,0.00033497732
0.0003421843489467,0.00033929475
0.0003135778214599,0.0003397119
0.000334635389851,0.0003332612
0.0003853527035877,0.0003299144
0.00038841471126910005,0.0003360721
0.00039192415704739997,0.0003430905
0.0003930959374209,0.00035033663
0.000411957685873,0.00035736334
0.0003975417307727,0.0003669128
0.00040699711833610007,0.00037257362
0.00040470583067370007,0.0003784326
0.0003989298804314,0.0003824151
0.0003566134963629,0.00038394678
0.0003420304132442,0.00037699164
0.0003422250724064,0.0003670453
0.0003621496539148,0.00035742452
0.0002922241673438,0.00035269896
0.0002953060244651,0.00033666348
0.0002950157039546,0.00032305048
0.0002652005761858,0.00031153814
0.0003032310328792,0.00029695965
0.0004384787418458001,0.00029188377
0.00043858896572610006,0.00031272852
0.0004168452378148,0.00033437647
0.0003971303400679,0.00035182157
0.0003685837100713,0.00036361412
0.0003655924611103,0.000367236
0.0003555209464309,0.00036720597
0.0003545530396452,0.0003636523
0.0003348920301762,0.0003586749
0.0003345945962412,0.00034989408
0.0003087013456488,0.00034222123
0.0003293615292528,0.0003312755
0.0003292767652715,0.00032511874
0.0003436125240037,0.0003207535
0.0003432437724171,0.00032050587
0.0003440801378722,0.00032123778
0.000323702382488,0.0003228069
0.0003339813593627,0.00032082808
0.0003296560290302,0.00032075992
0.0003305866504012,0.00031984336
0.0003362826727564,0.00031915045
0.0003032331726464,0.00031944385
0.0001698600456344,0.00031394523
0.0001706020710811,0.0002839311
0.0001853480317754,0.00025654162
0.0001815894997259,0.00023535293
0.0001649038202513,0.0002173336
0.0001633290641723,0.00020023675
0.0001781385072355,0.0001865797
0.000179585613421,0.00017834945
0.0001781356911341,0.00017299867
0.0001786655575513,0.00016939189
0.0001852662491134,0.00016744754
0.00019771328206069996,0.00016804351
0.0001975140797842,0.00017199956
0.0001673061636305,0.00017552546
0.0001771247308724,0.0001729871
0.0001785824527667,0.00017218036
0.0001642618776733,0.00017160323
0.0001528814510947,0.00016841684
0.0001617900366017,0.0001634344
0.0001656470607334,0.0001605487
0.0001700349106395,0.00015887905
0.000165647356512,0.00015842599
0.0001627744292664,0.00015746812
0.0001745410686564,0.00015626577
0.0001556023253815,0.00015752611
0.0001642185261223,0.0001556145
0.0001618355264186,0.00015534901
0.0001608580740694,0.0001547656
0.000145746302239,0.00015416763
0.0001408642351682,0.00015102809
0.0001390264515538,0.00014730547
0.0001515056648743,0.00014374213
0.0001612264415156,0.00014281539
0.0001327213135433,0.00014391597
0.0001423596278422,0.00014027124
0.0001504499398283,0.00013866817
0.0001558599240707,0.00013889016
0.0001535312690771,0.00014014474
0.0001447429724517,0.00014103614
0.0001577592412595,0.00014039104
0.0001483643715555,0.00014212566
0.0001467106872871,0.00014204778
0.0001363571695774,0.00014160205
0.0001392959023285,0.00013931167
0.0001444452793942,0.00013769763
0.0001315467041393,0.0001373149
0.000171091687149,0.0001347938
0.0001623574382407,0.00013923945
0.0001609575847634,0.00014191358
0.0001632308413701,0.00014415583
0.0001636116976165,0.00014657744
0.0001632112746135,0.00014867094
0.0001632428628751,0.00015038766
0.0001503132445472,0.00015175602
0.0001421508261306,0.00015052098
0.0001457600081664,0.00014770843
0.0001391848220994,0.00014563065
0.0001311710192223,0.00014272421
0.0001447135176968,0.00013865155
0.0001730964863691,0.0001374671
0.0001624847848876,0.00014154881
0.0001711024446915,0.0001436511
0.0001791049742642,0.0001472216
0.0001908603664729,0.00015194919
0.0002099778529802,0.0001583597
0.0002183465316648,0.00016749924
0.0002361084679101,0.00017705807
0.0002608361449314,0.000188492
0.0002154677086282,0.00020280357
0.00022219485547860004,0.00020681751
0.0002298590847822,0.0002102942
0.0002262213926559,0.00021382027
0.00023456149874940004,0.0002154612
0.000234634749964,0.00021763875
0.0002555111390206,0.00021919578
0.0002556158093971,0.00022414453
0.0002567927930955,0.00022859513
0.0002503517625949,0.00023273936
0.0002481447880731,0.00023515381
0.0002552814855534,0.0002365401
0.00022961805396450003,0.00023872891
0.0002034140624708,0.00023559359
0.0002036982702545,0.00022738404
0.0001853652007168,0.00021966886
0.0001824990341488,0.00020944476
0.0001678565797945,0.00020015369
0.000148531159988,0.00018986475
0.0001384084212249,0.00017805527
0.0001151787496921,0.00016651746
9.087670569897456e-05,0.00015342401
0.0001191928486765,0.00013924882
0.000115658910227,0.00013131765
0.0001125553715549,0.00012478176
0.0001164375521557,0.00011950934
0.0001077136051265,0.00011603944
0.0001262693941917,0.00011241153
0.00010684666796939998,0.00011251686
0.00011085508608209998,0.000110210196
0.000127336566815,0.00010923195
0.0001259955841068,0.000111187255
0.0001254097524412,0.000113015376
0.0001194945140898,0.00011466615
0.0001183161055075,0.00011486101
0.0001159979558102,0.00011487666
0.00011730697705219999,0.00011447864
0.00012188743839579999,0.00011424922
0.0001398498357974,0.00011478924
0.0001405454302436,0.000117988624
0.0001419706098053,0.000121095865
0.0001465444981978,0.00012400666
0.0001473203688544,0.00012721177
0.0001524907739109,0.00013016873
0.0001265723556765,0.00013357356
0.0001269960116182,0.00013210645
0.00012103611194559999,0.00013054993
0.00012091617207610001,0.00012800746
0.00012586116063,0.00012560023
0.0001551556221355,0.00012416189
0.0001639189654535,0.00012760493
0.0001839440944462,0.00013237794
0.0001675476478004,0.00014038659
0.0001694750200045,0.00014483211
0.0001746301755341,0.00014901537
0.0001730895872532,0.0001534834
0.0001738870636088,0.00015695543
0.0001842312388183,0.00015971328
0.0001779645245105,0.00016358255
0.0001752203143935,0.00016542544
0.0001543290474821,0.00016609146
0.0001533417247279,0.0001625361
0.0001563369002629,0.00015897347
0.0001601942377336,0.00015620966
0.0001593985884392,0.00015464363
0.000160833123797,0.00015324216
0.0001586378027907,0.00015238937
0.0001588077551175,0.00015145012
0.000158228287577,0.00015079972
0.0001541127769866,0.00015022393
0.0001597901474173,0.00014917071
0.0001246735227604,0.00014933036
0.00011957682117120002,0.0001436431
0.0001059359070484,0.00013773004
0.0001000578862619,0.00013045045
0.00010149042805419999,0.00012337502
9.824563486674454e-05,0.00011764386
0.00010428368711949999,0.00011249292
0.0001047780858754,0.00010905265
9.909732027152958e-05,0.00010639883
9.823338465646328e-05,0.0001036093
9.852664636173686e-05,0.00010139582
9.780384166736632e-05,9.973348e-05
9.710887089565729e-05,9.878761e-05
9.299038155990887e-05,9.804098e-05
8.312293319450989e-05,9.704326e-05
9.491662922695088e-05,9.498692e-05
9.281350267244838e-05,9.471844e-05
9.513938512868504e-05,9.4229006e-05
9.333093617232764e-05,9.406254e-05
0.0001044284031436,9.372476e-05
0.00010524838243499999,9.5048104e-05
9.535823076249467e-05,9.634437e-05
8.272798420717887e-05,9.61296e-05
8.037115188595872e-05,9.434538e-05
7.376661891859813e-05,9.2563976e-05
7.105405016699336e-05,9.028328e-05
6.73472944223995e-05,8.81384e-05
6.525668811023084e-05,8.571348e-05
6.58393131420714e-05,8.340343e-05
6.754753055742599e-05,8.142484e-05
6.611333914161385e-05,7.994319e-05
6.881237518783024e-05,7.842786e-05
6.320098393108547e-05,7.750233e-05
6.170531941421632e-05,7.632586e-05
6.890025726456968e-05,7.5383294e-05
7.307296945956016e-05,7.540929e-05
7.475503083737548e-05,7.599687e-05
6.778804089493567e-05,7.675856e-05
7.466058773224733e-05,7.66967e-05
7.397453958468731e-05,7.743892e-05
7.16566925708217e-05,7.799511e-05
6.723954759176032e-05,7.819916e-05
8.338440021321008e-05,7.792582e-05
8.272878961782728e-05,7.945232e-05
8.507765920701894e-05,8.077085e-05
8.226210747022412e-05,8.215969e-05
7.886084919217522e-05,8.29146e-05
7.809555983801278e-05,8.311429e-05
7.952393895908541e-05,8.320195e-05
8.990536027524628e-05,8.353292e-05
8.721468590634048e-05,8.494711e-05
8.338323625509894e-05,8.5823536e-05
8.068010168255446e-05,8.612174e-05
8.053267014818107e-05,8.6077605e-05
8.927290762894997e-05,8.579505e-05
8.932928788332979e-05,8.661289e-05
8.403846213507845e-05,8.730172e-05
8.469793188065403e-05,8.72925e-05
8.864221579928877e-05,8.7405664e-05
8.880653389408965e-05,8.797093e-05
7.727199330362628e-05,8.8433e-05
8.234352797442179e-05,8.7312954e-05
8.967126469806544e-05,8.7015505e-05
8.452412276209725e-05,8.76876e-05
6.877014581591304e-05,8.7645014e-05
7.451101029583658e-05,8.5758744e-05
7.523585893325901e-05,8.468602e-05
8.31474793580492e-05,8.386648e-05
8.251999505416042e-05,8.413073e-05
9.91334696139663e-05,8.425353e-05
9.889406776137428e-05,8.637784e-05
0.0001044275569979,8.824656e-05
0.0001079365585402,9.082538e-05
0.0001220540811247,9.355742e-05
0.0001280166498019,9.8045515e-05
0.0001294168614158,0.00010306581
0.0001222025635539,0.00010789015
0.0001273420013683,0.00011075091
0.0001335231411635,0.00011387737
0.0001301065778059,0.000117331445
0.000127157665534,0.00011953602
0.0001268864689024,0.00012058301
0.0001334976538521,0.00012123131
0.0001286639986799,0.00012263896
0.0001536113132496,0.00012290954
0.0001826269356356,0.00012714445
0.0001893001227159,0.00013589078
0.0001837504681053,0.00014510893
0.0001850086782777,0.00015236516
0.0001853161453284,0.00015865582
0.0001923349042058,0.00016386308
0.000175621553003,0.00016923742
0.0002923913599383,0.0001704039
0.000276348941902,0.00019187621
0.0002798562243046,0.00020863091
0.0002702874245421,0.00022385627
0.0002639904540836,0.00023488802
0.0002713945571757,0.0002425734
0.0002703811593724,0.0002495184
0.0002656789235687,0.00025395732
0.0002601198468006,0.0002557175
0.0002614741460901,0.0002552249
0.000258396873248,0.00025427068
0.0002537625722351,0.0002525653
0.0002731487624991,0.00024997068
0.000272162474665,0.00025142895
0.0002538209529079,0.0002529291
0.0002241458786262,0.0002511097
0.000217583280585,0.00024388745
0.0002177194113602,0.00023585997
0.0002135463997986,0.00022871894
0.00020709103831269998,0.00022183989
0.00023715100444480003,0.00021501517
0.0002545852037928,0.00021492696
0.0001433063495523,0.00021886948
0.0001447928926705,0.00020300884
0.0001418514225581,0.00018882142
0.000160755355036,0.0001760717
0.0001671545477379,0.00016859226
0.0001558306073173,0.00016390989
0.0001569803835109,0.00015861687
0.0001568110948256,0.0001548214
0.0001587237615121,0.00015204842
0.0001754777126139,0.00015053825
0.000181947952247,0.00015249288
0.00022446075036709997,0.00015586987
0.00019861096229910002,0.00016745752
0.0001986567153992,0.00017322994
0.00019646370975160001,0.0001779384
0.0002036768699076,0.00018118435
0.0002024152445077,0.00018490144
0.0002059508523092,0.00018759377
0.0002062923464257,0.00019012256
0.0002125694949413,0.0001919414
0.0001774291891719,0.00019432133
0.0001623485537221,0.00018974842
0.0001617530558677,0.00018257945
0.0001781420189744,0.00017579779
0.0001703767263455,0.00017298726
0.0001474067542133,0.00016945915
0.0001436805854304,0.00016270329
0.0001437111522678,0.00015628416
0.0001561892053272,0.00015096317
0.0001575070742663,0.00014877223
0.0001756237783163,0.00014754565
0.0001660290540523,0.0001500615
0.0001604707251869,0.00015126915
0.0001250427180508,0.00015154408
0.0001279279626145,0.00014565952
0.0001269122841305,0.00014073722
0.0001255916383363,0.0001363779
0.0001266783409022,0.00013258554
0.0001377996112823,0.00012952933
0.0002089828123471,0.00012873518
0.0002317269966577,0.00014040417
0.00024408458927,0.00015561692
0.0002549495098137,0.00017203826
0.0002642468504868,0.00018901522
0.0002596241559517,0.00020576369
0.000245294023224,0.00021936768
0.0002450033852641,0.00022768172
0.0002438198536865,0.00023311841
0.0002468589027308,0.00023536825
0.0002503524414962,0.00023641915
0.00023788970057009998,0.00023713378
0.0002396425065162,0.00023514443
0.0002177651148004,0.00023347544
0.0002138286576127,0.00022800159
0.000213747058473,0.00022230948
0.0002075738915584,0.0002173358
0.00020496006844900004,0.00021206336
0.0002100688630594,0.00020725153
0.000199848427752,0.00020431165
0.0001907700305575,0.000200286
0.0001967626876667,0.00019541057
0.00012187802560929999,0.00019247965
0.00010097592372,0.00017719637
8.220082716480665e-05,0.00016048709
8.43201308756444e-05,0.00014404296
7.652960088270449e-05,0.0001306618
8.447854269580165e-05,0.00011868993
8.093495783619557e-05,0.00010989166
8.136632231587606e-05,0.00010239405
9.726534096138846e-05,9.645649e-05
9.177902334286793e-05,9.388486e-05
9.416330551381441e-05,9.156775e-05
0.0001077851142677,9.0312285e-05
0.00010571251018530002,9.23996e-05
0.00010993114379310001,9.4360126e-05
0.00010454077526589999,9.691914e-05
0.0001046380397493,9.833282e-05
0.00010419697583,9.9625184e-05
0.0001303731056762,0.00010051479
0.000127695483349,0.00010522286
0.0001423824879347,0.00010884981
0.0001484290148321,0.00011424206
0.000131578049367,0.00012000783
0.0001341689312852,0.00012210214
0.0001316589038539,0.00012408744
0.0001309254961662,0.00012518806
0.000123135352427,0.00012576036
0.0001371419579464,0.0001247827
0.0001277941515013,0.00012599085
0.0001289770628582,0.00012533573
0.0001350879182673,0.00012472307
0.000122053857579,0.00012520015
0.0001359075904192,0.00012345712
0.0001313431790778,0.00012420726
0.0001325065399372,0.00012431228
0.0001362659801793,0.00012460745
0.0001379440281396,0.00012553214
0.0001372004598566,0.00012663189
0.0001369455882856,0.00012751111
0.0001401680282774,0.00012811898
0.00011579761833099998,0.00012922628
0.0001132643815434,0.00012614173
0.00010250087069660001,0.00012292778
9.950333233118958e-05,0.00011849107
0.00010298255099460001,0.00011412155
0.0001007337044438,0.00011093249
0.0001007177691248,0.00010795253
0.0001011341657427,0.000105446794
9.902755419502512e-05,0.00010344507
9.450034447326902e-05,0.00010159416
9.774879235571185e-05,9.9563e-05
9.705317832429249e-05,9.839267e-05
0.0001017274243988,9.7694094e-05
0.00010166208765210002,9.782774e-05
8.818370588254402e-05,9.808902e-05
8.871570369588256e-05,9.654859e-05
7.987667502355335e-05,9.525484e-05
8.368120991375131e-05,9.3083276e-05
7.918471576654026e-05,9.170798e-05
8.392143721417472e-05,9.000294e-05
8.35305399988241e-05,8.9133595e-05
8.003393422194806e-05,8.838032e-05
8.933997040441898e-05,8.728378e-05
9.249964564610262e-05,8.7479035e-05
9.783096655074788e-05,8.805392e-05
9.901979594995594e-05,8.934363e-05
9.565598716081092e-05,9.087073e-05
9.528375300562957e-05,9.178686e-05
9.603193865777847e-05,9.2642396e-05
9.626515954344553e-05,9.3429255e-05
9.159797668418149e-05,9.416926e-05
7.831526816821662e-05,9.409604e-05
8.007218828372638e-05,9.230454e-05
8.071697420081464e-05,9.098027e-05
7.277905487930671e-05,8.9749665e-05
6.92986717534751e-05,8.770765e-05
6.862067873448507e-05,8.549923e-05
6.726946051108487e-05,8.3536244e-05
6.112918702068075e-05,8.176424e-05
5.288292006324192e-05,7.961819e-05
5.616767288003365e-05,7.695906e-05
0.0001005789242731,7.507819e-05
0.00010332249847079998,7.8527744e-05
0.00011242266499240001,8.208377e-05
0.0001418025036339,8.653519e-05
0.0001487519840007,9.513394e-05
0.0001629354177981,0.00010416025
0.0001630044143153,0.00011487693
0.0001694215873772,0.00012447075
0.000170493221174,0.00013392055
0.0001988779632481,0.000142146
0.0002005357462652,0.00015383621
0.0002061690642473,0.00016368924
0.0002172133456562,0.00017230869
0.00021207812982449998,0.00018121777
0.00021096248935559996,0.00018745007
0.000260654535133,0.0001919793
0.0003241206178302,0.00020437156
0.0003760933621666,0.0002268149
0.0003812414734745,0.0002560289
0.00038884572529759994,0.00028334407
0.0004116848967886,0.00030839563
0.00040656291515490006,0.00033327416
0.0003599636334475,0.00035239474
0.0003700456903796,0.00035814897
0.0003610772577799,0.0003617275
0.0003527770927764,0.00036078988
0.0003438022855825,0.0003567003
0.0003272765490271,0.00035057968
0.0003282102855353,0.00034195642
0.0003304961812301,0.00033433316
0.0003318218157932,0.00032864427
0.0003462526199118,0.0003246608
0.0003430580229676,0.00032430608
0.0003384719738308,0.00032425064
0.0003287525220848,0.00032417642
0.0003311777049945,0.0003224913
0.0003336310104968,0.0003214169
0.000323110712576,0.00032088326
0.0002597014512876,0.00031851383
0.00021057133174660003,0.00030478335
0.0002225390413838,0.000282793
0.0002135469333711,0.0002650895
0.00019007516613369998,0.00024861487
0.00019012571802029998,0.00023089087
0.0001925445973078,0.00021641451
0.00020284813942430003,0.00020540094
0.00020246539844279997,0.00019899377
0.0001712012442803,0.00019462516
0.000170085906016,0.00018634343
0.0001794570251127,0.00017958137
0.0001816130034094,0.00017617084
0.0001733564185375,0.00017425884
0.0001707504696874,0.00017138424
0.0001332639774347,0.0001686963
0.0001347907738922,0.00016013542
0.0001351431172524,0.00015289603
0.0001338314200474,0.00014679623
0.0001412719251776,0.00014149254
0.0001388076470325,0.00013843115
9.886370834648197e-05,0.00013596671
0.0001067802368597,0.0001278909
0.0001084945067588,0.00012210554
9.06809977901284e-05,0.0001175741
9.056190577436366e-05,0.00011159578
9.309206931361428e-05,0.0001066943
0.00010762291744739999,0.00010335288
0.00010317290423060002,0.00010247433
7.966320362451124e-05,0.00010124938
8.888664957115927e-05,9.734325e-05
8.80304909179419e-05,9.523116e-05
8.854717486804213e-05,9.350875e-05
8.347680140589017e-05,9.264197e-05
7.659204216055052e-05,9.122493e-05
7.847651960306725e-05,8.9241374e-05
7.873690404488207e-05,8.798521e-05
7.386145968283009e-05,8.691117e-05
8.326278795979286e-05,8.5386964e-05
8.188339901260071e-05,8.504211e-05
8.202452916242505e-05,8.471838e-05
8.437990185808948e-05,8.477273e-05
8.590273085593775e-05,8.498075e-05
8.385517281029892e-05,8.539237e-05
8.984970888828449e-05,8.554436e-05
0.0002118788004056,8.6508364e-05
0.0002147181658512,0.000106545376
0.0002151634345491,0.00012537715
0.0002169605111931,0.00014280582
0.0002221153397761,0.00015887644
0.00022778210054040003,0.00017358127
0.0002386843685966,0.00018685801
0.0002391279155479,0.00019959618
0.0002383874934998,0.0002098488
0.0002400696403685,0.0002168351
0.00022874123638329998,0.00022132901
0.0002367530244408,0.00022202641
0.00024298631140659996,0.00022326232
0.0002474830762967,0.00022523223
0.0002523201928643,0.0002276669
0.0002417381811592,0.00023062508
0.0002413496969601,0.00023124738
0.0002418913538904,0.0002314784
0.00023582484330460002,0.00023157218
0.00023429256306239997,0.00023039864
0.0002455990195763,0.00022893479
0.0002316477659288,0.00022959731
0.000106920403637,0.00022777416
0.0001048079168295,0.0002036955
0.0001054346029352,0.0001818595
0.00010821383852309998,0.00016358572
8.944383191419452e-05,0.00014879018
8.504787658558862e-05,0.00013432844
8.047470897400513e-05,0.00012205868
0.000156743171516,0.000111606976
0.0001570827475155,0.00011377268
0.0001603353199368,0.000116991396
0.0001602546682083,0.00012165992
0.0001581741274351,0.00012717921
0.0001550778005158,0.00013300475
0.0001567612212774,0.00013746519
0.0001513307504087,0.00014131058
0.0001520718238878,0.00014329626
